/home/xinyue.li/Mitosis/midi_yinyang/transformers_roformer_moe/src/transformers/models/roformer/grouped_gemm_util.py:3: UserWarning: pkg_resources is deprecated as an API. See https://setuptools.pypa.io/en/latest/pkg_resources.html. The pkg_resources package is slated for removal as early as 2025-11-30. Refrain from using this package or pin to Setuptools<81.
  from pkg_resources import packaging
Pairing: 95 matched, 0 unmatched, processing 95 songs.
[ckpt] auto-selected m2c_duet_block_diffusion_v1.2_large_gnl12_K4mg_melchord_cp4tar_batch_8_schedule.epoch=00.val_loss=0.33640.ckpt (val_loss=0.33640) from 1 val_loss-tagged ckpt(s) in ckpt/m2c_duet_block_diffusion_v1.2_large_gnl12_K4mg_melchord_cp4tar_batch_8_schedule/
[load_model] global_num_layers=12 (auto-detected from filename)
[load_model] slot_rope_aligned=True time_rope_aligned=True (v1.2 time-aligned scheme)
[load_model] moe_modality_bias=False
[load_model] moe_modality_gates=True (A.2.moe_permod)
[load_model] moe_modality_hard_route=False
[load_model] token_level_mask=False
[load_model] query_block=1
[load_model] slot_sees_prev_frame=False
[load_model] diffusion_K=4 (inferred from k_emb_m)
[load_model] missing keys (14): ['agree_head_flag', 'sc_ar_frac_flag', 'sc_k_consistent_flag', 'sc_draft_temp_flag', 'sym_k_flag']...
[main] preserve_program=True  min_chord_tokens_before_eos=0

[1/95] 001
  mode=co
[gen] A3_REFINE_STEPS=4 (env override)
[gen] A3_FINAL_TEMP=0.9 (env override)
[gen] A3_TOP_P=0.95 (nucleus sampling)
[gen] step 0/416  (K_refine=4)
[gen] step 10/416  (K_refine=4)
[gen] step 20/416  (K_refine=4)
[gen] step 30/416  (K_refine=4)
[gen] step 40/416  (K_refine=4)
[gen] step 50/416  (K_refine=4)
[gen] step 60/416  (K_refine=4)
[gen] step 70/416  (K_refine=4)
[gen] step 80/416  (K_refine=4)
[gen] step 90/416  (K_refine=4)
[gen] step 100/416  (K_refine=4)
[gen] step 110/416  (K_refine=4)
[gen] step 120/416  (K_refine=4)
[gen] step 130/416  (K_refine=4)
[gen] step 140/416  (K_refine=4)
[gen] step 150/416  (K_refine=4)
[gen] step 160/416  (K_refine=4)
[gen] step 170/416  (K_refine=4)
[gen] step 180/416  (K_refine=4)
[gen] step 190/416  (K_refine=4)
[gen] step 200/416  (K_refine=4)
[gen] step 210/416  (K_refine=4)
[gen] step 220/416  (K_refine=4)
[gen] step 230/416  (K_refine=4)
[gen] step 240/416  (K_refine=4)
[gen] step 250/416  (K_refine=4)
[gen] step 260/416  (K_refine=4)
[gen] step 270/416  (K_refine=4)
[gen] step 280/416  (K_refine=4)
[gen] step 290/416  (K_refine=4)
[gen] step 300/416  (K_refine=4)
[gen] step 310/416  (K_refine=4)
[gen] step 320/416  (K_refine=4)
[gen] step 330/416  (K_refine=4)
[gen] step 340/416  (K_refine=4)
[gen] step 350/416  (K_refine=4)
[gen] step 360/416  (K_refine=4)
[gen] step 370/416  (K_refine=4)
[gen] step 380/416  (K_refine=4)
[gen] step 390/416  (K_refine=4)
[gen] step 400/416  (K_refine=4)
[gen] step 410/416  (K_refine=4)
    -> temp/E1_v5b/A3/001/co/sample_0_temp1.0.mid
[gen] A3_REFINE_STEPS=4 (env override)
[gen] A3_FINAL_TEMP=0.9 (env override)
[gen] A3_TOP_P=0.95 (nucleus sampling)
[gen] step 0/416  (K_refine=4)
[gen] step 10/416  (K_refine=4)
[gen] step 20/416  (K_refine=4)
[gen] step 30/416  (K_refine=4)
[gen] step 40/416  (K_refine=4)
[gen] step 50/416  (K_refine=4)
[gen] step 60/416  (K_refine=4)
[gen] step 70/416  (K_refine=4)
[gen] step 80/416  (K_refine=4)
[gen] step 90/416  (K_refine=4)
[gen] step 100/416  (K_refine=4)
[gen] step 110/416  (K_refine=4)
[gen] step 120/416  (K_refine=4)
[gen] step 130/416  (K_refine=4)
[gen] step 140/416  (K_refine=4)
[gen] step 150/416  (K_refine=4)
[gen] step 160/416  (K_refine=4)
[gen] step 170/416  (K_refine=4)
[gen] step 180/416  (K_refine=4)
[gen] step 190/416  (K_refine=4)
[gen] step 200/416  (K_refine=4)
[gen] step 210/416  (K_refine=4)
[gen] step 220/416  (K_refine=4)
[gen] step 230/416  (K_refine=4)
[gen] step 240/416  (K_refine=4)
[gen] step 250/416  (K_refine=4)
[gen] step 260/416  (K_refine=4)
[gen] step 270/416  (K_refine=4)
[gen] step 280/416  (K_refine=4)
[gen] step 290/416  (K_refine=4)
[gen] step 300/416  (K_refine=4)
[gen] step 310/416  (K_refine=4)
[gen] step 320/416  (K_refine=4)
[gen] step 330/416  (K_refine=4)
[gen] step 340/416  (K_refine=4)
[gen] step 350/416  (K_refine=4)
[gen] step 360/416  (K_refine=4)
[gen] step 370/416  (K_refine=4)
[gen] step 380/416  (K_refine=4)
[gen] step 390/416  (K_refine=4)
[gen] step 400/416  (K_refine=4)
[gen] step 410/416  (K_refine=4)
    -> temp/E1_v5b/A3/001/co/sample_1_temp1.0.mid
[gen] A3_REFINE_STEPS=4 (env override)
[gen] A3_FINAL_TEMP=0.9 (env override)
[gen] A3_TOP_P=0.95 (nucleus sampling)
[gen] step 0/416  (K_refine=4)
[gen] step 10/416  (K_refine=4)
[gen] step 20/416  (K_refine=4)
[gen] step 30/416  (K_refine=4)
[gen] step 40/416  (K_refine=4)
[gen] step 50/416  (K_refine=4)
[gen] step 60/416  (K_refine=4)
[gen] step 70/416  (K_refine=4)
[gen] step 80/416  (K_refine=4)
[gen] step 90/416  (K_refine=4)
[gen] step 100/416  (K_refine=4)
[gen] step 110/416  (K_refine=4)
[gen] step 120/416  (K_refine=4)
[gen] step 130/416  (K_refine=4)
[gen] step 140/416  (K_refine=4)
[gen] step 150/416  (K_refine=4)
[gen] step 160/416  (K_refine=4)
[gen] step 170/416  (K_refine=4)
[gen] step 180/416  (K_refine=4)
[gen] step 190/416  (K_refine=4)
[gen] step 200/416  (K_refine=4)
[gen] step 210/416  (K_refine=4)
[gen] step 220/416  (K_refine=4)
[gen] step 230/416  (K_refine=4)
[gen] step 240/416  (K_refine=4)
[gen] step 250/416  (K_refine=4)
[gen] step 260/416  (K_refine=4)
[gen] step 270/416  (K_refine=4)
[gen] step 280/416  (K_refine=4)
[gen] step 290/416  (K_refine=4)
[gen] step 300/416  (K_refine=4)
[gen] step 310/416  (K_refine=4)
[gen] step 320/416  (K_refine=4)
[gen] step 330/416  (K_refine=4)
[gen] step 340/416  (K_refine=4)
[gen] step 350/416  (K_refine=4)
[gen] step 360/416  (K_refine=4)
[gen] step 370/416  (K_refine=4)
[gen] step 380/416  (K_refine=4)
[gen] step 390/416  (K_refine=4)
[gen] step 400/416  (K_refine=4)
[gen] step 410/416  (K_refine=4)
    -> temp/E1_v5b/A3/001/co/sample_2_temp1.0.mid

[2/95] 002
  mode=co
[gen] A3_REFINE_STEPS=4 (env override)
[gen] A3_FINAL_TEMP=0.9 (env override)
[gen] A3_TOP_P=0.95 (nucleus sampling)
[gen] step 0/416  (K_refine=4)
[gen] step 10/416  (K_refine=4)
[gen] step 20/416  (K_refine=4)
[gen] step 30/416  (K_refine=4)
[gen] step 40/416  (K_refine=4)
[gen] step 50/416  (K_refine=4)
[gen] step 60/416  (K_refine=4)
[gen] step 70/416  (K_refine=4)
[gen] step 80/416  (K_refine=4)
[gen] step 90/416  (K_refine=4)
[gen] step 100/416  (K_refine=4)
[gen] step 110/416  (K_refine=4)
[gen] step 120/416  (K_refine=4)
[gen] step 130/416  (K_refine=4)
[gen] step 140/416  (K_refine=4)
[gen] step 150/416  (K_refine=4)
[gen] step 160/416  (K_refine=4)
[gen] step 170/416  (K_refine=4)
[gen] step 180/416  (K_refine=4)
[gen] step 190/416  (K_refine=4)
[gen] step 200/416  (K_refine=4)
[gen] step 210/416  (K_refine=4)
[gen] step 220/416  (K_refine=4)
[gen] step 230/416  (K_refine=4)
[gen] step 240/416  (K_refine=4)
[gen] step 250/416  (K_refine=4)
[gen] step 260/416  (K_refine=4)
[gen] step 270/416  (K_refine=4)
[gen] step 280/416  (K_refine=4)
[gen] step 290/416  (K_refine=4)
[gen] step 300/416  (K_refine=4)
[gen] step 310/416  (K_refine=4)
[gen] step 320/416  (K_refine=4)
[gen] step 330/416  (K_refine=4)
[gen] step 340/416  (K_refine=4)
[gen] step 350/416  (K_refine=4)
[gen] step 360/416  (K_refine=4)
[gen] step 370/416  (K_refine=4)
[gen] step 380/416  (K_refine=4)
[gen] step 390/416  (K_refine=4)
[gen] step 400/416  (K_refine=4)
[gen] step 410/416  (K_refine=4)
    -> temp/E1_v5b/A3/002/co/sample_0_temp1.0.mid
[gen] A3_REFINE_STEPS=4 (env override)
[gen] A3_FINAL_TEMP=0.9 (env override)
[gen] A3_TOP_P=0.95 (nucleus sampling)
[gen] step 0/416  (K_refine=4)
[gen] step 10/416  (K_refine=4)
[gen] step 20/416  (K_refine=4)
[gen] step 30/416  (K_refine=4)
[gen] step 40/416  (K_refine=4)
[gen] step 50/416  (K_refine=4)
[gen] step 60/416  (K_refine=4)
[gen] step 70/416  (K_refine=4)
[gen] step 80/416  (K_refine=4)
[gen] step 90/416  (K_refine=4)
[gen] step 100/416  (K_refine=4)
[gen] step 110/416  (K_refine=4)
[gen] step 120/416  (K_refine=4)
[gen] step 130/416  (K_refine=4)
[gen] step 140/416  (K_refine=4)
[gen] step 150/416  (K_refine=4)
[gen] step 160/416  (K_refine=4)
[gen] step 170/416  (K_refine=4)
[gen] step 180/416  (K_refine=4)
[gen] step 190/416  (K_refine=4)
[gen] step 200/416  (K_refine=4)
[gen] step 210/416  (K_refine=4)
[gen] step 220/416  (K_refine=4)
[gen] step 230/416  (K_refine=4)
[gen] step 240/416  (K_refine=4)
[gen] step 250/416  (K_refine=4)
[gen] step 260/416  (K_refine=4)
[gen] step 270/416  (K_refine=4)
[gen] step 280/416  (K_refine=4)
[gen] step 290/416  (K_refine=4)
[gen] step 300/416  (K_refine=4)
[gen] step 310/416  (K_refine=4)
[gen] step 320/416  (K_refine=4)
[gen] step 330/416  (K_refine=4)
[gen] step 340/416  (K_refine=4)
[gen] step 350/416  (K_refine=4)
[gen] step 360/416  (K_refine=4)
[gen] step 370/416  (K_refine=4)
[gen] step 380/416  (K_refine=4)
[gen] step 390/416  (K_refine=4)
[gen] step 400/416  (K_refine=4)
[gen] step 410/416  (K_refine=4)
    -> temp/E1_v5b/A3/002/co/sample_1_temp1.0.mid
[gen] A3_REFINE_STEPS=4 (env override)
[gen] A3_FINAL_TEMP=0.9 (env override)
[gen] A3_TOP_P=0.95 (nucleus sampling)
[gen] step 0/416  (K_refine=4)
[gen] step 10/416  (K_refine=4)
[gen] step 20/416  (K_refine=4)
[gen] step 30/416  (K_refine=4)
[gen] step 40/416  (K_refine=4)
[gen] step 50/416  (K_refine=4)
[gen] step 60/416  (K_refine=4)
[gen] step 70/416  (K_refine=4)
[gen] step 80/416  (K_refine=4)
[gen] step 90/416  (K_refine=4)
[gen] step 100/416  (K_refine=4)
[gen] step 110/416  (K_refine=4)
[gen] step 120/416  (K_refine=4)
[gen] step 130/416  (K_refine=4)
[gen] step 140/416  (K_refine=4)
[gen] step 150/416  (K_refine=4)
[gen] step 160/416  (K_refine=4)
[gen] step 170/416  (K_refine=4)
[gen] step 180/416  (K_refine=4)
[gen] step 190/416  (K_refine=4)
[gen] step 200/416  (K_refine=4)
[gen] step 210/416  (K_refine=4)
[gen] step 220/416  (K_refine=4)
[gen] step 230/416  (K_refine=4)
[gen] step 240/416  (K_refine=4)
[gen] step 250/416  (K_refine=4)
[gen] step 260/416  (K_refine=4)
[gen] step 270/416  (K_refine=4)
[gen] step 280/416  (K_refine=4)
[gen] step 290/416  (K_refine=4)
[gen] step 300/416  (K_refine=4)
[gen] step 310/416  (K_refine=4)
[gen] step 320/416  (K_refine=4)
[gen] step 330/416  (K_refine=4)
[gen] step 340/416  (K_refine=4)
[gen] step 350/416  (K_refine=4)
[gen] step 360/416  (K_refine=4)
[gen] step 370/416  (K_refine=4)
[gen] step 380/416  (K_refine=4)
[gen] step 390/416  (K_refine=4)
[gen] step 400/416  (K_refine=4)
[gen] step 410/416  (K_refine=4)
    -> temp/E1_v5b/A3/002/co/sample_2_temp1.0.mid

[3/95] 003
  mode=co
[gen] A3_REFINE_STEPS=4 (env override)
[gen] A3_FINAL_TEMP=0.9 (env override)
[gen] A3_TOP_P=0.95 (nucleus sampling)
[gen] step 0/416  (K_refine=4)
[gen] step 10/416  (K_refine=4)
[gen] step 20/416  (K_refine=4)
[gen] step 30/416  (K_refine=4)
[gen] step 40/416  (K_refine=4)
[gen] step 50/416  (K_refine=4)
[gen] step 60/416  (K_refine=4)
[gen] step 70/416  (K_refine=4)
[gen] step 80/416  (K_refine=4)
[gen] step 90/416  (K_refine=4)
[gen] step 100/416  (K_refine=4)
[gen] step 110/416  (K_refine=4)
[gen] step 120/416  (K_refine=4)
[gen] step 130/416  (K_refine=4)
[gen] step 140/416  (K_refine=4)
[gen] step 150/416  (K_refine=4)
[gen] step 160/416  (K_refine=4)
[gen] step 170/416  (K_refine=4)
[gen] step 180/416  (K_refine=4)
[gen] step 190/416  (K_refine=4)
[gen] step 200/416  (K_refine=4)
[gen] step 210/416  (K_refine=4)
[gen] step 220/416  (K_refine=4)
[gen] step 230/416  (K_refine=4)
[gen] step 240/416  (K_refine=4)
[gen] step 250/416  (K_refine=4)
[gen] step 260/416  (K_refine=4)
[gen] step 270/416  (K_refine=4)
[gen] step 280/416  (K_refine=4)
[gen] step 290/416  (K_refine=4)
[gen] step 300/416  (K_refine=4)
[gen] step 310/416  (K_refine=4)
[gen] step 320/416  (K_refine=4)
[gen] step 330/416  (K_refine=4)
[gen] step 340/416  (K_refine=4)
[gen] step 350/416  (K_refine=4)
[gen] step 360/416  (K_refine=4)
[gen] step 370/416  (K_refine=4)
[gen] step 380/416  (K_refine=4)
[gen] step 390/416  (K_refine=4)
[gen] step 400/416  (K_refine=4)
[gen] step 410/416  (K_refine=4)
    -> temp/E1_v5b/A3/003/co/sample_0_temp1.0.mid
[gen] A3_REFINE_STEPS=4 (env override)
[gen] A3_FINAL_TEMP=0.9 (env override)
[gen] A3_TOP_P=0.95 (nucleus sampling)
[gen] step 0/416  (K_refine=4)
[gen] step 10/416  (K_refine=4)
[gen] step 20/416  (K_refine=4)
[gen] step 30/416  (K_refine=4)
[gen] step 40/416  (K_refine=4)
[gen] step 50/416  (K_refine=4)
[gen] step 60/416  (K_refine=4)
[gen] step 70/416  (K_refine=4)
[gen] step 80/416  (K_refine=4)
[gen] step 90/416  (K_refine=4)
[gen] step 100/416  (K_refine=4)
[gen] step 110/416  (K_refine=4)
[gen] step 120/416  (K_refine=4)
[gen] step 130/416  (K_refine=4)
[gen] step 140/416  (K_refine=4)
[gen] step 150/416  (K_refine=4)
[gen] step 160/416  (K_refine=4)
[gen] step 170/416  (K_refine=4)
[gen] step 180/416  (K_refine=4)
[gen] step 190/416  (K_refine=4)
[gen] step 200/416  (K_refine=4)
[gen] step 210/416  (K_refine=4)
[gen] step 220/416  (K_refine=4)
[gen] step 230/416  (K_refine=4)
[gen] step 240/416  (K_refine=4)
[gen] step 250/416  (K_refine=4)
[gen] step 260/416  (K_refine=4)
[gen] step 270/416  (K_refine=4)
[gen] step 280/416  (K_refine=4)
[gen] step 290/416  (K_refine=4)
[gen] step 300/416  (K_refine=4)
[gen] step 310/416  (K_refine=4)
[gen] step 320/416  (K_refine=4)
[gen] step 330/416  (K_refine=4)
[gen] step 340/416  (K_refine=4)
[gen] step 350/416  (K_refine=4)
[gen] step 360/416  (K_refine=4)
[gen] step 370/416  (K_refine=4)
[gen] step 380/416  (K_refine=4)
[gen] step 390/416  (K_refine=4)
[gen] step 400/416  (K_refine=4)
[gen] step 410/416  (K_refine=4)
    -> temp/E1_v5b/A3/003/co/sample_1_temp1.0.mid
[gen] A3_REFINE_STEPS=4 (env override)
[gen] A3_FINAL_TEMP=0.9 (env override)
[gen] A3_TOP_P=0.95 (nucleus sampling)
[gen] step 0/416  (K_refine=4)
[gen] step 10/416  (K_refine=4)
[gen] step 20/416  (K_refine=4)
[gen] step 30/416  (K_refine=4)
[gen] step 40/416  (K_refine=4)
[gen] step 50/416  (K_refine=4)
[gen] step 60/416  (K_refine=4)
[gen] step 70/416  (K_refine=4)
[gen] step 80/416  (K_refine=4)
[gen] step 90/416  (K_refine=4)
[gen] step 100/416  (K_refine=4)
[gen] step 110/416  (K_refine=4)
[gen] step 120/416  (K_refine=4)
[gen] step 130/416  (K_refine=4)
[gen] step 140/416  (K_refine=4)
[gen] step 150/416  (K_refine=4)
[gen] step 160/416  (K_refine=4)
[gen] step 170/416  (K_refine=4)
[gen] step 180/416  (K_refine=4)
[gen] step 190/416  (K_refine=4)
[gen] step 200/416  (K_refine=4)
[gen] step 210/416  (K_refine=4)
[gen] step 220/416  (K_refine=4)
[gen] step 230/416  (K_refine=4)
[gen] step 240/416  (K_refine=4)
[gen] step 250/416  (K_refine=4)
[gen] step 260/416  (K_refine=4)
[gen] step 270/416  (K_refine=4)
[gen] step 280/416  (K_refine=4)
[gen] step 290/416  (K_refine=4)
[gen] step 300/416  (K_refine=4)
[gen] step 310/416  (K_refine=4)
[gen] step 320/416  (K_refine=4)
[gen] step 330/416  (K_refine=4)
[gen] step 340/416  (K_refine=4)
[gen] step 350/416  (K_refine=4)
[gen] step 360/416  (K_refine=4)
[gen] step 370/416  (K_refine=4)
[gen] step 380/416  (K_refine=4)
[gen] step 390/416  (K_refine=4)
[gen] step 400/416  (K_refine=4)
[gen] step 410/416  (K_refine=4)
    -> temp/E1_v5b/A3/003/co/sample_2_temp1.0.mid

[4/95] 004
  mode=co
[gen] A3_REFINE_STEPS=4 (env override)
[gen] A3_FINAL_TEMP=0.9 (env override)
[gen] A3_TOP_P=0.95 (nucleus sampling)
[gen] step 0/416  (K_refine=4)
[gen] step 10/416  (K_refine=4)
[gen] step 20/416  (K_refine=4)
[gen] step 30/416  (K_refine=4)
[gen] step 40/416  (K_refine=4)
[gen] step 50/416  (K_refine=4)
[gen] step 60/416  (K_refine=4)
[gen] step 70/416  (K_refine=4)
[gen] step 80/416  (K_refine=4)
[gen] step 90/416  (K_refine=4)
[gen] step 100/416  (K_refine=4)
[gen] step 110/416  (K_refine=4)
[gen] step 120/416  (K_refine=4)
[gen] step 130/416  (K_refine=4)
[gen] step 140/416  (K_refine=4)
[gen] step 150/416  (K_refine=4)
[gen] step 160/416  (K_refine=4)
[gen] step 170/416  (K_refine=4)
[gen] step 180/416  (K_refine=4)
[gen] step 190/416  (K_refine=4)
[gen] step 200/416  (K_refine=4)
[gen] step 210/416  (K_refine=4)
[gen] step 220/416  (K_refine=4)
[gen] step 230/416  (K_refine=4)
[gen] step 240/416  (K_refine=4)
[gen] step 250/416  (K_refine=4)
[gen] step 260/416  (K_refine=4)
[gen] step 270/416  (K_refine=4)
[gen] step 280/416  (K_refine=4)
[gen] step 290/416  (K_refine=4)
[gen] step 300/416  (K_refine=4)
[gen] step 310/416  (K_refine=4)
[gen] step 320/416  (K_refine=4)
[gen] step 330/416  (K_refine=4)
[gen] step 340/416  (K_refine=4)
[gen] step 350/416  (K_refine=4)
[gen] step 360/416  (K_refine=4)
[gen] step 370/416  (K_refine=4)
[gen] step 380/416  (K_refine=4)
[gen] step 390/416  (K_refine=4)
[gen] step 400/416  (K_refine=4)
[gen] step 410/416  (K_refine=4)
    -> temp/E1_v5b/A3/004/co/sample_0_temp1.0.mid
[gen] A3_REFINE_STEPS=4 (env override)
[gen] A3_FINAL_TEMP=0.9 (env override)
[gen] A3_TOP_P=0.95 (nucleus sampling)
[gen] step 0/416  (K_refine=4)
[gen] step 10/416  (K_refine=4)
[gen] step 20/416  (K_refine=4)
[gen] step 30/416  (K_refine=4)
[gen] step 40/416  (K_refine=4)
[gen] step 50/416  (K_refine=4)
[gen] step 60/416  (K_refine=4)
[gen] step 70/416  (K_refine=4)
[gen] step 80/416  (K_refine=4)
[gen] step 90/416  (K_refine=4)
[gen] step 100/416  (K_refine=4)
[gen] step 110/416  (K_refine=4)
[gen] step 120/416  (K_refine=4)
[gen] step 130/416  (K_refine=4)
[gen] step 140/416  (K_refine=4)
[gen] step 150/416  (K_refine=4)
[gen] step 160/416  (K_refine=4)
[gen] step 170/416  (K_refine=4)
[gen] step 180/416  (K_refine=4)
[gen] step 190/416  (K_refine=4)
[gen] step 200/416  (K_refine=4)
[gen] step 210/416  (K_refine=4)
[gen] step 220/416  (K_refine=4)
[gen] step 230/416  (K_refine=4)
[gen] step 240/416  (K_refine=4)
[gen] step 250/416  (K_refine=4)
[gen] step 260/416  (K_refine=4)
[gen] step 270/416  (K_refine=4)
[gen] step 280/416  (K_refine=4)
[gen] step 290/416  (K_refine=4)
[gen] step 300/416  (K_refine=4)
[gen] step 310/416  (K_refine=4)
[gen] step 320/416  (K_refine=4)
[gen] step 330/416  (K_refine=4)
[gen] step 340/416  (K_refine=4)
[gen] step 350/416  (K_refine=4)
[gen] step 360/416  (K_refine=4)
[gen] step 370/416  (K_refine=4)
[gen] step 380/416  (K_refine=4)
[gen] step 390/416  (K_refine=4)
[gen] step 400/416  (K_refine=4)
[gen] step 410/416  (K_refine=4)
    -> temp/E1_v5b/A3/004/co/sample_1_temp1.0.mid
[gen] A3_REFINE_STEPS=4 (env override)
[gen] A3_FINAL_TEMP=0.9 (env override)
[gen] A3_TOP_P=0.95 (nucleus sampling)
[gen] step 0/416  (K_refine=4)
[gen] step 10/416  (K_refine=4)
[gen] step 20/416  (K_refine=4)
[gen] step 30/416  (K_refine=4)
[gen] step 40/416  (K_refine=4)
[gen] step 50/416  (K_refine=4)
[gen] step 60/416  (K_refine=4)
[gen] step 70/416  (K_refine=4)
[gen] step 80/416  (K_refine=4)
[gen] step 90/416  (K_refine=4)
[gen] step 100/416  (K_refine=4)
[gen] step 110/416  (K_refine=4)
[gen] step 120/416  (K_refine=4)
[gen] step 130/416  (K_refine=4)
[gen] step 140/416  (K_refine=4)
[gen] step 150/416  (K_refine=4)
[gen] step 160/416  (K_refine=4)
[gen] step 170/416  (K_refine=4)
[gen] step 180/416  (K_refine=4)
[gen] step 190/416  (K_refine=4)
[gen] step 200/416  (K_refine=4)
[gen] step 210/416  (K_refine=4)
[gen] step 220/416  (K_refine=4)
[gen] step 230/416  (K_refine=4)
[gen] step 240/416  (K_refine=4)
[gen] step 250/416  (K_refine=4)
[gen] step 260/416  (K_refine=4)
[gen] step 270/416  (K_refine=4)
[gen] step 280/416  (K_refine=4)
[gen] step 290/416  (K_refine=4)
[gen] step 300/416  (K_refine=4)
[gen] step 310/416  (K_refine=4)
[gen] step 320/416  (K_refine=4)
[gen] step 330/416  (K_refine=4)
[gen] step 340/416  (K_refine=4)
[gen] step 350/416  (K_refine=4)
[gen] step 360/416  (K_refine=4)
[gen] step 370/416  (K_refine=4)
[gen] step 380/416  (K_refine=4)
[gen] step 390/416  (K_refine=4)
[gen] step 400/416  (K_refine=4)
[gen] step 410/416  (K_refine=4)
    -> temp/E1_v5b/A3/004/co/sample_2_temp1.0.mid

[5/95] 005
  mode=co
[gen] A3_REFINE_STEPS=4 (env override)
[gen] A3_FINAL_TEMP=0.9 (env override)
[gen] A3_TOP_P=0.95 (nucleus sampling)
[gen] step 0/416  (K_refine=4)
[gen] step 10/416  (K_refine=4)
[gen] step 20/416  (K_refine=4)
[gen] step 30/416  (K_refine=4)
[gen] step 40/416  (K_refine=4)
[gen] step 50/416  (K_refine=4)
[gen] step 60/416  (K_refine=4)
[gen] step 70/416  (K_refine=4)
[gen] step 80/416  (K_refine=4)
[gen] step 90/416  (K_refine=4)
[gen] step 100/416  (K_refine=4)
[gen] step 110/416  (K_refine=4)
[gen] step 120/416  (K_refine=4)
[gen] step 130/416  (K_refine=4)
[gen] step 140/416  (K_refine=4)
[gen] step 150/416  (K_refine=4)
[gen] step 160/416  (K_refine=4)
[gen] step 170/416  (K_refine=4)
[gen] step 180/416  (K_refine=4)
[gen] step 190/416  (K_refine=4)
[gen] step 200/416  (K_refine=4)
[gen] step 210/416  (K_refine=4)
[gen] step 220/416  (K_refine=4)
[gen] step 230/416  (K_refine=4)
[gen] step 240/416  (K_refine=4)
[gen] step 250/416  (K_refine=4)
[gen] step 260/416  (K_refine=4)
[gen] step 270/416  (K_refine=4)
[gen] step 280/416  (K_refine=4)
[gen] step 290/416  (K_refine=4)
[gen] step 300/416  (K_refine=4)
[gen] step 310/416  (K_refine=4)
[gen] step 320/416  (K_refine=4)
[gen] step 330/416  (K_refine=4)
[gen] step 340/416  (K_refine=4)
[gen] step 350/416  (K_refine=4)
[gen] step 360/416  (K_refine=4)
[gen] step 370/416  (K_refine=4)
[gen] step 380/416  (K_refine=4)
[gen] step 390/416  (K_refine=4)
[gen] step 400/416  (K_refine=4)
[gen] step 410/416  (K_refine=4)
    -> temp/E1_v5b/A3/005/co/sample_0_temp1.0.mid
[gen] A3_REFINE_STEPS=4 (env override)
[gen] A3_FINAL_TEMP=0.9 (env override)
[gen] A3_TOP_P=0.95 (nucleus sampling)
[gen] step 0/416  (K_refine=4)
[gen] step 10/416  (K_refine=4)
[gen] step 20/416  (K_refine=4)
[gen] step 30/416  (K_refine=4)
[gen] step 40/416  (K_refine=4)
[gen] step 50/416  (K_refine=4)
[gen] step 60/416  (K_refine=4)
[gen] step 70/416  (K_refine=4)
[gen] step 80/416  (K_refine=4)
[gen] step 90/416  (K_refine=4)
[gen] step 100/416  (K_refine=4)
[gen] step 110/416  (K_refine=4)
[gen] step 120/416  (K_refine=4)
[gen] step 130/416  (K_refine=4)
[gen] step 140/416  (K_refine=4)
[gen] step 150/416  (K_refine=4)
[gen] step 160/416  (K_refine=4)
[gen] step 170/416  (K_refine=4)
[gen] step 180/416  (K_refine=4)
[gen] step 190/416  (K_refine=4)
[gen] step 200/416  (K_refine=4)
[gen] step 210/416  (K_refine=4)
[gen] step 220/416  (K_refine=4)
[gen] step 230/416  (K_refine=4)
[gen] step 240/416  (K_refine=4)
[gen] step 250/416  (K_refine=4)
[gen] step 260/416  (K_refine=4)
[gen] step 270/416  (K_refine=4)
[gen] step 280/416  (K_refine=4)
[gen] step 290/416  (K_refine=4)
[gen] step 300/416  (K_refine=4)
[gen] step 310/416  (K_refine=4)
[gen] step 320/416  (K_refine=4)
[gen] step 330/416  (K_refine=4)
[gen] step 340/416  (K_refine=4)
[gen] step 350/416  (K_refine=4)
[gen] step 360/416  (K_refine=4)
[gen] step 370/416  (K_refine=4)
[gen] step 380/416  (K_refine=4)
[gen] step 390/416  (K_refine=4)
[gen] step 400/416  (K_refine=4)
[gen] step 410/416  (K_refine=4)
    -> temp/E1_v5b/A3/005/co/sample_1_temp1.0.mid
[gen] A3_REFINE_STEPS=4 (env override)
[gen] A3_FINAL_TEMP=0.9 (env override)
[gen] A3_TOP_P=0.95 (nucleus sampling)
[gen] step 0/416  (K_refine=4)
[gen] step 10/416  (K_refine=4)
[gen] step 20/416  (K_refine=4)
[gen] step 30/416  (K_refine=4)
[gen] step 40/416  (K_refine=4)
[gen] step 50/416  (K_refine=4)
[gen] step 60/416  (K_refine=4)
[gen] step 70/416  (K_refine=4)
[gen] step 80/416  (K_refine=4)
[gen] step 90/416  (K_refine=4)
[gen] step 100/416  (K_refine=4)
[gen] step 110/416  (K_refine=4)
[gen] step 120/416  (K_refine=4)
[gen] step 130/416  (K_refine=4)
[gen] step 140/416  (K_refine=4)
[gen] step 150/416  (K_refine=4)
[gen] step 160/416  (K_refine=4)
[gen] step 170/416  (K_refine=4)
[gen] step 180/416  (K_refine=4)
[gen] step 190/416  (K_refine=4)
[gen] step 200/416  (K_refine=4)
[gen] step 210/416  (K_refine=4)
[gen] step 220/416  (K_refine=4)
[gen] step 230/416  (K_refine=4)
[gen] step 240/416  (K_refine=4)
[gen] step 250/416  (K_refine=4)
[gen] step 260/416  (K_refine=4)
[gen] step 270/416  (K_refine=4)
[gen] step 280/416  (K_refine=4)
[gen] step 290/416  (K_refine=4)
[gen] step 300/416  (K_refine=4)
[gen] step 310/416  (K_refine=4)
[gen] step 320/416  (K_refine=4)
[gen] step 330/416  (K_refine=4)
[gen] step 340/416  (K_refine=4)
[gen] step 350/416  (K_refine=4)
[gen] step 360/416  (K_refine=4)
[gen] step 370/416  (K_refine=4)
[gen] step 380/416  (K_refine=4)
[gen] step 390/416  (K_refine=4)
[gen] step 400/416  (K_refine=4)
[gen] step 410/416  (K_refine=4)
    -> temp/E1_v5b/A3/005/co/sample_2_temp1.0.mid

[6/95] 006
  mode=co
[gen] A3_REFINE_STEPS=4 (env override)
[gen] A3_FINAL_TEMP=0.9 (env override)
[gen] A3_TOP_P=0.95 (nucleus sampling)
[gen] step 0/416  (K_refine=4)
[gen] step 10/416  (K_refine=4)
[gen] step 20/416  (K_refine=4)
[gen] step 30/416  (K_refine=4)
[gen] step 40/416  (K_refine=4)
[gen] step 50/416  (K_refine=4)
[gen] step 60/416  (K_refine=4)
[gen] step 70/416  (K_refine=4)
[gen] step 80/416  (K_refine=4)
[gen] step 90/416  (K_refine=4)
[gen] step 100/416  (K_refine=4)
[gen] step 110/416  (K_refine=4)
[gen] step 120/416  (K_refine=4)
[gen] step 130/416  (K_refine=4)
[gen] step 140/416  (K_refine=4)
[gen] step 150/416  (K_refine=4)
[gen] step 160/416  (K_refine=4)
[gen] step 170/416  (K_refine=4)
[gen] step 180/416  (K_refine=4)
[gen] step 190/416  (K_refine=4)
[gen] step 200/416  (K_refine=4)
[gen] step 210/416  (K_refine=4)
[gen] step 220/416  (K_refine=4)
[gen] step 230/416  (K_refine=4)
[gen] step 240/416  (K_refine=4)
[gen] step 250/416  (K_refine=4)
[gen] step 260/416  (K_refine=4)
[gen] step 270/416  (K_refine=4)
[gen] step 280/416  (K_refine=4)
[gen] step 290/416  (K_refine=4)
[gen] step 300/416  (K_refine=4)
[gen] step 310/416  (K_refine=4)
[gen] step 320/416  (K_refine=4)
[gen] step 330/416  (K_refine=4)
[gen] step 340/416  (K_refine=4)
[gen] step 350/416  (K_refine=4)
[gen] step 360/416  (K_refine=4)
[gen] step 370/416  (K_refine=4)
[gen] step 380/416  (K_refine=4)
[gen] step 390/416  (K_refine=4)
[gen] step 400/416  (K_refine=4)
[gen] step 410/416  (K_refine=4)
    -> temp/E1_v5b/A3/006/co/sample_0_temp1.0.mid
[gen] A3_REFINE_STEPS=4 (env override)
[gen] A3_FINAL_TEMP=0.9 (env override)
[gen] A3_TOP_P=0.95 (nucleus sampling)
[gen] step 0/416  (K_refine=4)
[gen] step 10/416  (K_refine=4)
[gen] step 20/416  (K_refine=4)
[gen] step 30/416  (K_refine=4)
[gen] step 40/416  (K_refine=4)
[gen] step 50/416  (K_refine=4)
[gen] step 60/416  (K_refine=4)
[gen] step 70/416  (K_refine=4)
[gen] step 80/416  (K_refine=4)
[gen] step 90/416  (K_refine=4)
[gen] step 100/416  (K_refine=4)
[gen] step 110/416  (K_refine=4)
[gen] step 120/416  (K_refine=4)
[gen] step 130/416  (K_refine=4)
[gen] step 140/416  (K_refine=4)
[gen] step 150/416  (K_refine=4)
[gen] step 160/416  (K_refine=4)
[gen] step 170/416  (K_refine=4)
[gen] step 180/416  (K_refine=4)
[gen] step 190/416  (K_refine=4)
[gen] step 200/416  (K_refine=4)
[gen] step 210/416  (K_refine=4)
[gen] step 220/416  (K_refine=4)
[gen] step 230/416  (K_refine=4)
[gen] step 240/416  (K_refine=4)
[gen] step 250/416  (K_refine=4)
[gen] step 260/416  (K_refine=4)
[gen] step 270/416  (K_refine=4)
[gen] step 280/416  (K_refine=4)
[gen] step 290/416  (K_refine=4)
[gen] step 300/416  (K_refine=4)
[gen] step 310/416  (K_refine=4)
[gen] step 320/416  (K_refine=4)
[gen] step 330/416  (K_refine=4)
[gen] step 340/416  (K_refine=4)
[gen] step 350/416  (K_refine=4)
[gen] step 360/416  (K_refine=4)
[gen] step 370/416  (K_refine=4)
[gen] step 380/416  (K_refine=4)
[gen] step 390/416  (K_refine=4)
[gen] step 400/416  (K_refine=4)
[gen] step 410/416  (K_refine=4)
    -> temp/E1_v5b/A3/006/co/sample_1_temp1.0.mid
[gen] A3_REFINE_STEPS=4 (env override)
[gen] A3_FINAL_TEMP=0.9 (env override)
[gen] A3_TOP_P=0.95 (nucleus sampling)
[gen] step 0/416  (K_refine=4)
[gen] step 10/416  (K_refine=4)
[gen] step 20/416  (K_refine=4)
[gen] step 30/416  (K_refine=4)
[gen] step 40/416  (K_refine=4)
[gen] step 50/416  (K_refine=4)
[gen] step 60/416  (K_refine=4)
[gen] step 70/416  (K_refine=4)
[gen] step 80/416  (K_refine=4)
[gen] step 90/416  (K_refine=4)
[gen] step 100/416  (K_refine=4)
[gen] step 110/416  (K_refine=4)
[gen] step 120/416  (K_refine=4)
[gen] step 130/416  (K_refine=4)
[gen] step 140/416  (K_refine=4)
[gen] step 150/416  (K_refine=4)
[gen] step 160/416  (K_refine=4)
[gen] step 170/416  (K_refine=4)
[gen] step 180/416  (K_refine=4)
[gen] step 190/416  (K_refine=4)
[gen] step 200/416  (K_refine=4)
[gen] step 210/416  (K_refine=4)
[gen] step 220/416  (K_refine=4)
[gen] step 230/416  (K_refine=4)
[gen] step 240/416  (K_refine=4)
[gen] step 250/416  (K_refine=4)
[gen] step 260/416  (K_refine=4)
[gen] step 270/416  (K_refine=4)
[gen] step 280/416  (K_refine=4)
[gen] step 290/416  (K_refine=4)
[gen] step 300/416  (K_refine=4)
[gen] step 310/416  (K_refine=4)
[gen] step 320/416  (K_refine=4)
[gen] step 330/416  (K_refine=4)
[gen] step 340/416  (K_refine=4)
[gen] step 350/416  (K_refine=4)
[gen] step 360/416  (K_refine=4)
[gen] step 370/416  (K_refine=4)
[gen] step 380/416  (K_refine=4)
[gen] step 390/416  (K_refine=4)
[gen] step 400/416  (K_refine=4)
[gen] step 410/416  (K_refine=4)
    -> temp/E1_v5b/A3/006/co/sample_2_temp1.0.mid

[7/95] 016
  mode=co
[gen] A3_REFINE_STEPS=4 (env override)
[gen] A3_FINAL_TEMP=0.9 (env override)
[gen] A3_TOP_P=0.95 (nucleus sampling)
[gen] step 0/416  (K_refine=4)
[gen] step 10/416  (K_refine=4)
[gen] step 20/416  (K_refine=4)
[gen] step 30/416  (K_refine=4)
[gen] step 40/416  (K_refine=4)
[gen] step 50/416  (K_refine=4)
[gen] step 60/416  (K_refine=4)
[gen] step 70/416  (K_refine=4)
[gen] step 80/416  (K_refine=4)
[gen] step 90/416  (K_refine=4)
[gen] step 100/416  (K_refine=4)
[gen] step 110/416  (K_refine=4)
[gen] step 120/416  (K_refine=4)
[gen] step 130/416  (K_refine=4)
[gen] step 140/416  (K_refine=4)
[gen] step 150/416  (K_refine=4)
[gen] step 160/416  (K_refine=4)
[gen] step 170/416  (K_refine=4)
[gen] step 180/416  (K_refine=4)
[gen] step 190/416  (K_refine=4)
[gen] step 200/416  (K_refine=4)
[gen] step 210/416  (K_refine=4)
[gen] step 220/416  (K_refine=4)
[gen] step 230/416  (K_refine=4)
[gen] step 240/416  (K_refine=4)
[gen] step 250/416  (K_refine=4)
[gen] step 260/416  (K_refine=4)
[gen] step 270/416  (K_refine=4)
[gen] step 280/416  (K_refine=4)
[gen] step 290/416  (K_refine=4)
[gen] step 300/416  (K_refine=4)
[gen] step 310/416  (K_refine=4)
[gen] step 320/416  (K_refine=4)
[gen] step 330/416  (K_refine=4)
[gen] step 340/416  (K_refine=4)
[gen] step 350/416  (K_refine=4)
[gen] step 360/416  (K_refine=4)
[gen] step 370/416  (K_refine=4)
[gen] step 380/416  (K_refine=4)
[gen] step 390/416  (K_refine=4)
[gen] step 400/416  (K_refine=4)
[gen] step 410/416  (K_refine=4)
    -> temp/E1_v5b/A3/016/co/sample_0_temp1.0.mid
[gen] A3_REFINE_STEPS=4 (env override)
[gen] A3_FINAL_TEMP=0.9 (env override)
[gen] A3_TOP_P=0.95 (nucleus sampling)
[gen] step 0/416  (K_refine=4)
[gen] step 10/416  (K_refine=4)
[gen] step 20/416  (K_refine=4)
[gen] step 30/416  (K_refine=4)
[gen] step 40/416  (K_refine=4)
[gen] step 50/416  (K_refine=4)
[gen] step 60/416  (K_refine=4)
[gen] step 70/416  (K_refine=4)
[gen] step 80/416  (K_refine=4)
[gen] step 90/416  (K_refine=4)
[gen] step 100/416  (K_refine=4)
[gen] step 110/416  (K_refine=4)
[gen] step 120/416  (K_refine=4)
[gen] step 130/416  (K_refine=4)
[gen] step 140/416  (K_refine=4)
[gen] step 150/416  (K_refine=4)
[gen] step 160/416  (K_refine=4)
[gen] step 170/416  (K_refine=4)
[gen] step 180/416  (K_refine=4)
[gen] step 190/416  (K_refine=4)
[gen] step 200/416  (K_refine=4)
[gen] step 210/416  (K_refine=4)
[gen] step 220/416  (K_refine=4)
[gen] step 230/416  (K_refine=4)
[gen] step 240/416  (K_refine=4)
[gen] step 250/416  (K_refine=4)
[gen] step 260/416  (K_refine=4)
[gen] step 270/416  (K_refine=4)
[gen] step 280/416  (K_refine=4)
[gen] step 290/416  (K_refine=4)
[gen] step 300/416  (K_refine=4)
[gen] step 310/416  (K_refine=4)
[gen] step 320/416  (K_refine=4)
[gen] step 330/416  (K_refine=4)
[gen] step 340/416  (K_refine=4)
[gen] step 350/416  (K_refine=4)
[gen] step 360/416  (K_refine=4)
[gen] step 370/416  (K_refine=4)
[gen] step 380/416  (K_refine=4)
[gen] step 390/416  (K_refine=4)
[gen] step 400/416  (K_refine=4)
[gen] step 410/416  (K_refine=4)
    -> temp/E1_v5b/A3/016/co/sample_1_temp1.0.mid
[gen] A3_REFINE_STEPS=4 (env override)
[gen] A3_FINAL_TEMP=0.9 (env override)
[gen] A3_TOP_P=0.95 (nucleus sampling)
[gen] step 0/416  (K_refine=4)
[gen] step 10/416  (K_refine=4)
[gen] step 20/416  (K_refine=4)
[gen] step 30/416  (K_refine=4)
[gen] step 40/416  (K_refine=4)
[gen] step 50/416  (K_refine=4)
[gen] step 60/416  (K_refine=4)
[gen] step 70/416  (K_refine=4)
[gen] step 80/416  (K_refine=4)
[gen] step 90/416  (K_refine=4)
[gen] step 100/416  (K_refine=4)
[gen] step 110/416  (K_refine=4)
[gen] step 120/416  (K_refine=4)
[gen] step 130/416  (K_refine=4)
[gen] step 140/416  (K_refine=4)
[gen] step 150/416  (K_refine=4)
[gen] step 160/416  (K_refine=4)
[gen] step 170/416  (K_refine=4)
[gen] step 180/416  (K_refine=4)
[gen] step 190/416  (K_refine=4)
[gen] step 200/416  (K_refine=4)
[gen] step 210/416  (K_refine=4)
[gen] step 220/416  (K_refine=4)
[gen] step 230/416  (K_refine=4)
[gen] step 240/416  (K_refine=4)
[gen] step 250/416  (K_refine=4)
[gen] step 260/416  (K_refine=4)
[gen] step 270/416  (K_refine=4)
[gen] step 280/416  (K_refine=4)
[gen] step 290/416  (K_refine=4)
[gen] step 300/416  (K_refine=4)
[gen] step 310/416  (K_refine=4)
[gen] step 320/416  (K_refine=4)
[gen] step 330/416  (K_refine=4)
[gen] step 340/416  (K_refine=4)
[gen] step 350/416  (K_refine=4)
[gen] step 360/416  (K_refine=4)
[gen] step 370/416  (K_refine=4)
[gen] step 380/416  (K_refine=4)
[gen] step 390/416  (K_refine=4)
[gen] step 400/416  (K_refine=4)
[gen] step 410/416  (K_refine=4)
    -> temp/E1_v5b/A3/016/co/sample_2_temp1.0.mid

[8/95] 026
  mode=co
[gen] A3_REFINE_STEPS=4 (env override)
[gen] A3_FINAL_TEMP=0.9 (env override)
[gen] A3_TOP_P=0.95 (nucleus sampling)
[gen] step 0/416  (K_refine=4)
[gen] step 10/416  (K_refine=4)
[gen] step 20/416  (K_refine=4)
[gen] step 30/416  (K_refine=4)
[gen] step 40/416  (K_refine=4)
[gen] step 50/416  (K_refine=4)
[gen] step 60/416  (K_refine=4)
[gen] step 70/416  (K_refine=4)
[gen] step 80/416  (K_refine=4)
[gen] step 90/416  (K_refine=4)
[gen] step 100/416  (K_refine=4)
[gen] step 110/416  (K_refine=4)
[gen] step 120/416  (K_refine=4)
[gen] step 130/416  (K_refine=4)
[gen] step 140/416  (K_refine=4)
[gen] step 150/416  (K_refine=4)
[gen] step 160/416  (K_refine=4)
[gen] step 170/416  (K_refine=4)
[gen] step 180/416  (K_refine=4)
[gen] step 190/416  (K_refine=4)
[gen] step 200/416  (K_refine=4)
[gen] step 210/416  (K_refine=4)
[gen] step 220/416  (K_refine=4)
[gen] step 230/416  (K_refine=4)
[gen] step 240/416  (K_refine=4)
[gen] step 250/416  (K_refine=4)
[gen] step 260/416  (K_refine=4)
[gen] step 270/416  (K_refine=4)
[gen] step 280/416  (K_refine=4)
[gen] step 290/416  (K_refine=4)
[gen] step 300/416  (K_refine=4)
[gen] step 310/416  (K_refine=4)
[gen] step 320/416  (K_refine=4)
[gen] step 330/416  (K_refine=4)
[gen] step 340/416  (K_refine=4)
[gen] step 350/416  (K_refine=4)
[gen] step 360/416  (K_refine=4)
[gen] step 370/416  (K_refine=4)
[gen] step 380/416  (K_refine=4)
[gen] step 390/416  (K_refine=4)
[gen] step 400/416  (K_refine=4)
[gen] step 410/416  (K_refine=4)
    -> temp/E1_v5b/A3/026/co/sample_0_temp1.0.mid
[gen] A3_REFINE_STEPS=4 (env override)
[gen] A3_FINAL_TEMP=0.9 (env override)
[gen] A3_TOP_P=0.95 (nucleus sampling)
[gen] step 0/416  (K_refine=4)
[gen] step 10/416  (K_refine=4)
[gen] step 20/416  (K_refine=4)
[gen] step 30/416  (K_refine=4)
[gen] step 40/416  (K_refine=4)
[gen] step 50/416  (K_refine=4)
[gen] step 60/416  (K_refine=4)
[gen] step 70/416  (K_refine=4)
[gen] step 80/416  (K_refine=4)
[gen] step 90/416  (K_refine=4)
[gen] step 100/416  (K_refine=4)
[gen] step 110/416  (K_refine=4)
[gen] step 120/416  (K_refine=4)
[gen] step 130/416  (K_refine=4)
[gen] step 140/416  (K_refine=4)
[gen] step 150/416  (K_refine=4)
[gen] step 160/416  (K_refine=4)
[gen] step 170/416  (K_refine=4)
[gen] step 180/416  (K_refine=4)
[gen] step 190/416  (K_refine=4)
[gen] step 200/416  (K_refine=4)
[gen] step 210/416  (K_refine=4)
[gen] step 220/416  (K_refine=4)
[gen] step 230/416  (K_refine=4)
[gen] step 240/416  (K_refine=4)
[gen] step 250/416  (K_refine=4)
[gen] step 260/416  (K_refine=4)
[gen] step 270/416  (K_refine=4)
[gen] step 280/416  (K_refine=4)
[gen] step 290/416  (K_refine=4)
[gen] step 300/416  (K_refine=4)
[gen] step 310/416  (K_refine=4)
[gen] step 320/416  (K_refine=4)
[gen] step 330/416  (K_refine=4)
[gen] step 340/416  (K_refine=4)
[gen] step 350/416  (K_refine=4)
[gen] step 360/416  (K_refine=4)
[gen] step 370/416  (K_refine=4)
[gen] step 380/416  (K_refine=4)
[gen] step 390/416  (K_refine=4)
[gen] step 400/416  (K_refine=4)
[gen] step 410/416  (K_refine=4)
    -> temp/E1_v5b/A3/026/co/sample_1_temp1.0.mid
[gen] A3_REFINE_STEPS=4 (env override)
[gen] A3_FINAL_TEMP=0.9 (env override)
[gen] A3_TOP_P=0.95 (nucleus sampling)
[gen] step 0/416  (K_refine=4)
[gen] step 10/416  (K_refine=4)
[gen] step 20/416  (K_refine=4)
[gen] step 30/416  (K_refine=4)
[gen] step 40/416  (K_refine=4)
[gen] step 50/416  (K_refine=4)
[gen] step 60/416  (K_refine=4)
[gen] step 70/416  (K_refine=4)
[gen] step 80/416  (K_refine=4)
[gen] step 90/416  (K_refine=4)
[gen] step 100/416  (K_refine=4)
[gen] step 110/416  (K_refine=4)
[gen] step 120/416  (K_refine=4)
[gen] step 130/416  (K_refine=4)
[gen] step 140/416  (K_refine=4)
[gen] step 150/416  (K_refine=4)
[gen] step 160/416  (K_refine=4)
[gen] step 170/416  (K_refine=4)
[gen] step 180/416  (K_refine=4)
[gen] step 190/416  (K_refine=4)
[gen] step 200/416  (K_refine=4)
[gen] step 210/416  (K_refine=4)
[gen] step 220/416  (K_refine=4)
[gen] step 230/416  (K_refine=4)
[gen] step 240/416  (K_refine=4)
[gen] step 250/416  (K_refine=4)
[gen] step 260/416  (K_refine=4)
[gen] step 270/416  (K_refine=4)
[gen] step 280/416  (K_refine=4)
[gen] step 290/416  (K_refine=4)
[gen] step 300/416  (K_refine=4)
[gen] step 310/416  (K_refine=4)
[gen] step 320/416  (K_refine=4)
[gen] step 330/416  (K_refine=4)
[gen] step 340/416  (K_refine=4)
[gen] step 350/416  (K_refine=4)
[gen] step 360/416  (K_refine=4)
[gen] step 370/416  (K_refine=4)
[gen] step 380/416  (K_refine=4)
[gen] step 390/416  (K_refine=4)
[gen] step 400/416  (K_refine=4)
[gen] step 410/416  (K_refine=4)
    -> temp/E1_v5b/A3/026/co/sample_2_temp1.0.mid

[9/95] 036
  mode=co
[gen] A3_REFINE_STEPS=4 (env override)
[gen] A3_FINAL_TEMP=0.9 (env override)
[gen] A3_TOP_P=0.95 (nucleus sampling)
[gen] step 0/416  (K_refine=4)
[gen] step 10/416  (K_refine=4)
[gen] step 20/416  (K_refine=4)
[gen] step 30/416  (K_refine=4)
[gen] step 40/416  (K_refine=4)
[gen] step 50/416  (K_refine=4)
[gen] step 60/416  (K_refine=4)
[gen] step 70/416  (K_refine=4)
[gen] step 80/416  (K_refine=4)
[gen] step 90/416  (K_refine=4)
[gen] step 100/416  (K_refine=4)
[gen] step 110/416  (K_refine=4)
[gen] step 120/416  (K_refine=4)
[gen] step 130/416  (K_refine=4)
[gen] step 140/416  (K_refine=4)
[gen] step 150/416  (K_refine=4)
[gen] step 160/416  (K_refine=4)
[gen] step 170/416  (K_refine=4)
[gen] step 180/416  (K_refine=4)
[gen] step 190/416  (K_refine=4)
[gen] step 200/416  (K_refine=4)
[gen] step 210/416  (K_refine=4)
[gen] step 220/416  (K_refine=4)
[gen] step 230/416  (K_refine=4)
[gen] step 240/416  (K_refine=4)
[gen] step 250/416  (K_refine=4)
[gen] step 260/416  (K_refine=4)
[gen] step 270/416  (K_refine=4)
[gen] step 280/416  (K_refine=4)
[gen] step 290/416  (K_refine=4)
[gen] step 300/416  (K_refine=4)
[gen] step 310/416  (K_refine=4)
[gen] step 320/416  (K_refine=4)
[gen] step 330/416  (K_refine=4)
[gen] step 340/416  (K_refine=4)
[gen] step 350/416  (K_refine=4)
[gen] step 360/416  (K_refine=4)
[gen] step 370/416  (K_refine=4)
[gen] step 380/416  (K_refine=4)
[gen] step 390/416  (K_refine=4)
[gen] step 400/416  (K_refine=4)
[gen] step 410/416  (K_refine=4)
    -> temp/E1_v5b/A3/036/co/sample_0_temp1.0.mid
[gen] A3_REFINE_STEPS=4 (env override)
[gen] A3_FINAL_TEMP=0.9 (env override)
[gen] A3_TOP_P=0.95 (nucleus sampling)
[gen] step 0/416  (K_refine=4)
[gen] step 10/416  (K_refine=4)
[gen] step 20/416  (K_refine=4)
[gen] step 30/416  (K_refine=4)
[gen] step 40/416  (K_refine=4)
[gen] step 50/416  (K_refine=4)
[gen] step 60/416  (K_refine=4)
[gen] step 70/416  (K_refine=4)
[gen] step 80/416  (K_refine=4)
[gen] step 90/416  (K_refine=4)
[gen] step 100/416  (K_refine=4)
[gen] step 110/416  (K_refine=4)
[gen] step 120/416  (K_refine=4)
[gen] step 130/416  (K_refine=4)
[gen] step 140/416  (K_refine=4)
[gen] step 150/416  (K_refine=4)
[gen] step 160/416  (K_refine=4)
[gen] step 170/416  (K_refine=4)
[gen] step 180/416  (K_refine=4)
[gen] step 190/416  (K_refine=4)
[gen] step 200/416  (K_refine=4)
[gen] step 210/416  (K_refine=4)
[gen] step 220/416  (K_refine=4)
[gen] step 230/416  (K_refine=4)
[gen] step 240/416  (K_refine=4)
[gen] step 250/416  (K_refine=4)
[gen] step 260/416  (K_refine=4)
[gen] step 270/416  (K_refine=4)
[gen] step 280/416  (K_refine=4)
[gen] step 290/416  (K_refine=4)
[gen] step 300/416  (K_refine=4)
[gen] step 310/416  (K_refine=4)
[gen] step 320/416  (K_refine=4)
[gen] step 330/416  (K_refine=4)
[gen] step 340/416  (K_refine=4)
[gen] step 350/416  (K_refine=4)
[gen] step 360/416  (K_refine=4)
[gen] step 370/416  (K_refine=4)
[gen] step 380/416  (K_refine=4)
[gen] step 390/416  (K_refine=4)
[gen] step 400/416  (K_refine=4)
[gen] step 410/416  (K_refine=4)
    -> temp/E1_v5b/A3/036/co/sample_1_temp1.0.mid
[gen] A3_REFINE_STEPS=4 (env override)
[gen] A3_FINAL_TEMP=0.9 (env override)
[gen] A3_TOP_P=0.95 (nucleus sampling)
[gen] step 0/416  (K_refine=4)
[gen] step 10/416  (K_refine=4)
[gen] step 20/416  (K_refine=4)
[gen] step 30/416  (K_refine=4)
[gen] step 40/416  (K_refine=4)
[gen] step 50/416  (K_refine=4)
[gen] step 60/416  (K_refine=4)
[gen] step 70/416  (K_refine=4)
[gen] step 80/416  (K_refine=4)
[gen] step 90/416  (K_refine=4)
[gen] step 100/416  (K_refine=4)
[gen] step 110/416  (K_refine=4)
[gen] step 120/416  (K_refine=4)
[gen] step 130/416  (K_refine=4)
[gen] step 140/416  (K_refine=4)
[gen] step 150/416  (K_refine=4)
[gen] step 160/416  (K_refine=4)
[gen] step 170/416  (K_refine=4)
[gen] step 180/416  (K_refine=4)
[gen] step 190/416  (K_refine=4)
[gen] step 200/416  (K_refine=4)
[gen] step 210/416  (K_refine=4)
[gen] step 220/416  (K_refine=4)
[gen] step 230/416  (K_refine=4)
[gen] step 240/416  (K_refine=4)
[gen] step 250/416  (K_refine=4)
[gen] step 260/416  (K_refine=4)
[gen] step 270/416  (K_refine=4)
[gen] step 280/416  (K_refine=4)
[gen] step 290/416  (K_refine=4)
[gen] step 300/416  (K_refine=4)
[gen] step 310/416  (K_refine=4)
[gen] step 320/416  (K_refine=4)
[gen] step 330/416  (K_refine=4)
[gen] step 340/416  (K_refine=4)
[gen] step 350/416  (K_refine=4)
[gen] step 360/416  (K_refine=4)
[gen] step 370/416  (K_refine=4)
[gen] step 380/416  (K_refine=4)
[gen] step 390/416  (K_refine=4)
[gen] step 400/416  (K_refine=4)
[gen] step 410/416  (K_refine=4)
    -> temp/E1_v5b/A3/036/co/sample_2_temp1.0.mid

[10/95] 046
  mode=co
[gen] A3_REFINE_STEPS=4 (env override)
[gen] A3_FINAL_TEMP=0.9 (env override)
[gen] A3_TOP_P=0.95 (nucleus sampling)
[gen] step 0/416  (K_refine=4)
[gen] step 10/416  (K_refine=4)
[gen] step 20/416  (K_refine=4)
[gen] step 30/416  (K_refine=4)
[gen] step 40/416  (K_refine=4)
[gen] step 50/416  (K_refine=4)
[gen] step 60/416  (K_refine=4)
[gen] step 70/416  (K_refine=4)
[gen] step 80/416  (K_refine=4)
[gen] step 90/416  (K_refine=4)
[gen] step 100/416  (K_refine=4)
[gen] step 110/416  (K_refine=4)
[gen] step 120/416  (K_refine=4)
[gen] step 130/416  (K_refine=4)
[gen] step 140/416  (K_refine=4)
[gen] step 150/416  (K_refine=4)
[gen] step 160/416  (K_refine=4)
[gen] step 170/416  (K_refine=4)
[gen] step 180/416  (K_refine=4)
[gen] step 190/416  (K_refine=4)
[gen] step 200/416  (K_refine=4)
[gen] step 210/416  (K_refine=4)
[gen] step 220/416  (K_refine=4)
[gen] step 230/416  (K_refine=4)
[gen] step 240/416  (K_refine=4)
[gen] step 250/416  (K_refine=4)
[gen] step 260/416  (K_refine=4)
[gen] step 270/416  (K_refine=4)
[gen] step 280/416  (K_refine=4)
[gen] step 290/416  (K_refine=4)
[gen] step 300/416  (K_refine=4)
[gen] step 310/416  (K_refine=4)
[gen] step 320/416  (K_refine=4)
[gen] step 330/416  (K_refine=4)
[gen] step 340/416  (K_refine=4)
[gen] step 350/416  (K_refine=4)
[gen] step 360/416  (K_refine=4)
[gen] step 370/416  (K_refine=4)
[gen] step 380/416  (K_refine=4)
[gen] step 390/416  (K_refine=4)
[gen] step 400/416  (K_refine=4)
[gen] step 410/416  (K_refine=4)
    -> temp/E1_v5b/A3/046/co/sample_0_temp1.0.mid
[gen] A3_REFINE_STEPS=4 (env override)
[gen] A3_FINAL_TEMP=0.9 (env override)
[gen] A3_TOP_P=0.95 (nucleus sampling)
[gen] step 0/416  (K_refine=4)
[gen] step 10/416  (K_refine=4)
[gen] step 20/416  (K_refine=4)
[gen] step 30/416  (K_refine=4)
[gen] step 40/416  (K_refine=4)
[gen] step 50/416  (K_refine=4)
[gen] step 60/416  (K_refine=4)
[gen] step 70/416  (K_refine=4)
[gen] step 80/416  (K_refine=4)
[gen] step 90/416  (K_refine=4)
[gen] step 100/416  (K_refine=4)
[gen] step 110/416  (K_refine=4)
[gen] step 120/416  (K_refine=4)
[gen] step 130/416  (K_refine=4)
[gen] step 140/416  (K_refine=4)
[gen] step 150/416  (K_refine=4)
[gen] step 160/416  (K_refine=4)
[gen] step 170/416  (K_refine=4)
[gen] step 180/416  (K_refine=4)
[gen] step 190/416  (K_refine=4)
[gen] step 200/416  (K_refine=4)
[gen] step 210/416  (K_refine=4)
[gen] step 220/416  (K_refine=4)
[gen] step 230/416  (K_refine=4)
[gen] step 240/416  (K_refine=4)
[gen] step 250/416  (K_refine=4)
[gen] step 260/416  (K_refine=4)
[gen] step 270/416  (K_refine=4)
[gen] step 280/416  (K_refine=4)
[gen] step 290/416  (K_refine=4)
[gen] step 300/416  (K_refine=4)
[gen] step 310/416  (K_refine=4)
[gen] step 320/416  (K_refine=4)
[gen] step 330/416  (K_refine=4)
[gen] step 340/416  (K_refine=4)
[gen] step 350/416  (K_refine=4)
[gen] step 360/416  (K_refine=4)
[gen] step 370/416  (K_refine=4)
[gen] step 380/416  (K_refine=4)
[gen] step 390/416  (K_refine=4)
[gen] step 400/416  (K_refine=4)
[gen] step 410/416  (K_refine=4)
    -> temp/E1_v5b/A3/046/co/sample_1_temp1.0.mid
[gen] A3_REFINE_STEPS=4 (env override)
[gen] A3_FINAL_TEMP=0.9 (env override)
[gen] A3_TOP_P=0.95 (nucleus sampling)
[gen] step 0/416  (K_refine=4)
[gen] step 10/416  (K_refine=4)
[gen] step 20/416  (K_refine=4)
[gen] step 30/416  (K_refine=4)
[gen] step 40/416  (K_refine=4)
[gen] step 50/416  (K_refine=4)
[gen] step 60/416  (K_refine=4)
[gen] step 70/416  (K_refine=4)
[gen] step 80/416  (K_refine=4)
[gen] step 90/416  (K_refine=4)
[gen] step 100/416  (K_refine=4)
[gen] step 110/416  (K_refine=4)
[gen] step 120/416  (K_refine=4)
[gen] step 130/416  (K_refine=4)
[gen] step 140/416  (K_refine=4)
[gen] step 150/416  (K_refine=4)
[gen] step 160/416  (K_refine=4)
[gen] step 170/416  (K_refine=4)
[gen] step 180/416  (K_refine=4)
[gen] step 190/416  (K_refine=4)
[gen] step 200/416  (K_refine=4)
[gen] step 210/416  (K_refine=4)
[gen] step 220/416  (K_refine=4)
[gen] step 230/416  (K_refine=4)
[gen] step 240/416  (K_refine=4)
[gen] step 250/416  (K_refine=4)
[gen] step 260/416  (K_refine=4)
[gen] step 270/416  (K_refine=4)
[gen] step 280/416  (K_refine=4)
[gen] step 290/416  (K_refine=4)
[gen] step 300/416  (K_refine=4)
[gen] step 310/416  (K_refine=4)
[gen] step 320/416  (K_refine=4)
[gen] step 330/416  (K_refine=4)
[gen] step 340/416  (K_refine=4)
[gen] step 350/416  (K_refine=4)
[gen] step 360/416  (K_refine=4)
[gen] step 370/416  (K_refine=4)
[gen] step 380/416  (K_refine=4)
[gen] step 390/416  (K_refine=4)
[gen] step 400/416  (K_refine=4)
[gen] step 410/416  (K_refine=4)
    -> temp/E1_v5b/A3/046/co/sample_2_temp1.0.mid

[11/95] 056
  mode=co
[gen] A3_REFINE_STEPS=4 (env override)
[gen] A3_FINAL_TEMP=0.9 (env override)
[gen] A3_TOP_P=0.95 (nucleus sampling)
[gen] step 0/416  (K_refine=4)
[gen] step 10/416  (K_refine=4)
[gen] step 20/416  (K_refine=4)
[gen] step 30/416  (K_refine=4)
[gen] step 40/416  (K_refine=4)
[gen] step 50/416  (K_refine=4)
[gen] step 60/416  (K_refine=4)
[gen] step 70/416  (K_refine=4)
[gen] step 80/416  (K_refine=4)
[gen] step 90/416  (K_refine=4)
[gen] step 100/416  (K_refine=4)
[gen] step 110/416  (K_refine=4)
[gen] step 120/416  (K_refine=4)
[gen] step 130/416  (K_refine=4)
[gen] step 140/416  (K_refine=4)
[gen] step 150/416  (K_refine=4)
[gen] step 160/416  (K_refine=4)
[gen] step 170/416  (K_refine=4)
[gen] step 180/416  (K_refine=4)
[gen] step 190/416  (K_refine=4)
[gen] step 200/416  (K_refine=4)
[gen] step 210/416  (K_refine=4)
[gen] step 220/416  (K_refine=4)
[gen] step 230/416  (K_refine=4)
[gen] step 240/416  (K_refine=4)
[gen] step 250/416  (K_refine=4)
[gen] step 260/416  (K_refine=4)
[gen] step 270/416  (K_refine=4)
[gen] step 280/416  (K_refine=4)
[gen] step 290/416  (K_refine=4)
[gen] step 300/416  (K_refine=4)
[gen] step 310/416  (K_refine=4)
[gen] step 320/416  (K_refine=4)
[gen] step 330/416  (K_refine=4)
[gen] step 340/416  (K_refine=4)
[gen] step 350/416  (K_refine=4)
[gen] step 360/416  (K_refine=4)
[gen] step 370/416  (K_refine=4)
[gen] step 380/416  (K_refine=4)
[gen] step 390/416  (K_refine=4)
[gen] step 400/416  (K_refine=4)
[gen] step 410/416  (K_refine=4)
    -> temp/E1_v5b/A3/056/co/sample_0_temp1.0.mid
[gen] A3_REFINE_STEPS=4 (env override)
[gen] A3_FINAL_TEMP=0.9 (env override)
[gen] A3_TOP_P=0.95 (nucleus sampling)
[gen] step 0/416  (K_refine=4)
[gen] step 10/416  (K_refine=4)
[gen] step 20/416  (K_refine=4)
[gen] step 30/416  (K_refine=4)
[gen] step 40/416  (K_refine=4)
[gen] step 50/416  (K_refine=4)
[gen] step 60/416  (K_refine=4)
[gen] step 70/416  (K_refine=4)
[gen] step 80/416  (K_refine=4)
[gen] step 90/416  (K_refine=4)
[gen] step 100/416  (K_refine=4)
[gen] step 110/416  (K_refine=4)
[gen] step 120/416  (K_refine=4)
[gen] step 130/416  (K_refine=4)
[gen] step 140/416  (K_refine=4)
[gen] step 150/416  (K_refine=4)
[gen] step 160/416  (K_refine=4)
[gen] step 170/416  (K_refine=4)
[gen] step 180/416  (K_refine=4)
[gen] step 190/416  (K_refine=4)
[gen] step 200/416  (K_refine=4)
[gen] step 210/416  (K_refine=4)
[gen] step 220/416  (K_refine=4)
[gen] step 230/416  (K_refine=4)
[gen] step 240/416  (K_refine=4)
[gen] step 250/416  (K_refine=4)
[gen] step 260/416  (K_refine=4)
[gen] step 270/416  (K_refine=4)
[gen] step 280/416  (K_refine=4)
[gen] step 290/416  (K_refine=4)
[gen] step 300/416  (K_refine=4)
[gen] step 310/416  (K_refine=4)
[gen] step 320/416  (K_refine=4)
[gen] step 330/416  (K_refine=4)
[gen] step 340/416  (K_refine=4)
[gen] step 350/416  (K_refine=4)
[gen] step 360/416  (K_refine=4)
[gen] step 370/416  (K_refine=4)
[gen] step 380/416  (K_refine=4)
[gen] step 390/416  (K_refine=4)
[gen] step 400/416  (K_refine=4)
[gen] step 410/416  (K_refine=4)
    -> temp/E1_v5b/A3/056/co/sample_1_temp1.0.mid
[gen] A3_REFINE_STEPS=4 (env override)
[gen] A3_FINAL_TEMP=0.9 (env override)
[gen] A3_TOP_P=0.95 (nucleus sampling)
[gen] step 0/416  (K_refine=4)
[gen] step 10/416  (K_refine=4)
[gen] step 20/416  (K_refine=4)
[gen] step 30/416  (K_refine=4)
[gen] step 40/416  (K_refine=4)
[gen] step 50/416  (K_refine=4)
[gen] step 60/416  (K_refine=4)
[gen] step 70/416  (K_refine=4)
[gen] step 80/416  (K_refine=4)
[gen] step 90/416  (K_refine=4)
[gen] step 100/416  (K_refine=4)
[gen] step 110/416  (K_refine=4)
[gen] step 120/416  (K_refine=4)
[gen] step 130/416  (K_refine=4)
[gen] step 140/416  (K_refine=4)
[gen] step 150/416  (K_refine=4)
[gen] step 160/416  (K_refine=4)
[gen] step 170/416  (K_refine=4)
[gen] step 180/416  (K_refine=4)
[gen] step 190/416  (K_refine=4)
[gen] step 200/416  (K_refine=4)
[gen] step 210/416  (K_refine=4)
[gen] step 220/416  (K_refine=4)
[gen] step 230/416  (K_refine=4)
[gen] step 240/416  (K_refine=4)
[gen] step 250/416  (K_refine=4)
[gen] step 260/416  (K_refine=4)
[gen] step 270/416  (K_refine=4)
[gen] step 280/416  (K_refine=4)
[gen] step 290/416  (K_refine=4)
[gen] step 300/416  (K_refine=4)
[gen] step 310/416  (K_refine=4)
[gen] step 320/416  (K_refine=4)
[gen] step 330/416  (K_refine=4)
[gen] step 340/416  (K_refine=4)
[gen] step 350/416  (K_refine=4)
[gen] step 360/416  (K_refine=4)
[gen] step 370/416  (K_refine=4)
[gen] step 380/416  (K_refine=4)
[gen] step 390/416  (K_refine=4)
[gen] step 400/416  (K_refine=4)
[gen] step 410/416  (K_refine=4)
    -> temp/E1_v5b/A3/056/co/sample_2_temp1.0.mid

[12/95] 066
  mode=co
[gen] A3_REFINE_STEPS=4 (env override)
[gen] A3_FINAL_TEMP=0.9 (env override)
[gen] A3_TOP_P=0.95 (nucleus sampling)
[gen] step 0/416  (K_refine=4)
[gen] step 10/416  (K_refine=4)
[gen] step 20/416  (K_refine=4)
[gen] step 30/416  (K_refine=4)
[gen] step 40/416  (K_refine=4)
[gen] step 50/416  (K_refine=4)
[gen] step 60/416  (K_refine=4)
[gen] step 70/416  (K_refine=4)
[gen] step 80/416  (K_refine=4)
[gen] step 90/416  (K_refine=4)
[gen] step 100/416  (K_refine=4)
[gen] step 110/416  (K_refine=4)
[gen] step 120/416  (K_refine=4)
[gen] step 130/416  (K_refine=4)
[gen] step 140/416  (K_refine=4)
[gen] step 150/416  (K_refine=4)
[gen] step 160/416  (K_refine=4)
[gen] step 170/416  (K_refine=4)
[gen] step 180/416  (K_refine=4)
[gen] step 190/416  (K_refine=4)
[gen] step 200/416  (K_refine=4)
[gen] step 210/416  (K_refine=4)
[gen] step 220/416  (K_refine=4)
[gen] step 230/416  (K_refine=4)
[gen] step 240/416  (K_refine=4)
[gen] step 250/416  (K_refine=4)
[gen] step 260/416  (K_refine=4)
[gen] step 270/416  (K_refine=4)
[gen] step 280/416  (K_refine=4)
[gen] step 290/416  (K_refine=4)
[gen] step 300/416  (K_refine=4)
[gen] step 310/416  (K_refine=4)
[gen] step 320/416  (K_refine=4)
[gen] step 330/416  (K_refine=4)
[gen] step 340/416  (K_refine=4)
[gen] step 350/416  (K_refine=4)
[gen] step 360/416  (K_refine=4)
[gen] step 370/416  (K_refine=4)
[gen] step 380/416  (K_refine=4)
[gen] step 390/416  (K_refine=4)
[gen] step 400/416  (K_refine=4)
[gen] step 410/416  (K_refine=4)
    -> temp/E1_v5b/A3/066/co/sample_0_temp1.0.mid
[gen] A3_REFINE_STEPS=4 (env override)
[gen] A3_FINAL_TEMP=0.9 (env override)
[gen] A3_TOP_P=0.95 (nucleus sampling)
[gen] step 0/416  (K_refine=4)
[gen] step 10/416  (K_refine=4)
[gen] step 20/416  (K_refine=4)
[gen] step 30/416  (K_refine=4)
[gen] step 40/416  (K_refine=4)
[gen] step 50/416  (K_refine=4)
[gen] step 60/416  (K_refine=4)
[gen] step 70/416  (K_refine=4)
[gen] step 80/416  (K_refine=4)
[gen] step 90/416  (K_refine=4)
[gen] step 100/416  (K_refine=4)
[gen] step 110/416  (K_refine=4)
[gen] step 120/416  (K_refine=4)
[gen] step 130/416  (K_refine=4)
[gen] step 140/416  (K_refine=4)
[gen] step 150/416  (K_refine=4)
[gen] step 160/416  (K_refine=4)
[gen] step 170/416  (K_refine=4)
[gen] step 180/416  (K_refine=4)
[gen] step 190/416  (K_refine=4)
[gen] step 200/416  (K_refine=4)
[gen] step 210/416  (K_refine=4)
[gen] step 220/416  (K_refine=4)
[gen] step 230/416  (K_refine=4)
[gen] step 240/416  (K_refine=4)
[gen] step 250/416  (K_refine=4)
[gen] step 260/416  (K_refine=4)
[gen] step 270/416  (K_refine=4)
[gen] step 280/416  (K_refine=4)
[gen] step 290/416  (K_refine=4)
[gen] step 300/416  (K_refine=4)
[gen] step 310/416  (K_refine=4)
[gen] step 320/416  (K_refine=4)
[gen] step 330/416  (K_refine=4)
[gen] step 340/416  (K_refine=4)
[gen] step 350/416  (K_refine=4)
[gen] step 360/416  (K_refine=4)
[gen] step 370/416  (K_refine=4)
[gen] step 380/416  (K_refine=4)
[gen] step 390/416  (K_refine=4)
[gen] step 400/416  (K_refine=4)
[gen] step 410/416  (K_refine=4)
    -> temp/E1_v5b/A3/066/co/sample_1_temp1.0.mid
[gen] A3_REFINE_STEPS=4 (env override)
[gen] A3_FINAL_TEMP=0.9 (env override)
[gen] A3_TOP_P=0.95 (nucleus sampling)
[gen] step 0/416  (K_refine=4)
[gen] step 10/416  (K_refine=4)
[gen] step 20/416  (K_refine=4)
[gen] step 30/416  (K_refine=4)
[gen] step 40/416  (K_refine=4)
[gen] step 50/416  (K_refine=4)
[gen] step 60/416  (K_refine=4)
[gen] step 70/416  (K_refine=4)
[gen] step 80/416  (K_refine=4)
[gen] step 90/416  (K_refine=4)
[gen] step 100/416  (K_refine=4)
[gen] step 110/416  (K_refine=4)
[gen] step 120/416  (K_refine=4)
[gen] step 130/416  (K_refine=4)
[gen] step 140/416  (K_refine=4)
[gen] step 150/416  (K_refine=4)
[gen] step 160/416  (K_refine=4)
[gen] step 170/416  (K_refine=4)
[gen] step 180/416  (K_refine=4)
[gen] step 190/416  (K_refine=4)
[gen] step 200/416  (K_refine=4)
[gen] step 210/416  (K_refine=4)
[gen] step 220/416  (K_refine=4)
[gen] step 230/416  (K_refine=4)
[gen] step 240/416  (K_refine=4)
[gen] step 250/416  (K_refine=4)
[gen] step 260/416  (K_refine=4)
[gen] step 270/416  (K_refine=4)
[gen] step 280/416  (K_refine=4)
[gen] step 290/416  (K_refine=4)
[gen] step 300/416  (K_refine=4)
[gen] step 310/416  (K_refine=4)
[gen] step 320/416  (K_refine=4)
[gen] step 330/416  (K_refine=4)
[gen] step 340/416  (K_refine=4)
[gen] step 350/416  (K_refine=4)
[gen] step 360/416  (K_refine=4)
[gen] step 370/416  (K_refine=4)
[gen] step 380/416  (K_refine=4)
[gen] step 390/416  (K_refine=4)
[gen] step 400/416  (K_refine=4)
[gen] step 410/416  (K_refine=4)
    -> temp/E1_v5b/A3/066/co/sample_2_temp1.0.mid

[13/95] 076
  mode=co
[gen] A3_REFINE_STEPS=4 (env override)
[gen] A3_FINAL_TEMP=0.9 (env override)
[gen] A3_TOP_P=0.95 (nucleus sampling)
[gen] step 0/416  (K_refine=4)
[gen] step 10/416  (K_refine=4)
[gen] step 20/416  (K_refine=4)
[gen] step 30/416  (K_refine=4)
[gen] step 40/416  (K_refine=4)
[gen] step 50/416  (K_refine=4)
[gen] step 60/416  (K_refine=4)
[gen] step 70/416  (K_refine=4)
[gen] step 80/416  (K_refine=4)
[gen] step 90/416  (K_refine=4)
[gen] step 100/416  (K_refine=4)
[gen] step 110/416  (K_refine=4)
[gen] step 120/416  (K_refine=4)
[gen] step 130/416  (K_refine=4)
[gen] step 140/416  (K_refine=4)
[gen] step 150/416  (K_refine=4)
[gen] step 160/416  (K_refine=4)
[gen] step 170/416  (K_refine=4)
[gen] step 180/416  (K_refine=4)
[gen] step 190/416  (K_refine=4)
[gen] step 200/416  (K_refine=4)
[gen] step 210/416  (K_refine=4)
[gen] step 220/416  (K_refine=4)
[gen] step 230/416  (K_refine=4)
[gen] step 240/416  (K_refine=4)
[gen] step 250/416  (K_refine=4)
[gen] step 260/416  (K_refine=4)
[gen] step 270/416  (K_refine=4)
[gen] step 280/416  (K_refine=4)
[gen] step 290/416  (K_refine=4)
[gen] step 300/416  (K_refine=4)
[gen] step 310/416  (K_refine=4)
[gen] step 320/416  (K_refine=4)
[gen] step 330/416  (K_refine=4)
[gen] step 340/416  (K_refine=4)
[gen] step 350/416  (K_refine=4)
[gen] step 360/416  (K_refine=4)
[gen] step 370/416  (K_refine=4)
[gen] step 380/416  (K_refine=4)
[gen] step 390/416  (K_refine=4)
[gen] step 400/416  (K_refine=4)
[gen] step 410/416  (K_refine=4)
    -> temp/E1_v5b/A3/076/co/sample_0_temp1.0.mid
[gen] A3_REFINE_STEPS=4 (env override)
[gen] A3_FINAL_TEMP=0.9 (env override)
[gen] A3_TOP_P=0.95 (nucleus sampling)
[gen] step 0/416  (K_refine=4)
[gen] step 10/416  (K_refine=4)
[gen] step 20/416  (K_refine=4)
[gen] step 30/416  (K_refine=4)
[gen] step 40/416  (K_refine=4)
[gen] step 50/416  (K_refine=4)
[gen] step 60/416  (K_refine=4)
[gen] step 70/416  (K_refine=4)
[gen] step 80/416  (K_refine=4)
[gen] step 90/416  (K_refine=4)
[gen] step 100/416  (K_refine=4)
[gen] step 110/416  (K_refine=4)
[gen] step 120/416  (K_refine=4)
[gen] step 130/416  (K_refine=4)
[gen] step 140/416  (K_refine=4)
[gen] step 150/416  (K_refine=4)
[gen] step 160/416  (K_refine=4)
[gen] step 170/416  (K_refine=4)
[gen] step 180/416  (K_refine=4)
[gen] step 190/416  (K_refine=4)
[gen] step 200/416  (K_refine=4)
[gen] step 210/416  (K_refine=4)
[gen] step 220/416  (K_refine=4)
[gen] step 230/416  (K_refine=4)
[gen] step 240/416  (K_refine=4)
[gen] step 250/416  (K_refine=4)
[gen] step 260/416  (K_refine=4)
[gen] step 270/416  (K_refine=4)
[gen] step 280/416  (K_refine=4)
[gen] step 290/416  (K_refine=4)
[gen] step 300/416  (K_refine=4)
[gen] step 310/416  (K_refine=4)
[gen] step 320/416  (K_refine=4)
[gen] step 330/416  (K_refine=4)
[gen] step 340/416  (K_refine=4)
[gen] step 350/416  (K_refine=4)
[gen] step 360/416  (K_refine=4)
[gen] step 370/416  (K_refine=4)
[gen] step 380/416  (K_refine=4)
[gen] step 390/416  (K_refine=4)
[gen] step 400/416  (K_refine=4)
[gen] step 410/416  (K_refine=4)
    -> temp/E1_v5b/A3/076/co/sample_1_temp1.0.mid
[gen] A3_REFINE_STEPS=4 (env override)
[gen] A3_FINAL_TEMP=0.9 (env override)
[gen] A3_TOP_P=0.95 (nucleus sampling)
[gen] step 0/416  (K_refine=4)
[gen] step 10/416  (K_refine=4)
[gen] step 20/416  (K_refine=4)
[gen] step 30/416  (K_refine=4)
[gen] step 40/416  (K_refine=4)
[gen] step 50/416  (K_refine=4)
[gen] step 60/416  (K_refine=4)
[gen] step 70/416  (K_refine=4)
[gen] step 80/416  (K_refine=4)
[gen] step 90/416  (K_refine=4)
[gen] step 100/416  (K_refine=4)
[gen] step 110/416  (K_refine=4)
[gen] step 120/416  (K_refine=4)
[gen] step 130/416  (K_refine=4)
[gen] step 140/416  (K_refine=4)
[gen] step 150/416  (K_refine=4)
[gen] step 160/416  (K_refine=4)
[gen] step 170/416  (K_refine=4)
[gen] step 180/416  (K_refine=4)
[gen] step 190/416  (K_refine=4)
[gen] step 200/416  (K_refine=4)
[gen] step 210/416  (K_refine=4)
[gen] step 220/416  (K_refine=4)
[gen] step 230/416  (K_refine=4)
[gen] step 240/416  (K_refine=4)
[gen] step 250/416  (K_refine=4)
[gen] step 260/416  (K_refine=4)
[gen] step 270/416  (K_refine=4)
[gen] step 280/416  (K_refine=4)
[gen] step 290/416  (K_refine=4)
[gen] step 300/416  (K_refine=4)
[gen] step 310/416  (K_refine=4)
[gen] step 320/416  (K_refine=4)
[gen] step 330/416  (K_refine=4)
[gen] step 340/416  (K_refine=4)
[gen] step 350/416  (K_refine=4)
[gen] step 360/416  (K_refine=4)
[gen] step 370/416  (K_refine=4)
[gen] step 380/416  (K_refine=4)
[gen] step 390/416  (K_refine=4)
[gen] step 400/416  (K_refine=4)
[gen] step 410/416  (K_refine=4)
    -> temp/E1_v5b/A3/076/co/sample_2_temp1.0.mid

[14/95] 086
  mode=co
[gen] A3_REFINE_STEPS=4 (env override)
[gen] A3_FINAL_TEMP=0.9 (env override)
[gen] A3_TOP_P=0.95 (nucleus sampling)
[gen] step 0/416  (K_refine=4)
[gen] step 10/416  (K_refine=4)
[gen] step 20/416  (K_refine=4)
[gen] step 30/416  (K_refine=4)
[gen] step 40/416  (K_refine=4)
[gen] step 50/416  (K_refine=4)
[gen] step 60/416  (K_refine=4)
[gen] step 70/416  (K_refine=4)
[gen] step 80/416  (K_refine=4)
[gen] step 90/416  (K_refine=4)
[gen] step 100/416  (K_refine=4)
[gen] step 110/416  (K_refine=4)
[gen] step 120/416  (K_refine=4)
[gen] step 130/416  (K_refine=4)
[gen] step 140/416  (K_refine=4)
[gen] step 150/416  (K_refine=4)
[gen] step 160/416  (K_refine=4)
[gen] step 170/416  (K_refine=4)
[gen] step 180/416  (K_refine=4)
[gen] step 190/416  (K_refine=4)
[gen] step 200/416  (K_refine=4)
[gen] step 210/416  (K_refine=4)
[gen] step 220/416  (K_refine=4)
[gen] step 230/416  (K_refine=4)
[gen] step 240/416  (K_refine=4)
[gen] step 250/416  (K_refine=4)
[gen] step 260/416  (K_refine=4)
[gen] step 270/416  (K_refine=4)
[gen] step 280/416  (K_refine=4)
[gen] step 290/416  (K_refine=4)
[gen] step 300/416  (K_refine=4)
[gen] step 310/416  (K_refine=4)
[gen] step 320/416  (K_refine=4)
[gen] step 330/416  (K_refine=4)
[gen] step 340/416  (K_refine=4)
[gen] step 350/416  (K_refine=4)
[gen] step 360/416  (K_refine=4)
[gen] step 370/416  (K_refine=4)
[gen] step 380/416  (K_refine=4)
[gen] step 390/416  (K_refine=4)
[gen] step 400/416  (K_refine=4)
[gen] step 410/416  (K_refine=4)
    -> temp/E1_v5b/A3/086/co/sample_0_temp1.0.mid
[gen] A3_REFINE_STEPS=4 (env override)
[gen] A3_FINAL_TEMP=0.9 (env override)
[gen] A3_TOP_P=0.95 (nucleus sampling)
[gen] step 0/416  (K_refine=4)
[gen] step 10/416  (K_refine=4)
[gen] step 20/416  (K_refine=4)
[gen] step 30/416  (K_refine=4)
[gen] step 40/416  (K_refine=4)
[gen] step 50/416  (K_refine=4)
[gen] step 60/416  (K_refine=4)
[gen] step 70/416  (K_refine=4)
[gen] step 80/416  (K_refine=4)
[gen] step 90/416  (K_refine=4)
[gen] step 100/416  (K_refine=4)
[gen] step 110/416  (K_refine=4)
[gen] step 120/416  (K_refine=4)
[gen] step 130/416  (K_refine=4)
[gen] step 140/416  (K_refine=4)
[gen] step 150/416  (K_refine=4)
[gen] step 160/416  (K_refine=4)
[gen] step 170/416  (K_refine=4)
[gen] step 180/416  (K_refine=4)
[gen] step 190/416  (K_refine=4)
[gen] step 200/416  (K_refine=4)
[gen] step 210/416  (K_refine=4)
[gen] step 220/416  (K_refine=4)
[gen] step 230/416  (K_refine=4)
[gen] step 240/416  (K_refine=4)
[gen] step 250/416  (K_refine=4)
[gen] step 260/416  (K_refine=4)
[gen] step 270/416  (K_refine=4)
[gen] step 280/416  (K_refine=4)
[gen] step 290/416  (K_refine=4)
[gen] step 300/416  (K_refine=4)
[gen] step 310/416  (K_refine=4)
[gen] step 320/416  (K_refine=4)
[gen] step 330/416  (K_refine=4)
[gen] step 340/416  (K_refine=4)
[gen] step 350/416  (K_refine=4)
[gen] step 360/416  (K_refine=4)
[gen] step 370/416  (K_refine=4)
[gen] step 380/416  (K_refine=4)
[gen] step 390/416  (K_refine=4)
[gen] step 400/416  (K_refine=4)
[gen] step 410/416  (K_refine=4)
    -> temp/E1_v5b/A3/086/co/sample_1_temp1.0.mid
[gen] A3_REFINE_STEPS=4 (env override)
[gen] A3_FINAL_TEMP=0.9 (env override)
[gen] A3_TOP_P=0.95 (nucleus sampling)
[gen] step 0/416  (K_refine=4)
[gen] step 10/416  (K_refine=4)
[gen] step 20/416  (K_refine=4)
[gen] step 30/416  (K_refine=4)
[gen] step 40/416  (K_refine=4)
[gen] step 50/416  (K_refine=4)
[gen] step 60/416  (K_refine=4)
[gen] step 70/416  (K_refine=4)
[gen] step 80/416  (K_refine=4)
[gen] step 90/416  (K_refine=4)
[gen] step 100/416  (K_refine=4)
[gen] step 110/416  (K_refine=4)
[gen] step 120/416  (K_refine=4)
[gen] step 130/416  (K_refine=4)
[gen] step 140/416  (K_refine=4)
[gen] step 150/416  (K_refine=4)
[gen] step 160/416  (K_refine=4)
[gen] step 170/416  (K_refine=4)
[gen] step 180/416  (K_refine=4)
[gen] step 190/416  (K_refine=4)
[gen] step 200/416  (K_refine=4)
[gen] step 210/416  (K_refine=4)
[gen] step 220/416  (K_refine=4)
[gen] step 230/416  (K_refine=4)
[gen] step 240/416  (K_refine=4)
[gen] step 250/416  (K_refine=4)
[gen] step 260/416  (K_refine=4)
[gen] step 270/416  (K_refine=4)
[gen] step 280/416  (K_refine=4)
[gen] step 290/416  (K_refine=4)
[gen] step 300/416  (K_refine=4)
[gen] step 310/416  (K_refine=4)
[gen] step 320/416  (K_refine=4)
[gen] step 330/416  (K_refine=4)
[gen] step 340/416  (K_refine=4)
[gen] step 350/416  (K_refine=4)
[gen] step 360/416  (K_refine=4)
[gen] step 370/416  (K_refine=4)
[gen] step 380/416  (K_refine=4)
[gen] step 390/416  (K_refine=4)
[gen] step 400/416  (K_refine=4)
[gen] step 410/416  (K_refine=4)
    -> temp/E1_v5b/A3/086/co/sample_2_temp1.0.mid

[15/95] 096
  mode=co
[gen] A3_REFINE_STEPS=4 (env override)
[gen] A3_FINAL_TEMP=0.9 (env override)
[gen] A3_TOP_P=0.95 (nucleus sampling)
[gen] step 0/416  (K_refine=4)
[gen] step 10/416  (K_refine=4)
[gen] step 20/416  (K_refine=4)
[gen] step 30/416  (K_refine=4)
[gen] step 40/416  (K_refine=4)
[gen] step 50/416  (K_refine=4)
[gen] step 60/416  (K_refine=4)
[gen] step 70/416  (K_refine=4)
[gen] step 80/416  (K_refine=4)
[gen] step 90/416  (K_refine=4)
[gen] step 100/416  (K_refine=4)
[gen] step 110/416  (K_refine=4)
[gen] step 120/416  (K_refine=4)
[gen] step 130/416  (K_refine=4)
[gen] step 140/416  (K_refine=4)
[gen] step 150/416  (K_refine=4)
[gen] step 160/416  (K_refine=4)
[gen] step 170/416  (K_refine=4)
[gen] step 180/416  (K_refine=4)
[gen] step 190/416  (K_refine=4)
[gen] step 200/416  (K_refine=4)
[gen] step 210/416  (K_refine=4)
[gen] step 220/416  (K_refine=4)
[gen] step 230/416  (K_refine=4)
[gen] step 240/416  (K_refine=4)
[gen] step 250/416  (K_refine=4)
[gen] step 260/416  (K_refine=4)
[gen] step 270/416  (K_refine=4)
[gen] step 280/416  (K_refine=4)
[gen] step 290/416  (K_refine=4)
[gen] step 300/416  (K_refine=4)
[gen] step 310/416  (K_refine=4)
[gen] step 320/416  (K_refine=4)
[gen] step 330/416  (K_refine=4)
[gen] step 340/416  (K_refine=4)
[gen] step 350/416  (K_refine=4)
[gen] step 360/416  (K_refine=4)
[gen] step 370/416  (K_refine=4)
[gen] step 380/416  (K_refine=4)
[gen] step 390/416  (K_refine=4)
[gen] step 400/416  (K_refine=4)
[gen] step 410/416  (K_refine=4)
    -> temp/E1_v5b/A3/096/co/sample_0_temp1.0.mid
[gen] A3_REFINE_STEPS=4 (env override)
[gen] A3_FINAL_TEMP=0.9 (env override)
[gen] A3_TOP_P=0.95 (nucleus sampling)
[gen] step 0/416  (K_refine=4)
[gen] step 10/416  (K_refine=4)
[gen] step 20/416  (K_refine=4)
[gen] step 30/416  (K_refine=4)
[gen] step 40/416  (K_refine=4)
[gen] step 50/416  (K_refine=4)
[gen] step 60/416  (K_refine=4)
[gen] step 70/416  (K_refine=4)
[gen] step 80/416  (K_refine=4)
[gen] step 90/416  (K_refine=4)
[gen] step 100/416  (K_refine=4)
[gen] step 110/416  (K_refine=4)
[gen] step 120/416  (K_refine=4)
[gen] step 130/416  (K_refine=4)
[gen] step 140/416  (K_refine=4)
[gen] step 150/416  (K_refine=4)
[gen] step 160/416  (K_refine=4)
[gen] step 170/416  (K_refine=4)
[gen] step 180/416  (K_refine=4)
[gen] step 190/416  (K_refine=4)
[gen] step 200/416  (K_refine=4)
[gen] step 210/416  (K_refine=4)
[gen] step 220/416  (K_refine=4)
[gen] step 230/416  (K_refine=4)
[gen] step 240/416  (K_refine=4)
[gen] step 250/416  (K_refine=4)
[gen] step 260/416  (K_refine=4)
[gen] step 270/416  (K_refine=4)
[gen] step 280/416  (K_refine=4)
[gen] step 290/416  (K_refine=4)
[gen] step 300/416  (K_refine=4)
[gen] step 310/416  (K_refine=4)
[gen] step 320/416  (K_refine=4)
[gen] step 330/416  (K_refine=4)
[gen] step 340/416  (K_refine=4)
[gen] step 350/416  (K_refine=4)
[gen] step 360/416  (K_refine=4)
[gen] step 370/416  (K_refine=4)
[gen] step 380/416  (K_refine=4)
[gen] step 390/416  (K_refine=4)
[gen] step 400/416  (K_refine=4)
[gen] step 410/416  (K_refine=4)
    -> temp/E1_v5b/A3/096/co/sample_1_temp1.0.mid
[gen] A3_REFINE_STEPS=4 (env override)
[gen] A3_FINAL_TEMP=0.9 (env override)
[gen] A3_TOP_P=0.95 (nucleus sampling)
[gen] step 0/416  (K_refine=4)
[gen] step 10/416  (K_refine=4)
[gen] step 20/416  (K_refine=4)
[gen] step 30/416  (K_refine=4)
[gen] step 40/416  (K_refine=4)
[gen] step 50/416  (K_refine=4)
[gen] step 60/416  (K_refine=4)
[gen] step 70/416  (K_refine=4)
[gen] step 80/416  (K_refine=4)
[gen] step 90/416  (K_refine=4)
[gen] step 100/416  (K_refine=4)
[gen] step 110/416  (K_refine=4)
[gen] step 120/416  (K_refine=4)
[gen] step 130/416  (K_refine=4)
[gen] step 140/416  (K_refine=4)
[gen] step 150/416  (K_refine=4)
[gen] step 160/416  (K_refine=4)
[gen] step 170/416  (K_refine=4)
[gen] step 180/416  (K_refine=4)
[gen] step 190/416  (K_refine=4)
[gen] step 200/416  (K_refine=4)
[gen] step 210/416  (K_refine=4)
[gen] step 220/416  (K_refine=4)
[gen] step 230/416  (K_refine=4)
[gen] step 240/416  (K_refine=4)
[gen] step 250/416  (K_refine=4)
[gen] step 260/416  (K_refine=4)
[gen] step 270/416  (K_refine=4)
[gen] step 280/416  (K_refine=4)
[gen] step 290/416  (K_refine=4)
[gen] step 300/416  (K_refine=4)
[gen] step 310/416  (K_refine=4)
[gen] step 320/416  (K_refine=4)
[gen] step 330/416  (K_refine=4)
[gen] step 340/416  (K_refine=4)
[gen] step 350/416  (K_refine=4)
[gen] step 360/416  (K_refine=4)
[gen] step 370/416  (K_refine=4)
[gen] step 380/416  (K_refine=4)
[gen] step 390/416  (K_refine=4)
[gen] step 400/416  (K_refine=4)
[gen] step 410/416  (K_refine=4)
    -> temp/E1_v5b/A3/096/co/sample_2_temp1.0.mid

[16/95] 106
  mode=co
[gen] A3_REFINE_STEPS=4 (env override)
[gen] A3_FINAL_TEMP=0.9 (env override)
[gen] A3_TOP_P=0.95 (nucleus sampling)
[gen] step 0/416  (K_refine=4)
[gen] step 10/416  (K_refine=4)
[gen] step 20/416  (K_refine=4)
[gen] step 30/416  (K_refine=4)
[gen] step 40/416  (K_refine=4)
[gen] step 50/416  (K_refine=4)
[gen] step 60/416  (K_refine=4)
[gen] step 70/416  (K_refine=4)
[gen] step 80/416  (K_refine=4)
[gen] step 90/416  (K_refine=4)
[gen] step 100/416  (K_refine=4)
[gen] step 110/416  (K_refine=4)
[gen] step 120/416  (K_refine=4)
[gen] step 130/416  (K_refine=4)
[gen] step 140/416  (K_refine=4)
[gen] step 150/416  (K_refine=4)
[gen] step 160/416  (K_refine=4)
[gen] step 170/416  (K_refine=4)
[gen] step 180/416  (K_refine=4)
[gen] step 190/416  (K_refine=4)
[gen] step 200/416  (K_refine=4)
[gen] step 210/416  (K_refine=4)
[gen] step 220/416  (K_refine=4)
[gen] step 230/416  (K_refine=4)
[gen] step 240/416  (K_refine=4)
[gen] step 250/416  (K_refine=4)
[gen] step 260/416  (K_refine=4)
[gen] step 270/416  (K_refine=4)
[gen] step 280/416  (K_refine=4)
[gen] step 290/416  (K_refine=4)
[gen] step 300/416  (K_refine=4)
[gen] step 310/416  (K_refine=4)
[gen] step 320/416  (K_refine=4)
[gen] step 330/416  (K_refine=4)
[gen] step 340/416  (K_refine=4)
[gen] step 350/416  (K_refine=4)
[gen] step 360/416  (K_refine=4)
[gen] step 370/416  (K_refine=4)
[gen] step 380/416  (K_refine=4)
[gen] step 390/416  (K_refine=4)
[gen] step 400/416  (K_refine=4)
[gen] step 410/416  (K_refine=4)
    -> temp/E1_v5b/A3/106/co/sample_0_temp1.0.mid
[gen] A3_REFINE_STEPS=4 (env override)
[gen] A3_FINAL_TEMP=0.9 (env override)
[gen] A3_TOP_P=0.95 (nucleus sampling)
[gen] step 0/416  (K_refine=4)
[gen] step 10/416  (K_refine=4)
[gen] step 20/416  (K_refine=4)
[gen] step 30/416  (K_refine=4)
[gen] step 40/416  (K_refine=4)
[gen] step 50/416  (K_refine=4)
[gen] step 60/416  (K_refine=4)
[gen] step 70/416  (K_refine=4)
[gen] step 80/416  (K_refine=4)
[gen] step 90/416  (K_refine=4)
[gen] step 100/416  (K_refine=4)
[gen] step 110/416  (K_refine=4)
[gen] step 120/416  (K_refine=4)
[gen] step 130/416  (K_refine=4)
[gen] step 140/416  (K_refine=4)
[gen] step 150/416  (K_refine=4)
[gen] step 160/416  (K_refine=4)
[gen] step 170/416  (K_refine=4)
[gen] step 180/416  (K_refine=4)
[gen] step 190/416  (K_refine=4)
[gen] step 200/416  (K_refine=4)
[gen] step 210/416  (K_refine=4)
[gen] step 220/416  (K_refine=4)
[gen] step 230/416  (K_refine=4)
[gen] step 240/416  (K_refine=4)
[gen] step 250/416  (K_refine=4)
[gen] step 260/416  (K_refine=4)
[gen] step 270/416  (K_refine=4)
[gen] step 280/416  (K_refine=4)
[gen] step 290/416  (K_refine=4)
[gen] step 300/416  (K_refine=4)
[gen] step 310/416  (K_refine=4)
[gen] step 320/416  (K_refine=4)
[gen] step 330/416  (K_refine=4)
[gen] step 340/416  (K_refine=4)
[gen] step 350/416  (K_refine=4)
[gen] step 360/416  (K_refine=4)
[gen] step 370/416  (K_refine=4)
[gen] step 380/416  (K_refine=4)
[gen] step 390/416  (K_refine=4)
[gen] step 400/416  (K_refine=4)
[gen] step 410/416  (K_refine=4)
    -> temp/E1_v5b/A3/106/co/sample_1_temp1.0.mid
[gen] A3_REFINE_STEPS=4 (env override)
[gen] A3_FINAL_TEMP=0.9 (env override)
[gen] A3_TOP_P=0.95 (nucleus sampling)
[gen] step 0/416  (K_refine=4)
[gen] step 10/416  (K_refine=4)
[gen] step 20/416  (K_refine=4)
[gen] step 30/416  (K_refine=4)
[gen] step 40/416  (K_refine=4)
[gen] step 50/416  (K_refine=4)
[gen] step 60/416  (K_refine=4)
[gen] step 70/416  (K_refine=4)
[gen] step 80/416  (K_refine=4)
[gen] step 90/416  (K_refine=4)
[gen] step 100/416  (K_refine=4)
[gen] step 110/416  (K_refine=4)
[gen] step 120/416  (K_refine=4)
[gen] step 130/416  (K_refine=4)
[gen] step 140/416  (K_refine=4)
[gen] step 150/416  (K_refine=4)
[gen] step 160/416  (K_refine=4)
[gen] step 170/416  (K_refine=4)
[gen] step 180/416  (K_refine=4)
[gen] step 190/416  (K_refine=4)
[gen] step 200/416  (K_refine=4)
[gen] step 210/416  (K_refine=4)
[gen] step 220/416  (K_refine=4)
[gen] step 230/416  (K_refine=4)
[gen] step 240/416  (K_refine=4)
[gen] step 250/416  (K_refine=4)
[gen] step 260/416  (K_refine=4)
[gen] step 270/416  (K_refine=4)
[gen] step 280/416  (K_refine=4)
[gen] step 290/416  (K_refine=4)
[gen] step 300/416  (K_refine=4)
[gen] step 310/416  (K_refine=4)
[gen] step 320/416  (K_refine=4)
[gen] step 330/416  (K_refine=4)
[gen] step 340/416  (K_refine=4)
[gen] step 350/416  (K_refine=4)
[gen] step 360/416  (K_refine=4)
[gen] step 370/416  (K_refine=4)
[gen] step 380/416  (K_refine=4)
[gen] step 390/416  (K_refine=4)
[gen] step 400/416  (K_refine=4)
[gen] step 410/416  (K_refine=4)
    -> temp/E1_v5b/A3/106/co/sample_2_temp1.0.mid

[17/95] 116
  mode=co
[gen] A3_REFINE_STEPS=4 (env override)
[gen] A3_FINAL_TEMP=0.9 (env override)
[gen] A3_TOP_P=0.95 (nucleus sampling)
[gen] step 0/416  (K_refine=4)
[gen] step 10/416  (K_refine=4)
[gen] step 20/416  (K_refine=4)
[gen] step 30/416  (K_refine=4)
[gen] step 40/416  (K_refine=4)
[gen] step 50/416  (K_refine=4)
[gen] step 60/416  (K_refine=4)
[gen] step 70/416  (K_refine=4)
[gen] step 80/416  (K_refine=4)
[gen] step 90/416  (K_refine=4)
[gen] step 100/416  (K_refine=4)
[gen] step 110/416  (K_refine=4)
[gen] step 120/416  (K_refine=4)
[gen] step 130/416  (K_refine=4)
[gen] step 140/416  (K_refine=4)
[gen] step 150/416  (K_refine=4)
[gen] step 160/416  (K_refine=4)
[gen] step 170/416  (K_refine=4)
[gen] step 180/416  (K_refine=4)
[gen] step 190/416  (K_refine=4)
[gen] step 200/416  (K_refine=4)
[gen] step 210/416  (K_refine=4)
[gen] step 220/416  (K_refine=4)
[gen] step 230/416  (K_refine=4)
[gen] step 240/416  (K_refine=4)
[gen] step 250/416  (K_refine=4)
[gen] step 260/416  (K_refine=4)
[gen] step 270/416  (K_refine=4)
[gen] step 280/416  (K_refine=4)
[gen] step 290/416  (K_refine=4)
[gen] step 300/416  (K_refine=4)
[gen] step 310/416  (K_refine=4)
[gen] step 320/416  (K_refine=4)
[gen] step 330/416  (K_refine=4)
[gen] step 340/416  (K_refine=4)
[gen] step 350/416  (K_refine=4)
[gen] step 360/416  (K_refine=4)
[gen] step 370/416  (K_refine=4)
[gen] step 380/416  (K_refine=4)
[gen] step 390/416  (K_refine=4)
[gen] step 400/416  (K_refine=4)
[gen] step 410/416  (K_refine=4)
    -> temp/E1_v5b/A3/116/co/sample_0_temp1.0.mid
[gen] A3_REFINE_STEPS=4 (env override)
[gen] A3_FINAL_TEMP=0.9 (env override)
[gen] A3_TOP_P=0.95 (nucleus sampling)
[gen] step 0/416  (K_refine=4)
[gen] step 10/416  (K_refine=4)
[gen] step 20/416  (K_refine=4)
[gen] step 30/416  (K_refine=4)
[gen] step 40/416  (K_refine=4)
[gen] step 50/416  (K_refine=4)
[gen] step 60/416  (K_refine=4)
[gen] step 70/416  (K_refine=4)
[gen] step 80/416  (K_refine=4)
[gen] step 90/416  (K_refine=4)
[gen] step 100/416  (K_refine=4)
[gen] step 110/416  (K_refine=4)
[gen] step 120/416  (K_refine=4)
[gen] step 130/416  (K_refine=4)
[gen] step 140/416  (K_refine=4)
[gen] step 150/416  (K_refine=4)
[gen] step 160/416  (K_refine=4)
[gen] step 170/416  (K_refine=4)
[gen] step 180/416  (K_refine=4)
[gen] step 190/416  (K_refine=4)
[gen] step 200/416  (K_refine=4)
[gen] step 210/416  (K_refine=4)
[gen] step 220/416  (K_refine=4)
[gen] step 230/416  (K_refine=4)
[gen] step 240/416  (K_refine=4)
[gen] step 250/416  (K_refine=4)
[gen] step 260/416  (K_refine=4)
[gen] step 270/416  (K_refine=4)
[gen] step 280/416  (K_refine=4)
[gen] step 290/416  (K_refine=4)
[gen] step 300/416  (K_refine=4)
[gen] step 310/416  (K_refine=4)
[gen] step 320/416  (K_refine=4)
[gen] step 330/416  (K_refine=4)
[gen] step 340/416  (K_refine=4)
[gen] step 350/416  (K_refine=4)
[gen] step 360/416  (K_refine=4)
[gen] step 370/416  (K_refine=4)
[gen] step 380/416  (K_refine=4)
[gen] step 390/416  (K_refine=4)
[gen] step 400/416  (K_refine=4)
[gen] step 410/416  (K_refine=4)
    -> temp/E1_v5b/A3/116/co/sample_1_temp1.0.mid
[gen] A3_REFINE_STEPS=4 (env override)
[gen] A3_FINAL_TEMP=0.9 (env override)
[gen] A3_TOP_P=0.95 (nucleus sampling)
[gen] step 0/416  (K_refine=4)
[gen] step 10/416  (K_refine=4)
[gen] step 20/416  (K_refine=4)
[gen] step 30/416  (K_refine=4)
[gen] step 40/416  (K_refine=4)
[gen] step 50/416  (K_refine=4)
[gen] step 60/416  (K_refine=4)
[gen] step 70/416  (K_refine=4)
[gen] step 80/416  (K_refine=4)
[gen] step 90/416  (K_refine=4)
[gen] step 100/416  (K_refine=4)
[gen] step 110/416  (K_refine=4)
[gen] step 120/416  (K_refine=4)
[gen] step 130/416  (K_refine=4)
[gen] step 140/416  (K_refine=4)
[gen] step 150/416  (K_refine=4)
[gen] step 160/416  (K_refine=4)
[gen] step 170/416  (K_refine=4)
[gen] step 180/416  (K_refine=4)
[gen] step 190/416  (K_refine=4)
[gen] step 200/416  (K_refine=4)
[gen] step 210/416  (K_refine=4)
[gen] step 220/416  (K_refine=4)
[gen] step 230/416  (K_refine=4)
[gen] step 240/416  (K_refine=4)
[gen] step 250/416  (K_refine=4)
[gen] step 260/416  (K_refine=4)
[gen] step 270/416  (K_refine=4)
[gen] step 280/416  (K_refine=4)
[gen] step 290/416  (K_refine=4)
[gen] step 300/416  (K_refine=4)
[gen] step 310/416  (K_refine=4)
[gen] step 320/416  (K_refine=4)
[gen] step 330/416  (K_refine=4)
[gen] step 340/416  (K_refine=4)
[gen] step 350/416  (K_refine=4)
[gen] step 360/416  (K_refine=4)
[gen] step 370/416  (K_refine=4)
[gen] step 380/416  (K_refine=4)
[gen] step 390/416  (K_refine=4)
[gen] step 400/416  (K_refine=4)
[gen] step 410/416  (K_refine=4)
    -> temp/E1_v5b/A3/116/co/sample_2_temp1.0.mid

[18/95] 126
  mode=co
[gen] A3_REFINE_STEPS=4 (env override)
[gen] A3_FINAL_TEMP=0.9 (env override)
[gen] A3_TOP_P=0.95 (nucleus sampling)
[gen] step 0/416  (K_refine=4)
[gen] step 10/416  (K_refine=4)
[gen] step 20/416  (K_refine=4)
[gen] step 30/416  (K_refine=4)
[gen] step 40/416  (K_refine=4)
[gen] step 50/416  (K_refine=4)
[gen] step 60/416  (K_refine=4)
[gen] step 70/416  (K_refine=4)
[gen] step 80/416  (K_refine=4)
[gen] step 90/416  (K_refine=4)
[gen] step 100/416  (K_refine=4)
[gen] step 110/416  (K_refine=4)
[gen] step 120/416  (K_refine=4)
[gen] step 130/416  (K_refine=4)
[gen] step 140/416  (K_refine=4)
[gen] step 150/416  (K_refine=4)
[gen] step 160/416  (K_refine=4)
[gen] step 170/416  (K_refine=4)
[gen] step 180/416  (K_refine=4)
[gen] step 190/416  (K_refine=4)
[gen] step 200/416  (K_refine=4)
[gen] step 210/416  (K_refine=4)
[gen] step 220/416  (K_refine=4)
[gen] step 230/416  (K_refine=4)
[gen] step 240/416  (K_refine=4)
[gen] step 250/416  (K_refine=4)
[gen] step 260/416  (K_refine=4)
[gen] step 270/416  (K_refine=4)
[gen] step 280/416  (K_refine=4)
[gen] step 290/416  (K_refine=4)
[gen] step 300/416  (K_refine=4)
[gen] step 310/416  (K_refine=4)
[gen] step 320/416  (K_refine=4)
[gen] step 330/416  (K_refine=4)
[gen] step 340/416  (K_refine=4)
[gen] step 350/416  (K_refine=4)
[gen] step 360/416  (K_refine=4)
[gen] step 370/416  (K_refine=4)
[gen] step 380/416  (K_refine=4)
[gen] step 390/416  (K_refine=4)
[gen] step 400/416  (K_refine=4)
[gen] step 410/416  (K_refine=4)
    -> temp/E1_v5b/A3/126/co/sample_0_temp1.0.mid
[gen] A3_REFINE_STEPS=4 (env override)
[gen] A3_FINAL_TEMP=0.9 (env override)
[gen] A3_TOP_P=0.95 (nucleus sampling)
[gen] step 0/416  (K_refine=4)
[gen] step 10/416  (K_refine=4)
[gen] step 20/416  (K_refine=4)
[gen] step 30/416  (K_refine=4)
[gen] step 40/416  (K_refine=4)
[gen] step 50/416  (K_refine=4)
[gen] step 60/416  (K_refine=4)
[gen] step 70/416  (K_refine=4)
[gen] step 80/416  (K_refine=4)
[gen] step 90/416  (K_refine=4)
[gen] step 100/416  (K_refine=4)
[gen] step 110/416  (K_refine=4)
[gen] step 120/416  (K_refine=4)
[gen] step 130/416  (K_refine=4)
[gen] step 140/416  (K_refine=4)
[gen] step 150/416  (K_refine=4)
[gen] step 160/416  (K_refine=4)
[gen] step 170/416  (K_refine=4)
[gen] step 180/416  (K_refine=4)
[gen] step 190/416  (K_refine=4)
[gen] step 200/416  (K_refine=4)
[gen] step 210/416  (K_refine=4)
[gen] step 220/416  (K_refine=4)
[gen] step 230/416  (K_refine=4)
[gen] step 240/416  (K_refine=4)
[gen] step 250/416  (K_refine=4)
[gen] step 260/416  (K_refine=4)
[gen] step 270/416  (K_refine=4)
[gen] step 280/416  (K_refine=4)
[gen] step 290/416  (K_refine=4)
[gen] step 300/416  (K_refine=4)
[gen] step 310/416  (K_refine=4)
[gen] step 320/416  (K_refine=4)
[gen] step 330/416  (K_refine=4)
[gen] step 340/416  (K_refine=4)
[gen] step 350/416  (K_refine=4)
[gen] step 360/416  (K_refine=4)
[gen] step 370/416  (K_refine=4)
[gen] step 380/416  (K_refine=4)
[gen] step 390/416  (K_refine=4)
[gen] step 400/416  (K_refine=4)
[gen] step 410/416  (K_refine=4)
    -> temp/E1_v5b/A3/126/co/sample_1_temp1.0.mid
[gen] A3_REFINE_STEPS=4 (env override)
[gen] A3_FINAL_TEMP=0.9 (env override)
[gen] A3_TOP_P=0.95 (nucleus sampling)
[gen] step 0/416  (K_refine=4)
[gen] step 10/416  (K_refine=4)
[gen] step 20/416  (K_refine=4)
[gen] step 30/416  (K_refine=4)
[gen] step 40/416  (K_refine=4)
[gen] step 50/416  (K_refine=4)
[gen] step 60/416  (K_refine=4)
[gen] step 70/416  (K_refine=4)
[gen] step 80/416  (K_refine=4)
[gen] step 90/416  (K_refine=4)
[gen] step 100/416  (K_refine=4)
[gen] step 110/416  (K_refine=4)
[gen] step 120/416  (K_refine=4)
[gen] step 130/416  (K_refine=4)
[gen] step 140/416  (K_refine=4)
[gen] step 150/416  (K_refine=4)
[gen] step 160/416  (K_refine=4)
[gen] step 170/416  (K_refine=4)
[gen] step 180/416  (K_refine=4)
[gen] step 190/416  (K_refine=4)
[gen] step 200/416  (K_refine=4)
[gen] step 210/416  (K_refine=4)
[gen] step 220/416  (K_refine=4)
[gen] step 230/416  (K_refine=4)
[gen] step 240/416  (K_refine=4)
[gen] step 250/416  (K_refine=4)
[gen] step 260/416  (K_refine=4)
[gen] step 270/416  (K_refine=4)
[gen] step 280/416  (K_refine=4)
[gen] step 290/416  (K_refine=4)
[gen] step 300/416  (K_refine=4)
[gen] step 310/416  (K_refine=4)
[gen] step 320/416  (K_refine=4)
[gen] step 330/416  (K_refine=4)
[gen] step 340/416  (K_refine=4)
[gen] step 350/416  (K_refine=4)
[gen] step 360/416  (K_refine=4)
[gen] step 370/416  (K_refine=4)
[gen] step 380/416  (K_refine=4)
[gen] step 390/416  (K_refine=4)
[gen] step 400/416  (K_refine=4)
[gen] step 410/416  (K_refine=4)
    -> temp/E1_v5b/A3/126/co/sample_2_temp1.0.mid

[19/95] 136
  mode=co
[gen] A3_REFINE_STEPS=4 (env override)
[gen] A3_FINAL_TEMP=0.9 (env override)
[gen] A3_TOP_P=0.95 (nucleus sampling)
[gen] step 0/416  (K_refine=4)
[gen] step 10/416  (K_refine=4)
[gen] step 20/416  (K_refine=4)
[gen] step 30/416  (K_refine=4)
[gen] step 40/416  (K_refine=4)
[gen] step 50/416  (K_refine=4)
[gen] step 60/416  (K_refine=4)
[gen] step 70/416  (K_refine=4)
[gen] step 80/416  (K_refine=4)
[gen] step 90/416  (K_refine=4)
[gen] step 100/416  (K_refine=4)
[gen] step 110/416  (K_refine=4)
[gen] step 120/416  (K_refine=4)
[gen] step 130/416  (K_refine=4)
[gen] step 140/416  (K_refine=4)
[gen] step 150/416  (K_refine=4)
[gen] step 160/416  (K_refine=4)
[gen] step 170/416  (K_refine=4)
[gen] step 180/416  (K_refine=4)
[gen] step 190/416  (K_refine=4)
[gen] step 200/416  (K_refine=4)
[gen] step 210/416  (K_refine=4)
[gen] step 220/416  (K_refine=4)
[gen] step 230/416  (K_refine=4)
[gen] step 240/416  (K_refine=4)
[gen] step 250/416  (K_refine=4)
[gen] step 260/416  (K_refine=4)
[gen] step 270/416  (K_refine=4)
[gen] step 280/416  (K_refine=4)
[gen] step 290/416  (K_refine=4)
[gen] step 300/416  (K_refine=4)
[gen] step 310/416  (K_refine=4)
[gen] step 320/416  (K_refine=4)
[gen] step 330/416  (K_refine=4)
[gen] step 340/416  (K_refine=4)
[gen] step 350/416  (K_refine=4)
[gen] step 360/416  (K_refine=4)
[gen] step 370/416  (K_refine=4)
[gen] step 380/416  (K_refine=4)
[gen] step 390/416  (K_refine=4)
[gen] step 400/416  (K_refine=4)
[gen] step 410/416  (K_refine=4)
    -> temp/E1_v5b/A3/136/co/sample_0_temp1.0.mid
[gen] A3_REFINE_STEPS=4 (env override)
[gen] A3_FINAL_TEMP=0.9 (env override)
[gen] A3_TOP_P=0.95 (nucleus sampling)
[gen] step 0/416  (K_refine=4)
[gen] step 10/416  (K_refine=4)
[gen] step 20/416  (K_refine=4)
[gen] step 30/416  (K_refine=4)
[gen] step 40/416  (K_refine=4)
[gen] step 50/416  (K_refine=4)
[gen] step 60/416  (K_refine=4)
[gen] step 70/416  (K_refine=4)
[gen] step 80/416  (K_refine=4)
[gen] step 90/416  (K_refine=4)
[gen] step 100/416  (K_refine=4)
[gen] step 110/416  (K_refine=4)
[gen] step 120/416  (K_refine=4)
[gen] step 130/416  (K_refine=4)
[gen] step 140/416  (K_refine=4)
[gen] step 150/416  (K_refine=4)
[gen] step 160/416  (K_refine=4)
[gen] step 170/416  (K_refine=4)
[gen] step 180/416  (K_refine=4)
[gen] step 190/416  (K_refine=4)
[gen] step 200/416  (K_refine=4)
[gen] step 210/416  (K_refine=4)
[gen] step 220/416  (K_refine=4)
[gen] step 230/416  (K_refine=4)
[gen] step 240/416  (K_refine=4)
[gen] step 250/416  (K_refine=4)
[gen] step 260/416  (K_refine=4)
[gen] step 270/416  (K_refine=4)
[gen] step 280/416  (K_refine=4)
[gen] step 290/416  (K_refine=4)
[gen] step 300/416  (K_refine=4)
[gen] step 310/416  (K_refine=4)
[gen] step 320/416  (K_refine=4)
[gen] step 330/416  (K_refine=4)
[gen] step 340/416  (K_refine=4)
[gen] step 350/416  (K_refine=4)
[gen] step 360/416  (K_refine=4)
[gen] step 370/416  (K_refine=4)
[gen] step 380/416  (K_refine=4)
[gen] step 390/416  (K_refine=4)
[gen] step 400/416  (K_refine=4)
[gen] step 410/416  (K_refine=4)
    -> temp/E1_v5b/A3/136/co/sample_1_temp1.0.mid
[gen] A3_REFINE_STEPS=4 (env override)
[gen] A3_FINAL_TEMP=0.9 (env override)
[gen] A3_TOP_P=0.95 (nucleus sampling)
[gen] step 0/416  (K_refine=4)
[gen] step 10/416  (K_refine=4)
[gen] step 20/416  (K_refine=4)
[gen] step 30/416  (K_refine=4)
[gen] step 40/416  (K_refine=4)
[gen] step 50/416  (K_refine=4)
[gen] step 60/416  (K_refine=4)
[gen] step 70/416  (K_refine=4)
[gen] step 80/416  (K_refine=4)
[gen] step 90/416  (K_refine=4)
[gen] step 100/416  (K_refine=4)
[gen] step 110/416  (K_refine=4)
[gen] step 120/416  (K_refine=4)
[gen] step 130/416  (K_refine=4)
[gen] step 140/416  (K_refine=4)
[gen] step 150/416  (K_refine=4)
[gen] step 160/416  (K_refine=4)
[gen] step 170/416  (K_refine=4)
[gen] step 180/416  (K_refine=4)
[gen] step 190/416  (K_refine=4)
[gen] step 200/416  (K_refine=4)
[gen] step 210/416  (K_refine=4)
[gen] step 220/416  (K_refine=4)
[gen] step 230/416  (K_refine=4)
[gen] step 240/416  (K_refine=4)
[gen] step 250/416  (K_refine=4)
[gen] step 260/416  (K_refine=4)
[gen] step 270/416  (K_refine=4)
[gen] step 280/416  (K_refine=4)
[gen] step 290/416  (K_refine=4)
[gen] step 300/416  (K_refine=4)
[gen] step 310/416  (K_refine=4)
[gen] step 320/416  (K_refine=4)
[gen] step 330/416  (K_refine=4)
[gen] step 340/416  (K_refine=4)
[gen] step 350/416  (K_refine=4)
[gen] step 360/416  (K_refine=4)
[gen] step 370/416  (K_refine=4)
[gen] step 380/416  (K_refine=4)
[gen] step 390/416  (K_refine=4)
[gen] step 400/416  (K_refine=4)
[gen] step 410/416  (K_refine=4)
    -> temp/E1_v5b/A3/136/co/sample_2_temp1.0.mid

[20/95] 146
  mode=co
[gen] A3_REFINE_STEPS=4 (env override)
[gen] A3_FINAL_TEMP=0.9 (env override)
[gen] A3_TOP_P=0.95 (nucleus sampling)
[gen] step 0/416  (K_refine=4)
[gen] step 10/416  (K_refine=4)
[gen] step 20/416  (K_refine=4)
[gen] step 30/416  (K_refine=4)
[gen] step 40/416  (K_refine=4)
[gen] step 50/416  (K_refine=4)
[gen] step 60/416  (K_refine=4)
[gen] step 70/416  (K_refine=4)
[gen] step 80/416  (K_refine=4)
[gen] step 90/416  (K_refine=4)
[gen] step 100/416  (K_refine=4)
[gen] step 110/416  (K_refine=4)
[gen] step 120/416  (K_refine=4)
[gen] step 130/416  (K_refine=4)
[gen] step 140/416  (K_refine=4)
[gen] step 150/416  (K_refine=4)
[gen] step 160/416  (K_refine=4)
[gen] step 170/416  (K_refine=4)
[gen] step 180/416  (K_refine=4)
[gen] step 190/416  (K_refine=4)
[gen] step 200/416  (K_refine=4)
[gen] step 210/416  (K_refine=4)
[gen] step 220/416  (K_refine=4)
[gen] step 230/416  (K_refine=4)
[gen] step 240/416  (K_refine=4)
[gen] step 250/416  (K_refine=4)
[gen] step 260/416  (K_refine=4)
[gen] step 270/416  (K_refine=4)
[gen] step 280/416  (K_refine=4)
[gen] step 290/416  (K_refine=4)
[gen] step 300/416  (K_refine=4)
[gen] step 310/416  (K_refine=4)
[gen] step 320/416  (K_refine=4)
[gen] step 330/416  (K_refine=4)
[gen] step 340/416  (K_refine=4)
[gen] step 350/416  (K_refine=4)
[gen] step 360/416  (K_refine=4)
[gen] step 370/416  (K_refine=4)
[gen] step 380/416  (K_refine=4)
[gen] step 390/416  (K_refine=4)
[gen] step 400/416  (K_refine=4)
[gen] step 410/416  (K_refine=4)
    -> temp/E1_v5b/A3/146/co/sample_0_temp1.0.mid
[gen] A3_REFINE_STEPS=4 (env override)
[gen] A3_FINAL_TEMP=0.9 (env override)
[gen] A3_TOP_P=0.95 (nucleus sampling)
[gen] step 0/416  (K_refine=4)
[gen] step 10/416  (K_refine=4)
[gen] step 20/416  (K_refine=4)
[gen] step 30/416  (K_refine=4)
[gen] step 40/416  (K_refine=4)
[gen] step 50/416  (K_refine=4)
[gen] step 60/416  (K_refine=4)
[gen] step 70/416  (K_refine=4)
[gen] step 80/416  (K_refine=4)
[gen] step 90/416  (K_refine=4)
[gen] step 100/416  (K_refine=4)
[gen] step 110/416  (K_refine=4)
[gen] step 120/416  (K_refine=4)
[gen] step 130/416  (K_refine=4)
[gen] step 140/416  (K_refine=4)
[gen] step 150/416  (K_refine=4)
[gen] step 160/416  (K_refine=4)
[gen] step 170/416  (K_refine=4)
[gen] step 180/416  (K_refine=4)
[gen] step 190/416  (K_refine=4)
[gen] step 200/416  (K_refine=4)
[gen] step 210/416  (K_refine=4)
[gen] step 220/416  (K_refine=4)
[gen] step 230/416  (K_refine=4)
[gen] step 240/416  (K_refine=4)
[gen] step 250/416  (K_refine=4)
[gen] step 260/416  (K_refine=4)
[gen] step 270/416  (K_refine=4)
[gen] step 280/416  (K_refine=4)
[gen] step 290/416  (K_refine=4)
[gen] step 300/416  (K_refine=4)
[gen] step 310/416  (K_refine=4)
[gen] step 320/416  (K_refine=4)
[gen] step 330/416  (K_refine=4)
[gen] step 340/416  (K_refine=4)
[gen] step 350/416  (K_refine=4)
[gen] step 360/416  (K_refine=4)
[gen] step 370/416  (K_refine=4)
[gen] step 380/416  (K_refine=4)
[gen] step 390/416  (K_refine=4)
[gen] step 400/416  (K_refine=4)
[gen] step 410/416  (K_refine=4)
    -> temp/E1_v5b/A3/146/co/sample_1_temp1.0.mid
[gen] A3_REFINE_STEPS=4 (env override)
[gen] A3_FINAL_TEMP=0.9 (env override)
[gen] A3_TOP_P=0.95 (nucleus sampling)
[gen] step 0/416  (K_refine=4)
[gen] step 10/416  (K_refine=4)
[gen] step 20/416  (K_refine=4)
[gen] step 30/416  (K_refine=4)
[gen] step 40/416  (K_refine=4)
[gen] step 50/416  (K_refine=4)
[gen] step 60/416  (K_refine=4)
[gen] step 70/416  (K_refine=4)
[gen] step 80/416  (K_refine=4)
[gen] step 90/416  (K_refine=4)
[gen] step 100/416  (K_refine=4)
[gen] step 110/416  (K_refine=4)
[gen] step 120/416  (K_refine=4)
[gen] step 130/416  (K_refine=4)
[gen] step 140/416  (K_refine=4)
[gen] step 150/416  (K_refine=4)
[gen] step 160/416  (K_refine=4)
[gen] step 170/416  (K_refine=4)
[gen] step 180/416  (K_refine=4)
[gen] step 190/416  (K_refine=4)
[gen] step 200/416  (K_refine=4)
[gen] step 210/416  (K_refine=4)
[gen] step 220/416  (K_refine=4)
[gen] step 230/416  (K_refine=4)
[gen] step 240/416  (K_refine=4)
[gen] step 250/416  (K_refine=4)
[gen] step 260/416  (K_refine=4)
[gen] step 270/416  (K_refine=4)
[gen] step 280/416  (K_refine=4)
[gen] step 290/416  (K_refine=4)
[gen] step 300/416  (K_refine=4)
[gen] step 310/416  (K_refine=4)
[gen] step 320/416  (K_refine=4)
[gen] step 330/416  (K_refine=4)
[gen] step 340/416  (K_refine=4)
[gen] step 350/416  (K_refine=4)
[gen] step 360/416  (K_refine=4)
[gen] step 370/416  (K_refine=4)
[gen] step 380/416  (K_refine=4)
[gen] step 390/416  (K_refine=4)
[gen] step 400/416  (K_refine=4)
[gen] step 410/416  (K_refine=4)
    -> temp/E1_v5b/A3/146/co/sample_2_temp1.0.mid

[21/95] 156
  mode=co
[gen] A3_REFINE_STEPS=4 (env override)
[gen] A3_FINAL_TEMP=0.9 (env override)
[gen] A3_TOP_P=0.95 (nucleus sampling)
[gen] step 0/416  (K_refine=4)
[gen] step 10/416  (K_refine=4)
[gen] step 20/416  (K_refine=4)
[gen] step 30/416  (K_refine=4)
[gen] step 40/416  (K_refine=4)
[gen] step 50/416  (K_refine=4)
[gen] step 60/416  (K_refine=4)
[gen] step 70/416  (K_refine=4)
[gen] step 80/416  (K_refine=4)
[gen] step 90/416  (K_refine=4)
[gen] step 100/416  (K_refine=4)
[gen] step 110/416  (K_refine=4)
[gen] step 120/416  (K_refine=4)
[gen] step 130/416  (K_refine=4)
[gen] step 140/416  (K_refine=4)
[gen] step 150/416  (K_refine=4)
[gen] step 160/416  (K_refine=4)
[gen] step 170/416  (K_refine=4)
[gen] step 180/416  (K_refine=4)
[gen] step 190/416  (K_refine=4)
[gen] step 200/416  (K_refine=4)
[gen] step 210/416  (K_refine=4)
[gen] step 220/416  (K_refine=4)
[gen] step 230/416  (K_refine=4)
[gen] step 240/416  (K_refine=4)
[gen] step 250/416  (K_refine=4)
[gen] step 260/416  (K_refine=4)
[gen] step 270/416  (K_refine=4)
[gen] step 280/416  (K_refine=4)
[gen] step 290/416  (K_refine=4)
[gen] step 300/416  (K_refine=4)
[gen] step 310/416  (K_refine=4)
[gen] step 320/416  (K_refine=4)
[gen] step 330/416  (K_refine=4)
[gen] step 340/416  (K_refine=4)
[gen] step 350/416  (K_refine=4)
[gen] step 360/416  (K_refine=4)
[gen] step 370/416  (K_refine=4)
[gen] step 380/416  (K_refine=4)
[gen] step 390/416  (K_refine=4)
[gen] step 400/416  (K_refine=4)
[gen] step 410/416  (K_refine=4)
    -> temp/E1_v5b/A3/156/co/sample_0_temp1.0.mid
[gen] A3_REFINE_STEPS=4 (env override)
[gen] A3_FINAL_TEMP=0.9 (env override)
[gen] A3_TOP_P=0.95 (nucleus sampling)
[gen] step 0/416  (K_refine=4)
[gen] step 10/416  (K_refine=4)
[gen] step 20/416  (K_refine=4)
[gen] step 30/416  (K_refine=4)
[gen] step 40/416  (K_refine=4)
[gen] step 50/416  (K_refine=4)
[gen] step 60/416  (K_refine=4)
[gen] step 70/416  (K_refine=4)
[gen] step 80/416  (K_refine=4)
[gen] step 90/416  (K_refine=4)
[gen] step 100/416  (K_refine=4)
[gen] step 110/416  (K_refine=4)
[gen] step 120/416  (K_refine=4)
[gen] step 130/416  (K_refine=4)
[gen] step 140/416  (K_refine=4)
[gen] step 150/416  (K_refine=4)
[gen] step 160/416  (K_refine=4)
[gen] step 170/416  (K_refine=4)
[gen] step 180/416  (K_refine=4)
[gen] step 190/416  (K_refine=4)
[gen] step 200/416  (K_refine=4)
[gen] step 210/416  (K_refine=4)
[gen] step 220/416  (K_refine=4)
[gen] step 230/416  (K_refine=4)
[gen] step 240/416  (K_refine=4)
[gen] step 250/416  (K_refine=4)
[gen] step 260/416  (K_refine=4)
[gen] step 270/416  (K_refine=4)
[gen] step 280/416  (K_refine=4)
[gen] step 290/416  (K_refine=4)
[gen] step 300/416  (K_refine=4)
[gen] step 310/416  (K_refine=4)
[gen] step 320/416  (K_refine=4)
[gen] step 330/416  (K_refine=4)
[gen] step 340/416  (K_refine=4)
[gen] step 350/416  (K_refine=4)
[gen] step 360/416  (K_refine=4)
[gen] step 370/416  (K_refine=4)
[gen] step 380/416  (K_refine=4)
[gen] step 390/416  (K_refine=4)
[gen] step 400/416  (K_refine=4)
[gen] step 410/416  (K_refine=4)
    -> temp/E1_v5b/A3/156/co/sample_1_temp1.0.mid
[gen] A3_REFINE_STEPS=4 (env override)
[gen] A3_FINAL_TEMP=0.9 (env override)
[gen] A3_TOP_P=0.95 (nucleus sampling)
[gen] step 0/416  (K_refine=4)
[gen] step 10/416  (K_refine=4)
[gen] step 20/416  (K_refine=4)
[gen] step 30/416  (K_refine=4)
[gen] step 40/416  (K_refine=4)
[gen] step 50/416  (K_refine=4)
[gen] step 60/416  (K_refine=4)
[gen] step 70/416  (K_refine=4)
[gen] step 80/416  (K_refine=4)
[gen] step 90/416  (K_refine=4)
[gen] step 100/416  (K_refine=4)
[gen] step 110/416  (K_refine=4)
[gen] step 120/416  (K_refine=4)
[gen] step 130/416  (K_refine=4)
[gen] step 140/416  (K_refine=4)
[gen] step 150/416  (K_refine=4)
[gen] step 160/416  (K_refine=4)
[gen] step 170/416  (K_refine=4)
[gen] step 180/416  (K_refine=4)
[gen] step 190/416  (K_refine=4)
[gen] step 200/416  (K_refine=4)
[gen] step 210/416  (K_refine=4)
[gen] step 220/416  (K_refine=4)
[gen] step 230/416  (K_refine=4)
[gen] step 240/416  (K_refine=4)
[gen] step 250/416  (K_refine=4)
[gen] step 260/416  (K_refine=4)
[gen] step 270/416  (K_refine=4)
[gen] step 280/416  (K_refine=4)
[gen] step 290/416  (K_refine=4)
[gen] step 300/416  (K_refine=4)
[gen] step 310/416  (K_refine=4)
[gen] step 320/416  (K_refine=4)
[gen] step 330/416  (K_refine=4)
[gen] step 340/416  (K_refine=4)
[gen] step 350/416  (K_refine=4)
[gen] step 360/416  (K_refine=4)
[gen] step 370/416  (K_refine=4)
[gen] step 380/416  (K_refine=4)
[gen] step 390/416  (K_refine=4)
[gen] step 400/416  (K_refine=4)
[gen] step 410/416  (K_refine=4)
    -> temp/E1_v5b/A3/156/co/sample_2_temp1.0.mid

[22/95] 166
  mode=co
[gen] A3_REFINE_STEPS=4 (env override)
[gen] A3_FINAL_TEMP=0.9 (env override)
[gen] A3_TOP_P=0.95 (nucleus sampling)
[gen] step 0/416  (K_refine=4)
[gen] step 10/416  (K_refine=4)
[gen] step 20/416  (K_refine=4)
[gen] step 30/416  (K_refine=4)
[gen] step 40/416  (K_refine=4)
[gen] step 50/416  (K_refine=4)
[gen] step 60/416  (K_refine=4)
[gen] step 70/416  (K_refine=4)
[gen] step 80/416  (K_refine=4)
[gen] step 90/416  (K_refine=4)
[gen] step 100/416  (K_refine=4)
[gen] step 110/416  (K_refine=4)
[gen] step 120/416  (K_refine=4)
[gen] step 130/416  (K_refine=4)
[gen] step 140/416  (K_refine=4)
[gen] step 150/416  (K_refine=4)
[gen] step 160/416  (K_refine=4)
[gen] step 170/416  (K_refine=4)
[gen] step 180/416  (K_refine=4)
[gen] step 190/416  (K_refine=4)
[gen] step 200/416  (K_refine=4)
[gen] step 210/416  (K_refine=4)
[gen] step 220/416  (K_refine=4)
[gen] step 230/416  (K_refine=4)
[gen] step 240/416  (K_refine=4)
[gen] step 250/416  (K_refine=4)
[gen] step 260/416  (K_refine=4)
[gen] step 270/416  (K_refine=4)
[gen] step 280/416  (K_refine=4)
[gen] step 290/416  (K_refine=4)
[gen] step 300/416  (K_refine=4)
[gen] step 310/416  (K_refine=4)
[gen] step 320/416  (K_refine=4)
[gen] step 330/416  (K_refine=4)
[gen] step 340/416  (K_refine=4)
[gen] step 350/416  (K_refine=4)
[gen] step 360/416  (K_refine=4)
[gen] step 370/416  (K_refine=4)
[gen] step 380/416  (K_refine=4)
[gen] step 390/416  (K_refine=4)
[gen] step 400/416  (K_refine=4)
[gen] step 410/416  (K_refine=4)
    -> temp/E1_v5b/A3/166/co/sample_0_temp1.0.mid
[gen] A3_REFINE_STEPS=4 (env override)
[gen] A3_FINAL_TEMP=0.9 (env override)
[gen] A3_TOP_P=0.95 (nucleus sampling)
[gen] step 0/416  (K_refine=4)
[gen] step 10/416  (K_refine=4)
[gen] step 20/416  (K_refine=4)
[gen] step 30/416  (K_refine=4)
[gen] step 40/416  (K_refine=4)
[gen] step 50/416  (K_refine=4)
[gen] step 60/416  (K_refine=4)
[gen] step 70/416  (K_refine=4)
[gen] step 80/416  (K_refine=4)
[gen] step 90/416  (K_refine=4)
[gen] step 100/416  (K_refine=4)
[gen] step 110/416  (K_refine=4)
[gen] step 120/416  (K_refine=4)
[gen] step 130/416  (K_refine=4)
[gen] step 140/416  (K_refine=4)
[gen] step 150/416  (K_refine=4)
[gen] step 160/416  (K_refine=4)
[gen] step 170/416  (K_refine=4)
[gen] step 180/416  (K_refine=4)
[gen] step 190/416  (K_refine=4)
[gen] step 200/416  (K_refine=4)
[gen] step 210/416  (K_refine=4)
[gen] step 220/416  (K_refine=4)
[gen] step 230/416  (K_refine=4)
[gen] step 240/416  (K_refine=4)
[gen] step 250/416  (K_refine=4)
[gen] step 260/416  (K_refine=4)
[gen] step 270/416  (K_refine=4)
[gen] step 280/416  (K_refine=4)
[gen] step 290/416  (K_refine=4)
[gen] step 300/416  (K_refine=4)
[gen] step 310/416  (K_refine=4)
[gen] step 320/416  (K_refine=4)
[gen] step 330/416  (K_refine=4)
[gen] step 340/416  (K_refine=4)
[gen] step 350/416  (K_refine=4)
[gen] step 360/416  (K_refine=4)
[gen] step 370/416  (K_refine=4)
[gen] step 380/416  (K_refine=4)
[gen] step 390/416  (K_refine=4)
[gen] step 400/416  (K_refine=4)
[gen] step 410/416  (K_refine=4)
    -> temp/E1_v5b/A3/166/co/sample_1_temp1.0.mid
[gen] A3_REFINE_STEPS=4 (env override)
[gen] A3_FINAL_TEMP=0.9 (env override)
[gen] A3_TOP_P=0.95 (nucleus sampling)
[gen] step 0/416  (K_refine=4)
[gen] step 10/416  (K_refine=4)
[gen] step 20/416  (K_refine=4)
[gen] step 30/416  (K_refine=4)
[gen] step 40/416  (K_refine=4)
[gen] step 50/416  (K_refine=4)
[gen] step 60/416  (K_refine=4)
[gen] step 70/416  (K_refine=4)
[gen] step 80/416  (K_refine=4)
[gen] step 90/416  (K_refine=4)
[gen] step 100/416  (K_refine=4)
[gen] step 110/416  (K_refine=4)
[gen] step 120/416  (K_refine=4)
[gen] step 130/416  (K_refine=4)
[gen] step 140/416  (K_refine=4)
[gen] step 150/416  (K_refine=4)
[gen] step 160/416  (K_refine=4)
[gen] step 170/416  (K_refine=4)
[gen] step 180/416  (K_refine=4)
[gen] step 190/416  (K_refine=4)
[gen] step 200/416  (K_refine=4)
[gen] step 210/416  (K_refine=4)
[gen] step 220/416  (K_refine=4)
[gen] step 230/416  (K_refine=4)
[gen] step 240/416  (K_refine=4)
[gen] step 250/416  (K_refine=4)
[gen] step 260/416  (K_refine=4)
[gen] step 270/416  (K_refine=4)
[gen] step 280/416  (K_refine=4)
[gen] step 290/416  (K_refine=4)
[gen] step 300/416  (K_refine=4)
[gen] step 310/416  (K_refine=4)
[gen] step 320/416  (K_refine=4)
[gen] step 330/416  (K_refine=4)
[gen] step 340/416  (K_refine=4)
[gen] step 350/416  (K_refine=4)
[gen] step 360/416  (K_refine=4)
[gen] step 370/416  (K_refine=4)
[gen] step 380/416  (K_refine=4)
[gen] step 390/416  (K_refine=4)
[gen] step 400/416  (K_refine=4)
[gen] step 410/416  (K_refine=4)
    -> temp/E1_v5b/A3/166/co/sample_2_temp1.0.mid

[23/95] 176
  mode=co
[gen] A3_REFINE_STEPS=4 (env override)
[gen] A3_FINAL_TEMP=0.9 (env override)
[gen] A3_TOP_P=0.95 (nucleus sampling)
[gen] step 0/416  (K_refine=4)
[gen] step 10/416  (K_refine=4)
[gen] step 20/416  (K_refine=4)
[gen] step 30/416  (K_refine=4)
[gen] step 40/416  (K_refine=4)
[gen] step 50/416  (K_refine=4)
[gen] step 60/416  (K_refine=4)
[gen] step 70/416  (K_refine=4)
[gen] step 80/416  (K_refine=4)
[gen] step 90/416  (K_refine=4)
[gen] step 100/416  (K_refine=4)
[gen] step 110/416  (K_refine=4)
[gen] step 120/416  (K_refine=4)
[gen] step 130/416  (K_refine=4)
[gen] step 140/416  (K_refine=4)
[gen] step 150/416  (K_refine=4)
[gen] step 160/416  (K_refine=4)
[gen] step 170/416  (K_refine=4)
[gen] step 180/416  (K_refine=4)
[gen] step 190/416  (K_refine=4)
[gen] step 200/416  (K_refine=4)
[gen] step 210/416  (K_refine=4)
[gen] step 220/416  (K_refine=4)
[gen] step 230/416  (K_refine=4)
[gen] step 240/416  (K_refine=4)
[gen] step 250/416  (K_refine=4)
[gen] step 260/416  (K_refine=4)
[gen] step 270/416  (K_refine=4)
[gen] step 280/416  (K_refine=4)
[gen] step 290/416  (K_refine=4)
[gen] step 300/416  (K_refine=4)
[gen] step 310/416  (K_refine=4)
[gen] step 320/416  (K_refine=4)
[gen] step 330/416  (K_refine=4)
[gen] step 340/416  (K_refine=4)
[gen] step 350/416  (K_refine=4)
[gen] step 360/416  (K_refine=4)
[gen] step 370/416  (K_refine=4)
[gen] step 380/416  (K_refine=4)
[gen] step 390/416  (K_refine=4)
[gen] step 400/416  (K_refine=4)
[gen] step 410/416  (K_refine=4)
    -> temp/E1_v5b/A3/176/co/sample_0_temp1.0.mid
[gen] A3_REFINE_STEPS=4 (env override)
[gen] A3_FINAL_TEMP=0.9 (env override)
[gen] A3_TOP_P=0.95 (nucleus sampling)
[gen] step 0/416  (K_refine=4)
[gen] step 10/416  (K_refine=4)
[gen] step 20/416  (K_refine=4)
[gen] step 30/416  (K_refine=4)
[gen] step 40/416  (K_refine=4)
[gen] step 50/416  (K_refine=4)
[gen] step 60/416  (K_refine=4)
[gen] step 70/416  (K_refine=4)
[gen] step 80/416  (K_refine=4)
[gen] step 90/416  (K_refine=4)
[gen] step 100/416  (K_refine=4)
[gen] step 110/416  (K_refine=4)
[gen] step 120/416  (K_refine=4)
[gen] step 130/416  (K_refine=4)
[gen] step 140/416  (K_refine=4)
[gen] step 150/416  (K_refine=4)
[gen] step 160/416  (K_refine=4)
[gen] step 170/416  (K_refine=4)
[gen] step 180/416  (K_refine=4)
[gen] step 190/416  (K_refine=4)
[gen] step 200/416  (K_refine=4)
[gen] step 210/416  (K_refine=4)
[gen] step 220/416  (K_refine=4)
[gen] step 230/416  (K_refine=4)
[gen] step 240/416  (K_refine=4)
[gen] step 250/416  (K_refine=4)
[gen] step 260/416  (K_refine=4)
[gen] step 270/416  (K_refine=4)
[gen] step 280/416  (K_refine=4)
[gen] step 290/416  (K_refine=4)
[gen] step 300/416  (K_refine=4)
[gen] step 310/416  (K_refine=4)
[gen] step 320/416  (K_refine=4)
[gen] step 330/416  (K_refine=4)
[gen] step 340/416  (K_refine=4)
[gen] step 350/416  (K_refine=4)
[gen] step 360/416  (K_refine=4)
[gen] step 370/416  (K_refine=4)
[gen] step 380/416  (K_refine=4)
[gen] step 390/416  (K_refine=4)
[gen] step 400/416  (K_refine=4)
[gen] step 410/416  (K_refine=4)
    -> temp/E1_v5b/A3/176/co/sample_1_temp1.0.mid
[gen] A3_REFINE_STEPS=4 (env override)
[gen] A3_FINAL_TEMP=0.9 (env override)
[gen] A3_TOP_P=0.95 (nucleus sampling)
[gen] step 0/416  (K_refine=4)
[gen] step 10/416  (K_refine=4)
[gen] step 20/416  (K_refine=4)
[gen] step 30/416  (K_refine=4)
[gen] step 40/416  (K_refine=4)
[gen] step 50/416  (K_refine=4)
[gen] step 60/416  (K_refine=4)
[gen] step 70/416  (K_refine=4)
[gen] step 80/416  (K_refine=4)
[gen] step 90/416  (K_refine=4)
[gen] step 100/416  (K_refine=4)
[gen] step 110/416  (K_refine=4)
[gen] step 120/416  (K_refine=4)
[gen] step 130/416  (K_refine=4)
[gen] step 140/416  (K_refine=4)
[gen] step 150/416  (K_refine=4)
[gen] step 160/416  (K_refine=4)
[gen] step 170/416  (K_refine=4)
[gen] step 180/416  (K_refine=4)
[gen] step 190/416  (K_refine=4)
[gen] step 200/416  (K_refine=4)
[gen] step 210/416  (K_refine=4)
[gen] step 220/416  (K_refine=4)
[gen] step 230/416  (K_refine=4)
[gen] step 240/416  (K_refine=4)
[gen] step 250/416  (K_refine=4)
[gen] step 260/416  (K_refine=4)
[gen] step 270/416  (K_refine=4)
[gen] step 280/416  (K_refine=4)
[gen] step 290/416  (K_refine=4)
[gen] step 300/416  (K_refine=4)
[gen] step 310/416  (K_refine=4)
[gen] step 320/416  (K_refine=4)
[gen] step 330/416  (K_refine=4)
[gen] step 340/416  (K_refine=4)
[gen] step 350/416  (K_refine=4)
[gen] step 360/416  (K_refine=4)
[gen] step 370/416  (K_refine=4)
[gen] step 380/416  (K_refine=4)
[gen] step 390/416  (K_refine=4)
[gen] step 400/416  (K_refine=4)
[gen] step 410/416  (K_refine=4)
    -> temp/E1_v5b/A3/176/co/sample_2_temp1.0.mid

[24/95] 186
  mode=co
[gen] A3_REFINE_STEPS=4 (env override)
[gen] A3_FINAL_TEMP=0.9 (env override)
[gen] A3_TOP_P=0.95 (nucleus sampling)
[gen] step 0/416  (K_refine=4)
[gen] step 10/416  (K_refine=4)
[gen] step 20/416  (K_refine=4)
[gen] step 30/416  (K_refine=4)
[gen] step 40/416  (K_refine=4)
[gen] step 50/416  (K_refine=4)
[gen] step 60/416  (K_refine=4)
[gen] step 70/416  (K_refine=4)
[gen] step 80/416  (K_refine=4)
[gen] step 90/416  (K_refine=4)
[gen] step 100/416  (K_refine=4)
[gen] step 110/416  (K_refine=4)
[gen] step 120/416  (K_refine=4)
[gen] step 130/416  (K_refine=4)
[gen] step 140/416  (K_refine=4)
[gen] step 150/416  (K_refine=4)
[gen] step 160/416  (K_refine=4)
[gen] step 170/416  (K_refine=4)
[gen] step 180/416  (K_refine=4)
[gen] step 190/416  (K_refine=4)
[gen] step 200/416  (K_refine=4)
[gen] step 210/416  (K_refine=4)
[gen] step 220/416  (K_refine=4)
[gen] step 230/416  (K_refine=4)
[gen] step 240/416  (K_refine=4)
[gen] step 250/416  (K_refine=4)
[gen] step 260/416  (K_refine=4)
[gen] step 270/416  (K_refine=4)
[gen] step 280/416  (K_refine=4)
[gen] step 290/416  (K_refine=4)
[gen] step 300/416  (K_refine=4)
[gen] step 310/416  (K_refine=4)
[gen] step 320/416  (K_refine=4)
[gen] step 330/416  (K_refine=4)
[gen] step 340/416  (K_refine=4)
[gen] step 350/416  (K_refine=4)
[gen] step 360/416  (K_refine=4)
[gen] step 370/416  (K_refine=4)
[gen] step 380/416  (K_refine=4)
[gen] step 390/416  (K_refine=4)
[gen] step 400/416  (K_refine=4)
[gen] step 410/416  (K_refine=4)
    -> temp/E1_v5b/A3/186/co/sample_0_temp1.0.mid
[gen] A3_REFINE_STEPS=4 (env override)
[gen] A3_FINAL_TEMP=0.9 (env override)
[gen] A3_TOP_P=0.95 (nucleus sampling)
[gen] step 0/416  (K_refine=4)
[gen] step 10/416  (K_refine=4)
[gen] step 20/416  (K_refine=4)
[gen] step 30/416  (K_refine=4)
[gen] step 40/416  (K_refine=4)
[gen] step 50/416  (K_refine=4)
[gen] step 60/416  (K_refine=4)
[gen] step 70/416  (K_refine=4)
[gen] step 80/416  (K_refine=4)
[gen] step 90/416  (K_refine=4)
[gen] step 100/416  (K_refine=4)
[gen] step 110/416  (K_refine=4)
[gen] step 120/416  (K_refine=4)
[gen] step 130/416  (K_refine=4)
[gen] step 140/416  (K_refine=4)
[gen] step 150/416  (K_refine=4)
[gen] step 160/416  (K_refine=4)
[gen] step 170/416  (K_refine=4)
[gen] step 180/416  (K_refine=4)
[gen] step 190/416  (K_refine=4)
[gen] step 200/416  (K_refine=4)
[gen] step 210/416  (K_refine=4)
[gen] step 220/416  (K_refine=4)
[gen] step 230/416  (K_refine=4)
[gen] step 240/416  (K_refine=4)
[gen] step 250/416  (K_refine=4)
[gen] step 260/416  (K_refine=4)
[gen] step 270/416  (K_refine=4)
[gen] step 280/416  (K_refine=4)
[gen] step 290/416  (K_refine=4)
[gen] step 300/416  (K_refine=4)
[gen] step 310/416  (K_refine=4)
[gen] step 320/416  (K_refine=4)
[gen] step 330/416  (K_refine=4)
[gen] step 340/416  (K_refine=4)
[gen] step 350/416  (K_refine=4)
[gen] step 360/416  (K_refine=4)
[gen] step 370/416  (K_refine=4)
[gen] step 380/416  (K_refine=4)
[gen] step 390/416  (K_refine=4)
[gen] step 400/416  (K_refine=4)
[gen] step 410/416  (K_refine=4)
    -> temp/E1_v5b/A3/186/co/sample_1_temp1.0.mid
[gen] A3_REFINE_STEPS=4 (env override)
[gen] A3_FINAL_TEMP=0.9 (env override)
[gen] A3_TOP_P=0.95 (nucleus sampling)
[gen] step 0/416  (K_refine=4)
[gen] step 10/416  (K_refine=4)
[gen] step 20/416  (K_refine=4)
[gen] step 30/416  (K_refine=4)
[gen] step 40/416  (K_refine=4)
[gen] step 50/416  (K_refine=4)
[gen] step 60/416  (K_refine=4)
[gen] step 70/416  (K_refine=4)
[gen] step 80/416  (K_refine=4)
[gen] step 90/416  (K_refine=4)
[gen] step 100/416  (K_refine=4)
[gen] step 110/416  (K_refine=4)
[gen] step 120/416  (K_refine=4)
[gen] step 130/416  (K_refine=4)
[gen] step 140/416  (K_refine=4)
[gen] step 150/416  (K_refine=4)
[gen] step 160/416  (K_refine=4)
[gen] step 170/416  (K_refine=4)
[gen] step 180/416  (K_refine=4)
[gen] step 190/416  (K_refine=4)
[gen] step 200/416  (K_refine=4)
[gen] step 210/416  (K_refine=4)
[gen] step 220/416  (K_refine=4)
[gen] step 230/416  (K_refine=4)
[gen] step 240/416  (K_refine=4)
[gen] step 250/416  (K_refine=4)
[gen] step 260/416  (K_refine=4)
[gen] step 270/416  (K_refine=4)
[gen] step 280/416  (K_refine=4)
[gen] step 290/416  (K_refine=4)
[gen] step 300/416  (K_refine=4)
[gen] step 310/416  (K_refine=4)
[gen] step 320/416  (K_refine=4)
[gen] step 330/416  (K_refine=4)
[gen] step 340/416  (K_refine=4)
[gen] step 350/416  (K_refine=4)
[gen] step 360/416  (K_refine=4)
[gen] step 370/416  (K_refine=4)
[gen] step 380/416  (K_refine=4)
[gen] step 390/416  (K_refine=4)
[gen] step 400/416  (K_refine=4)
[gen] step 410/416  (K_refine=4)
    -> temp/E1_v5b/A3/186/co/sample_2_temp1.0.mid

[25/95] 196
  mode=co
[gen] A3_REFINE_STEPS=4 (env override)
[gen] A3_FINAL_TEMP=0.9 (env override)
[gen] A3_TOP_P=0.95 (nucleus sampling)
[gen] step 0/416  (K_refine=4)
[gen] step 10/416  (K_refine=4)
[gen] step 20/416  (K_refine=4)
[gen] step 30/416  (K_refine=4)
[gen] step 40/416  (K_refine=4)
[gen] step 50/416  (K_refine=4)
[gen] step 60/416  (K_refine=4)
[gen] step 70/416  (K_refine=4)
[gen] step 80/416  (K_refine=4)
[gen] step 90/416  (K_refine=4)
[gen] step 100/416  (K_refine=4)
[gen] step 110/416  (K_refine=4)
[gen] step 120/416  (K_refine=4)
[gen] step 130/416  (K_refine=4)
[gen] step 140/416  (K_refine=4)
[gen] step 150/416  (K_refine=4)
[gen] step 160/416  (K_refine=4)
[gen] step 170/416  (K_refine=4)
[gen] step 180/416  (K_refine=4)
[gen] step 190/416  (K_refine=4)
[gen] step 200/416  (K_refine=4)
[gen] step 210/416  (K_refine=4)
[gen] step 220/416  (K_refine=4)
[gen] step 230/416  (K_refine=4)
[gen] step 240/416  (K_refine=4)
[gen] step 250/416  (K_refine=4)
[gen] step 260/416  (K_refine=4)
[gen] step 270/416  (K_refine=4)
[gen] step 280/416  (K_refine=4)
[gen] step 290/416  (K_refine=4)
[gen] step 300/416  (K_refine=4)
[gen] step 310/416  (K_refine=4)
[gen] step 320/416  (K_refine=4)
[gen] step 330/416  (K_refine=4)
[gen] step 340/416  (K_refine=4)
[gen] step 350/416  (K_refine=4)
[gen] step 360/416  (K_refine=4)
[gen] step 370/416  (K_refine=4)
[gen] step 380/416  (K_refine=4)
[gen] step 390/416  (K_refine=4)
[gen] step 400/416  (K_refine=4)
[gen] step 410/416  (K_refine=4)
    -> temp/E1_v5b/A3/196/co/sample_0_temp1.0.mid
[gen] A3_REFINE_STEPS=4 (env override)
[gen] A3_FINAL_TEMP=0.9 (env override)
[gen] A3_TOP_P=0.95 (nucleus sampling)
[gen] step 0/416  (K_refine=4)
[gen] step 10/416  (K_refine=4)
[gen] step 20/416  (K_refine=4)
[gen] step 30/416  (K_refine=4)
[gen] step 40/416  (K_refine=4)
[gen] step 50/416  (K_refine=4)
[gen] step 60/416  (K_refine=4)
[gen] step 70/416  (K_refine=4)
[gen] step 80/416  (K_refine=4)
[gen] step 90/416  (K_refine=4)
[gen] step 100/416  (K_refine=4)
[gen] step 110/416  (K_refine=4)
[gen] step 120/416  (K_refine=4)
[gen] step 130/416  (K_refine=4)
[gen] step 140/416  (K_refine=4)
[gen] step 150/416  (K_refine=4)
[gen] step 160/416  (K_refine=4)
[gen] step 170/416  (K_refine=4)
[gen] step 180/416  (K_refine=4)
[gen] step 190/416  (K_refine=4)
[gen] step 200/416  (K_refine=4)
[gen] step 210/416  (K_refine=4)
[gen] step 220/416  (K_refine=4)
[gen] step 230/416  (K_refine=4)
[gen] step 240/416  (K_refine=4)
[gen] step 250/416  (K_refine=4)
[gen] step 260/416  (K_refine=4)
[gen] step 270/416  (K_refine=4)
[gen] step 280/416  (K_refine=4)
[gen] step 290/416  (K_refine=4)
[gen] step 300/416  (K_refine=4)
[gen] step 310/416  (K_refine=4)
[gen] step 320/416  (K_refine=4)
[gen] step 330/416  (K_refine=4)
[gen] step 340/416  (K_refine=4)
[gen] step 350/416  (K_refine=4)
[gen] step 360/416  (K_refine=4)
[gen] step 370/416  (K_refine=4)
[gen] step 380/416  (K_refine=4)
[gen] step 390/416  (K_refine=4)
[gen] step 400/416  (K_refine=4)
[gen] step 410/416  (K_refine=4)
    -> temp/E1_v5b/A3/196/co/sample_1_temp1.0.mid
[gen] A3_REFINE_STEPS=4 (env override)
[gen] A3_FINAL_TEMP=0.9 (env override)
[gen] A3_TOP_P=0.95 (nucleus sampling)
[gen] step 0/416  (K_refine=4)
[gen] step 10/416  (K_refine=4)
[gen] step 20/416  (K_refine=4)
[gen] step 30/416  (K_refine=4)
[gen] step 40/416  (K_refine=4)
[gen] step 50/416  (K_refine=4)
[gen] step 60/416  (K_refine=4)
[gen] step 70/416  (K_refine=4)
[gen] step 80/416  (K_refine=4)
[gen] step 90/416  (K_refine=4)
[gen] step 100/416  (K_refine=4)
[gen] step 110/416  (K_refine=4)
[gen] step 120/416  (K_refine=4)
[gen] step 130/416  (K_refine=4)
[gen] step 140/416  (K_refine=4)
[gen] step 150/416  (K_refine=4)
[gen] step 160/416  (K_refine=4)
[gen] step 170/416  (K_refine=4)
[gen] step 180/416  (K_refine=4)
[gen] step 190/416  (K_refine=4)
[gen] step 200/416  (K_refine=4)
[gen] step 210/416  (K_refine=4)
[gen] step 220/416  (K_refine=4)
[gen] step 230/416  (K_refine=4)
[gen] step 240/416  (K_refine=4)
[gen] step 250/416  (K_refine=4)
[gen] step 260/416  (K_refine=4)
[gen] step 270/416  (K_refine=4)
[gen] step 280/416  (K_refine=4)
[gen] step 290/416  (K_refine=4)
[gen] step 300/416  (K_refine=4)
[gen] step 310/416  (K_refine=4)
[gen] step 320/416  (K_refine=4)
[gen] step 330/416  (K_refine=4)
[gen] step 340/416  (K_refine=4)
[gen] step 350/416  (K_refine=4)
[gen] step 360/416  (K_refine=4)
[gen] step 370/416  (K_refine=4)
[gen] step 380/416  (K_refine=4)
[gen] step 390/416  (K_refine=4)
[gen] step 400/416  (K_refine=4)
[gen] step 410/416  (K_refine=4)
    -> temp/E1_v5b/A3/196/co/sample_2_temp1.0.mid

[26/95] 206
  mode=co
[gen] A3_REFINE_STEPS=4 (env override)
[gen] A3_FINAL_TEMP=0.9 (env override)
[gen] A3_TOP_P=0.95 (nucleus sampling)
[gen] step 0/416  (K_refine=4)
[gen] step 10/416  (K_refine=4)
[gen] step 20/416  (K_refine=4)
[gen] step 30/416  (K_refine=4)
[gen] step 40/416  (K_refine=4)
[gen] step 50/416  (K_refine=4)
[gen] step 60/416  (K_refine=4)
[gen] step 70/416  (K_refine=4)
[gen] step 80/416  (K_refine=4)
[gen] step 90/416  (K_refine=4)
[gen] step 100/416  (K_refine=4)
[gen] step 110/416  (K_refine=4)
[gen] step 120/416  (K_refine=4)
[gen] step 130/416  (K_refine=4)
[gen] step 140/416  (K_refine=4)
[gen] step 150/416  (K_refine=4)
[gen] step 160/416  (K_refine=4)
[gen] step 170/416  (K_refine=4)
[gen] step 180/416  (K_refine=4)
[gen] step 190/416  (K_refine=4)
[gen] step 200/416  (K_refine=4)
[gen] step 210/416  (K_refine=4)
[gen] step 220/416  (K_refine=4)
[gen] step 230/416  (K_refine=4)
[gen] step 240/416  (K_refine=4)
[gen] step 250/416  (K_refine=4)
[gen] step 260/416  (K_refine=4)
[gen] step 270/416  (K_refine=4)
[gen] step 280/416  (K_refine=4)
[gen] step 290/416  (K_refine=4)
[gen] step 300/416  (K_refine=4)
[gen] step 310/416  (K_refine=4)
[gen] step 320/416  (K_refine=4)
[gen] step 330/416  (K_refine=4)
[gen] step 340/416  (K_refine=4)
[gen] step 350/416  (K_refine=4)
[gen] step 360/416  (K_refine=4)
[gen] step 370/416  (K_refine=4)
[gen] step 380/416  (K_refine=4)
[gen] step 390/416  (K_refine=4)
[gen] step 400/416  (K_refine=4)
[gen] step 410/416  (K_refine=4)
    -> temp/E1_v5b/A3/206/co/sample_0_temp1.0.mid
[gen] A3_REFINE_STEPS=4 (env override)
[gen] A3_FINAL_TEMP=0.9 (env override)
[gen] A3_TOP_P=0.95 (nucleus sampling)
[gen] step 0/416  (K_refine=4)
[gen] step 10/416  (K_refine=4)
[gen] step 20/416  (K_refine=4)
[gen] step 30/416  (K_refine=4)
[gen] step 40/416  (K_refine=4)
[gen] step 50/416  (K_refine=4)
[gen] step 60/416  (K_refine=4)
[gen] step 70/416  (K_refine=4)
[gen] step 80/416  (K_refine=4)
[gen] step 90/416  (K_refine=4)
[gen] step 100/416  (K_refine=4)
[gen] step 110/416  (K_refine=4)
[gen] step 120/416  (K_refine=4)
[gen] step 130/416  (K_refine=4)
[gen] step 140/416  (K_refine=4)
[gen] step 150/416  (K_refine=4)
[gen] step 160/416  (K_refine=4)
[gen] step 170/416  (K_refine=4)
[gen] step 180/416  (K_refine=4)
[gen] step 190/416  (K_refine=4)
[gen] step 200/416  (K_refine=4)
[gen] step 210/416  (K_refine=4)
[gen] step 220/416  (K_refine=4)
[gen] step 230/416  (K_refine=4)
[gen] step 240/416  (K_refine=4)
[gen] step 250/416  (K_refine=4)
[gen] step 260/416  (K_refine=4)
[gen] step 270/416  (K_refine=4)
[gen] step 280/416  (K_refine=4)
[gen] step 290/416  (K_refine=4)
[gen] step 300/416  (K_refine=4)
[gen] step 310/416  (K_refine=4)
[gen] step 320/416  (K_refine=4)
[gen] step 330/416  (K_refine=4)
[gen] step 340/416  (K_refine=4)
[gen] step 350/416  (K_refine=4)
[gen] step 360/416  (K_refine=4)
[gen] step 370/416  (K_refine=4)
[gen] step 380/416  (K_refine=4)
[gen] step 390/416  (K_refine=4)
[gen] step 400/416  (K_refine=4)
[gen] step 410/416  (K_refine=4)
    -> temp/E1_v5b/A3/206/co/sample_1_temp1.0.mid
[gen] A3_REFINE_STEPS=4 (env override)
[gen] A3_FINAL_TEMP=0.9 (env override)
[gen] A3_TOP_P=0.95 (nucleus sampling)
[gen] step 0/416  (K_refine=4)
[gen] step 10/416  (K_refine=4)
[gen] step 20/416  (K_refine=4)
[gen] step 30/416  (K_refine=4)
[gen] step 40/416  (K_refine=4)
[gen] step 50/416  (K_refine=4)
[gen] step 60/416  (K_refine=4)
[gen] step 70/416  (K_refine=4)
[gen] step 80/416  (K_refine=4)
[gen] step 90/416  (K_refine=4)
[gen] step 100/416  (K_refine=4)
[gen] step 110/416  (K_refine=4)
[gen] step 120/416  (K_refine=4)
[gen] step 130/416  (K_refine=4)
[gen] step 140/416  (K_refine=4)
[gen] step 150/416  (K_refine=4)
[gen] step 160/416  (K_refine=4)
[gen] step 170/416  (K_refine=4)
[gen] step 180/416  (K_refine=4)
[gen] step 190/416  (K_refine=4)
[gen] step 200/416  (K_refine=4)
[gen] step 210/416  (K_refine=4)
[gen] step 220/416  (K_refine=4)
[gen] step 230/416  (K_refine=4)
[gen] step 240/416  (K_refine=4)
[gen] step 250/416  (K_refine=4)
[gen] step 260/416  (K_refine=4)
[gen] step 270/416  (K_refine=4)
[gen] step 280/416  (K_refine=4)
[gen] step 290/416  (K_refine=4)
[gen] step 300/416  (K_refine=4)
[gen] step 310/416  (K_refine=4)
[gen] step 320/416  (K_refine=4)
[gen] step 330/416  (K_refine=4)
[gen] step 340/416  (K_refine=4)
[gen] step 350/416  (K_refine=4)
[gen] step 360/416  (K_refine=4)
[gen] step 370/416  (K_refine=4)
[gen] step 380/416  (K_refine=4)
[gen] step 390/416  (K_refine=4)
[gen] step 400/416  (K_refine=4)
[gen] step 410/416  (K_refine=4)
    -> temp/E1_v5b/A3/206/co/sample_2_temp1.0.mid

[27/95] 216
  mode=co
[gen] A3_REFINE_STEPS=4 (env override)
[gen] A3_FINAL_TEMP=0.9 (env override)
[gen] A3_TOP_P=0.95 (nucleus sampling)
[gen] step 0/416  (K_refine=4)
[gen] step 10/416  (K_refine=4)
[gen] step 20/416  (K_refine=4)
[gen] step 30/416  (K_refine=4)
[gen] step 40/416  (K_refine=4)
[gen] step 50/416  (K_refine=4)
[gen] step 60/416  (K_refine=4)
[gen] step 70/416  (K_refine=4)
[gen] step 80/416  (K_refine=4)
[gen] step 90/416  (K_refine=4)
[gen] step 100/416  (K_refine=4)
[gen] step 110/416  (K_refine=4)
[gen] step 120/416  (K_refine=4)
[gen] step 130/416  (K_refine=4)
[gen] step 140/416  (K_refine=4)
[gen] step 150/416  (K_refine=4)
[gen] step 160/416  (K_refine=4)
[gen] step 170/416  (K_refine=4)
[gen] step 180/416  (K_refine=4)
[gen] step 190/416  (K_refine=4)
[gen] step 200/416  (K_refine=4)
[gen] step 210/416  (K_refine=4)
[gen] step 220/416  (K_refine=4)
[gen] step 230/416  (K_refine=4)
[gen] step 240/416  (K_refine=4)
[gen] step 250/416  (K_refine=4)
[gen] step 260/416  (K_refine=4)
[gen] step 270/416  (K_refine=4)
[gen] step 280/416  (K_refine=4)
[gen] step 290/416  (K_refine=4)
[gen] step 300/416  (K_refine=4)
[gen] step 310/416  (K_refine=4)
[gen] step 320/416  (K_refine=4)
[gen] step 330/416  (K_refine=4)
[gen] step 340/416  (K_refine=4)
[gen] step 350/416  (K_refine=4)
[gen] step 360/416  (K_refine=4)
[gen] step 370/416  (K_refine=4)
[gen] step 380/416  (K_refine=4)
[gen] step 390/416  (K_refine=4)
[gen] step 400/416  (K_refine=4)
[gen] step 410/416  (K_refine=4)
    -> temp/E1_v5b/A3/216/co/sample_0_temp1.0.mid
[gen] A3_REFINE_STEPS=4 (env override)
[gen] A3_FINAL_TEMP=0.9 (env override)
[gen] A3_TOP_P=0.95 (nucleus sampling)
[gen] step 0/416  (K_refine=4)
[gen] step 10/416  (K_refine=4)
[gen] step 20/416  (K_refine=4)
[gen] step 30/416  (K_refine=4)
[gen] step 40/416  (K_refine=4)
[gen] step 50/416  (K_refine=4)
[gen] step 60/416  (K_refine=4)
[gen] step 70/416  (K_refine=4)
[gen] step 80/416  (K_refine=4)
[gen] step 90/416  (K_refine=4)
[gen] step 100/416  (K_refine=4)
[gen] step 110/416  (K_refine=4)
[gen] step 120/416  (K_refine=4)
[gen] step 130/416  (K_refine=4)
[gen] step 140/416  (K_refine=4)
[gen] step 150/416  (K_refine=4)
[gen] step 160/416  (K_refine=4)
[gen] step 170/416  (K_refine=4)
[gen] step 180/416  (K_refine=4)
[gen] step 190/416  (K_refine=4)
[gen] step 200/416  (K_refine=4)
[gen] step 210/416  (K_refine=4)
[gen] step 220/416  (K_refine=4)
[gen] step 230/416  (K_refine=4)
[gen] step 240/416  (K_refine=4)
[gen] step 250/416  (K_refine=4)
[gen] step 260/416  (K_refine=4)
[gen] step 270/416  (K_refine=4)
[gen] step 280/416  (K_refine=4)
[gen] step 290/416  (K_refine=4)
[gen] step 300/416  (K_refine=4)
[gen] step 310/416  (K_refine=4)
[gen] step 320/416  (K_refine=4)
[gen] step 330/416  (K_refine=4)
[gen] step 340/416  (K_refine=4)
[gen] step 350/416  (K_refine=4)
[gen] step 360/416  (K_refine=4)
[gen] step 370/416  (K_refine=4)
[gen] step 380/416  (K_refine=4)
[gen] step 390/416  (K_refine=4)
[gen] step 400/416  (K_refine=4)
[gen] step 410/416  (K_refine=4)
    -> temp/E1_v5b/A3/216/co/sample_1_temp1.0.mid
[gen] A3_REFINE_STEPS=4 (env override)
[gen] A3_FINAL_TEMP=0.9 (env override)
[gen] A3_TOP_P=0.95 (nucleus sampling)
[gen] step 0/416  (K_refine=4)
[gen] step 10/416  (K_refine=4)
[gen] step 20/416  (K_refine=4)
[gen] step 30/416  (K_refine=4)
[gen] step 40/416  (K_refine=4)
[gen] step 50/416  (K_refine=4)
[gen] step 60/416  (K_refine=4)
[gen] step 70/416  (K_refine=4)
[gen] step 80/416  (K_refine=4)
[gen] step 90/416  (K_refine=4)
[gen] step 100/416  (K_refine=4)
[gen] step 110/416  (K_refine=4)
[gen] step 120/416  (K_refine=4)
[gen] step 130/416  (K_refine=4)
[gen] step 140/416  (K_refine=4)
[gen] step 150/416  (K_refine=4)
[gen] step 160/416  (K_refine=4)
[gen] step 170/416  (K_refine=4)
[gen] step 180/416  (K_refine=4)
[gen] step 190/416  (K_refine=4)
[gen] step 200/416  (K_refine=4)
[gen] step 210/416  (K_refine=4)
[gen] step 220/416  (K_refine=4)
[gen] step 230/416  (K_refine=4)
[gen] step 240/416  (K_refine=4)
[gen] step 250/416  (K_refine=4)
[gen] step 260/416  (K_refine=4)
[gen] step 270/416  (K_refine=4)
[gen] step 280/416  (K_refine=4)
[gen] step 290/416  (K_refine=4)
[gen] step 300/416  (K_refine=4)
[gen] step 310/416  (K_refine=4)
[gen] step 320/416  (K_refine=4)
[gen] step 330/416  (K_refine=4)
[gen] step 340/416  (K_refine=4)
[gen] step 350/416  (K_refine=4)
[gen] step 360/416  (K_refine=4)
[gen] step 370/416  (K_refine=4)
[gen] step 380/416  (K_refine=4)
[gen] step 390/416  (K_refine=4)
[gen] step 400/416  (K_refine=4)
[gen] step 410/416  (K_refine=4)
    -> temp/E1_v5b/A3/216/co/sample_2_temp1.0.mid

[28/95] 226
  mode=co
[gen] A3_REFINE_STEPS=4 (env override)
[gen] A3_FINAL_TEMP=0.9 (env override)
[gen] A3_TOP_P=0.95 (nucleus sampling)
[gen] step 0/416  (K_refine=4)
[gen] step 10/416  (K_refine=4)
[gen] step 20/416  (K_refine=4)
[gen] step 30/416  (K_refine=4)
[gen] step 40/416  (K_refine=4)
[gen] step 50/416  (K_refine=4)
[gen] step 60/416  (K_refine=4)
[gen] step 70/416  (K_refine=4)
[gen] step 80/416  (K_refine=4)
[gen] step 90/416  (K_refine=4)
[gen] step 100/416  (K_refine=4)
[gen] step 110/416  (K_refine=4)
[gen] step 120/416  (K_refine=4)
[gen] step 130/416  (K_refine=4)
[gen] step 140/416  (K_refine=4)
[gen] step 150/416  (K_refine=4)
[gen] step 160/416  (K_refine=4)
[gen] step 170/416  (K_refine=4)
[gen] step 180/416  (K_refine=4)
[gen] step 190/416  (K_refine=4)
[gen] step 200/416  (K_refine=4)
[gen] step 210/416  (K_refine=4)
[gen] step 220/416  (K_refine=4)
[gen] step 230/416  (K_refine=4)
[gen] step 240/416  (K_refine=4)
[gen] step 250/416  (K_refine=4)
[gen] step 260/416  (K_refine=4)
[gen] step 270/416  (K_refine=4)
[gen] step 280/416  (K_refine=4)
[gen] step 290/416  (K_refine=4)
[gen] step 300/416  (K_refine=4)
[gen] step 310/416  (K_refine=4)
[gen] step 320/416  (K_refine=4)
[gen] step 330/416  (K_refine=4)
[gen] step 340/416  (K_refine=4)
[gen] step 350/416  (K_refine=4)
[gen] step 360/416  (K_refine=4)
[gen] step 370/416  (K_refine=4)
[gen] step 380/416  (K_refine=4)
[gen] step 390/416  (K_refine=4)
[gen] step 400/416  (K_refine=4)
[gen] step 410/416  (K_refine=4)
    -> temp/E1_v5b/A3/226/co/sample_0_temp1.0.mid
[gen] A3_REFINE_STEPS=4 (env override)
[gen] A3_FINAL_TEMP=0.9 (env override)
[gen] A3_TOP_P=0.95 (nucleus sampling)
[gen] step 0/416  (K_refine=4)
[gen] step 10/416  (K_refine=4)
[gen] step 20/416  (K_refine=4)
[gen] step 30/416  (K_refine=4)
[gen] step 40/416  (K_refine=4)
[gen] step 50/416  (K_refine=4)
[gen] step 60/416  (K_refine=4)
[gen] step 70/416  (K_refine=4)
[gen] step 80/416  (K_refine=4)
[gen] step 90/416  (K_refine=4)
[gen] step 100/416  (K_refine=4)
[gen] step 110/416  (K_refine=4)
[gen] step 120/416  (K_refine=4)
[gen] step 130/416  (K_refine=4)
[gen] step 140/416  (K_refine=4)
[gen] step 150/416  (K_refine=4)
[gen] step 160/416  (K_refine=4)
[gen] step 170/416  (K_refine=4)
[gen] step 180/416  (K_refine=4)
[gen] step 190/416  (K_refine=4)
[gen] step 200/416  (K_refine=4)
[gen] step 210/416  (K_refine=4)
[gen] step 220/416  (K_refine=4)
[gen] step 230/416  (K_refine=4)
[gen] step 240/416  (K_refine=4)
[gen] step 250/416  (K_refine=4)
[gen] step 260/416  (K_refine=4)
[gen] step 270/416  (K_refine=4)
[gen] step 280/416  (K_refine=4)
[gen] step 290/416  (K_refine=4)
[gen] step 300/416  (K_refine=4)
[gen] step 310/416  (K_refine=4)
[gen] step 320/416  (K_refine=4)
[gen] step 330/416  (K_refine=4)
[gen] step 340/416  (K_refine=4)
[gen] step 350/416  (K_refine=4)
[gen] step 360/416  (K_refine=4)
[gen] step 370/416  (K_refine=4)
[gen] step 380/416  (K_refine=4)
[gen] step 390/416  (K_refine=4)
[gen] step 400/416  (K_refine=4)
[gen] step 410/416  (K_refine=4)
    -> temp/E1_v5b/A3/226/co/sample_1_temp1.0.mid
[gen] A3_REFINE_STEPS=4 (env override)
[gen] A3_FINAL_TEMP=0.9 (env override)
[gen] A3_TOP_P=0.95 (nucleus sampling)
[gen] step 0/416  (K_refine=4)
[gen] step 10/416  (K_refine=4)
[gen] step 20/416  (K_refine=4)
[gen] step 30/416  (K_refine=4)
[gen] step 40/416  (K_refine=4)
[gen] step 50/416  (K_refine=4)
[gen] step 60/416  (K_refine=4)
[gen] step 70/416  (K_refine=4)
[gen] step 80/416  (K_refine=4)
[gen] step 90/416  (K_refine=4)
[gen] step 100/416  (K_refine=4)
[gen] step 110/416  (K_refine=4)
[gen] step 120/416  (K_refine=4)
[gen] step 130/416  (K_refine=4)
[gen] step 140/416  (K_refine=4)
[gen] step 150/416  (K_refine=4)
[gen] step 160/416  (K_refine=4)
[gen] step 170/416  (K_refine=4)
[gen] step 180/416  (K_refine=4)
[gen] step 190/416  (K_refine=4)
[gen] step 200/416  (K_refine=4)
[gen] step 210/416  (K_refine=4)
[gen] step 220/416  (K_refine=4)
[gen] step 230/416  (K_refine=4)
[gen] step 240/416  (K_refine=4)
[gen] step 250/416  (K_refine=4)
[gen] step 260/416  (K_refine=4)
[gen] step 270/416  (K_refine=4)
[gen] step 280/416  (K_refine=4)
[gen] step 290/416  (K_refine=4)
[gen] step 300/416  (K_refine=4)
[gen] step 310/416  (K_refine=4)
[gen] step 320/416  (K_refine=4)
[gen] step 330/416  (K_refine=4)
[gen] step 340/416  (K_refine=4)
[gen] step 350/416  (K_refine=4)
[gen] step 360/416  (K_refine=4)
[gen] step 370/416  (K_refine=4)
[gen] step 380/416  (K_refine=4)
[gen] step 390/416  (K_refine=4)
[gen] step 400/416  (K_refine=4)
[gen] step 410/416  (K_refine=4)
    -> temp/E1_v5b/A3/226/co/sample_2_temp1.0.mid

[29/95] 236
  mode=co
[gen] A3_REFINE_STEPS=4 (env override)
[gen] A3_FINAL_TEMP=0.9 (env override)
[gen] A3_TOP_P=0.95 (nucleus sampling)
[gen] step 0/416  (K_refine=4)
[gen] step 10/416  (K_refine=4)
[gen] step 20/416  (K_refine=4)
[gen] step 30/416  (K_refine=4)
[gen] step 40/416  (K_refine=4)
[gen] step 50/416  (K_refine=4)
[gen] step 60/416  (K_refine=4)
[gen] step 70/416  (K_refine=4)
[gen] step 80/416  (K_refine=4)
[gen] step 90/416  (K_refine=4)
[gen] step 100/416  (K_refine=4)
[gen] step 110/416  (K_refine=4)
[gen] step 120/416  (K_refine=4)
[gen] step 130/416  (K_refine=4)
[gen] step 140/416  (K_refine=4)
[gen] step 150/416  (K_refine=4)
[gen] step 160/416  (K_refine=4)
[gen] step 170/416  (K_refine=4)
[gen] step 180/416  (K_refine=4)
[gen] step 190/416  (K_refine=4)
[gen] step 200/416  (K_refine=4)
[gen] step 210/416  (K_refine=4)
[gen] step 220/416  (K_refine=4)
[gen] step 230/416  (K_refine=4)
[gen] step 240/416  (K_refine=4)
[gen] step 250/416  (K_refine=4)
[gen] step 260/416  (K_refine=4)
[gen] step 270/416  (K_refine=4)
[gen] step 280/416  (K_refine=4)
[gen] step 290/416  (K_refine=4)
[gen] step 300/416  (K_refine=4)
[gen] step 310/416  (K_refine=4)
[gen] step 320/416  (K_refine=4)
[gen] step 330/416  (K_refine=4)
[gen] step 340/416  (K_refine=4)
[gen] step 350/416  (K_refine=4)
[gen] step 360/416  (K_refine=4)
[gen] step 370/416  (K_refine=4)
[gen] step 380/416  (K_refine=4)
[gen] step 390/416  (K_refine=4)
[gen] step 400/416  (K_refine=4)
[gen] step 410/416  (K_refine=4)
    -> temp/E1_v5b/A3/236/co/sample_0_temp1.0.mid
[gen] A3_REFINE_STEPS=4 (env override)
[gen] A3_FINAL_TEMP=0.9 (env override)
[gen] A3_TOP_P=0.95 (nucleus sampling)
[gen] step 0/416  (K_refine=4)
[gen] step 10/416  (K_refine=4)
[gen] step 20/416  (K_refine=4)
[gen] step 30/416  (K_refine=4)
[gen] step 40/416  (K_refine=4)
[gen] step 50/416  (K_refine=4)
[gen] step 60/416  (K_refine=4)
[gen] step 70/416  (K_refine=4)
[gen] step 80/416  (K_refine=4)
[gen] step 90/416  (K_refine=4)
[gen] step 100/416  (K_refine=4)
[gen] step 110/416  (K_refine=4)
[gen] step 120/416  (K_refine=4)
[gen] step 130/416  (K_refine=4)
[gen] step 140/416  (K_refine=4)
[gen] step 150/416  (K_refine=4)
[gen] step 160/416  (K_refine=4)
[gen] step 170/416  (K_refine=4)
[gen] step 180/416  (K_refine=4)
[gen] step 190/416  (K_refine=4)
[gen] step 200/416  (K_refine=4)
[gen] step 210/416  (K_refine=4)
[gen] step 220/416  (K_refine=4)
[gen] step 230/416  (K_refine=4)
[gen] step 240/416  (K_refine=4)
[gen] step 250/416  (K_refine=4)
[gen] step 260/416  (K_refine=4)
[gen] step 270/416  (K_refine=4)
[gen] step 280/416  (K_refine=4)
[gen] step 290/416  (K_refine=4)
[gen] step 300/416  (K_refine=4)
[gen] step 310/416  (K_refine=4)
[gen] step 320/416  (K_refine=4)
[gen] step 330/416  (K_refine=4)
[gen] step 340/416  (K_refine=4)
[gen] step 350/416  (K_refine=4)
[gen] step 360/416  (K_refine=4)
[gen] step 370/416  (K_refine=4)
[gen] step 380/416  (K_refine=4)
[gen] step 390/416  (K_refine=4)
[gen] step 400/416  (K_refine=4)
[gen] step 410/416  (K_refine=4)
    -> temp/E1_v5b/A3/236/co/sample_1_temp1.0.mid
[gen] A3_REFINE_STEPS=4 (env override)
[gen] A3_FINAL_TEMP=0.9 (env override)
[gen] A3_TOP_P=0.95 (nucleus sampling)
[gen] step 0/416  (K_refine=4)
[gen] step 10/416  (K_refine=4)
[gen] step 20/416  (K_refine=4)
[gen] step 30/416  (K_refine=4)
[gen] step 40/416  (K_refine=4)
[gen] step 50/416  (K_refine=4)
[gen] step 60/416  (K_refine=4)
[gen] step 70/416  (K_refine=4)
[gen] step 80/416  (K_refine=4)
[gen] step 90/416  (K_refine=4)
[gen] step 100/416  (K_refine=4)
[gen] step 110/416  (K_refine=4)
[gen] step 120/416  (K_refine=4)
[gen] step 130/416  (K_refine=4)
[gen] step 140/416  (K_refine=4)
[gen] step 150/416  (K_refine=4)
[gen] step 160/416  (K_refine=4)
[gen] step 170/416  (K_refine=4)
[gen] step 180/416  (K_refine=4)
[gen] step 190/416  (K_refine=4)
[gen] step 200/416  (K_refine=4)
[gen] step 210/416  (K_refine=4)
[gen] step 220/416  (K_refine=4)
[gen] step 230/416  (K_refine=4)
[gen] step 240/416  (K_refine=4)
[gen] step 250/416  (K_refine=4)
[gen] step 260/416  (K_refine=4)
[gen] step 270/416  (K_refine=4)
[gen] step 280/416  (K_refine=4)
[gen] step 290/416  (K_refine=4)
[gen] step 300/416  (K_refine=4)
[gen] step 310/416  (K_refine=4)
[gen] step 320/416  (K_refine=4)
[gen] step 330/416  (K_refine=4)
[gen] step 340/416  (K_refine=4)
[gen] step 350/416  (K_refine=4)
[gen] step 360/416  (K_refine=4)
[gen] step 370/416  (K_refine=4)
[gen] step 380/416  (K_refine=4)
[gen] step 390/416  (K_refine=4)
[gen] step 400/416  (K_refine=4)
[gen] step 410/416  (K_refine=4)
    -> temp/E1_v5b/A3/236/co/sample_2_temp1.0.mid

[30/95] 246
  mode=co
[gen] A3_REFINE_STEPS=4 (env override)
[gen] A3_FINAL_TEMP=0.9 (env override)
[gen] A3_TOP_P=0.95 (nucleus sampling)
[gen] step 0/416  (K_refine=4)
[gen] step 10/416  (K_refine=4)
[gen] step 20/416  (K_refine=4)
[gen] step 30/416  (K_refine=4)
[gen] step 40/416  (K_refine=4)
[gen] step 50/416  (K_refine=4)
[gen] step 60/416  (K_refine=4)
[gen] step 70/416  (K_refine=4)
[gen] step 80/416  (K_refine=4)
[gen] step 90/416  (K_refine=4)
[gen] step 100/416  (K_refine=4)
[gen] step 110/416  (K_refine=4)
[gen] step 120/416  (K_refine=4)
[gen] step 130/416  (K_refine=4)
[gen] step 140/416  (K_refine=4)
[gen] step 150/416  (K_refine=4)
[gen] step 160/416  (K_refine=4)
[gen] step 170/416  (K_refine=4)
[gen] step 180/416  (K_refine=4)
[gen] step 190/416  (K_refine=4)
[gen] step 200/416  (K_refine=4)
[gen] step 210/416  (K_refine=4)
[gen] step 220/416  (K_refine=4)
[gen] step 230/416  (K_refine=4)
[gen] step 240/416  (K_refine=4)
[gen] step 250/416  (K_refine=4)
[gen] step 260/416  (K_refine=4)
[gen] step 270/416  (K_refine=4)
[gen] step 280/416  (K_refine=4)
[gen] step 290/416  (K_refine=4)
[gen] step 300/416  (K_refine=4)
[gen] step 310/416  (K_refine=4)
[gen] step 320/416  (K_refine=4)
[gen] step 330/416  (K_refine=4)
[gen] step 340/416  (K_refine=4)
[gen] step 350/416  (K_refine=4)
[gen] step 360/416  (K_refine=4)
[gen] step 370/416  (K_refine=4)
[gen] step 380/416  (K_refine=4)
[gen] step 390/416  (K_refine=4)
[gen] step 400/416  (K_refine=4)
[gen] step 410/416  (K_refine=4)
    -> temp/E1_v5b/A3/246/co/sample_0_temp1.0.mid
[gen] A3_REFINE_STEPS=4 (env override)
[gen] A3_FINAL_TEMP=0.9 (env override)
[gen] A3_TOP_P=0.95 (nucleus sampling)
[gen] step 0/416  (K_refine=4)
[gen] step 10/416  (K_refine=4)
[gen] step 20/416  (K_refine=4)
[gen] step 30/416  (K_refine=4)
[gen] step 40/416  (K_refine=4)
[gen] step 50/416  (K_refine=4)
[gen] step 60/416  (K_refine=4)
[gen] step 70/416  (K_refine=4)
[gen] step 80/416  (K_refine=4)
[gen] step 90/416  (K_refine=4)
[gen] step 100/416  (K_refine=4)
[gen] step 110/416  (K_refine=4)
[gen] step 120/416  (K_refine=4)
[gen] step 130/416  (K_refine=4)
[gen] step 140/416  (K_refine=4)
[gen] step 150/416  (K_refine=4)
[gen] step 160/416  (K_refine=4)
[gen] step 170/416  (K_refine=4)
[gen] step 180/416  (K_refine=4)
[gen] step 190/416  (K_refine=4)
[gen] step 200/416  (K_refine=4)
[gen] step 210/416  (K_refine=4)
[gen] step 220/416  (K_refine=4)
[gen] step 230/416  (K_refine=4)
[gen] step 240/416  (K_refine=4)
[gen] step 250/416  (K_refine=4)
[gen] step 260/416  (K_refine=4)
[gen] step 270/416  (K_refine=4)
[gen] step 280/416  (K_refine=4)
[gen] step 290/416  (K_refine=4)
[gen] step 300/416  (K_refine=4)
[gen] step 310/416  (K_refine=4)
[gen] step 320/416  (K_refine=4)
[gen] step 330/416  (K_refine=4)
[gen] step 340/416  (K_refine=4)
[gen] step 350/416  (K_refine=4)
[gen] step 360/416  (K_refine=4)
[gen] step 370/416  (K_refine=4)
[gen] step 380/416  (K_refine=4)
[gen] step 390/416  (K_refine=4)
[gen] step 400/416  (K_refine=4)
[gen] step 410/416  (K_refine=4)
    -> temp/E1_v5b/A3/246/co/sample_1_temp1.0.mid
[gen] A3_REFINE_STEPS=4 (env override)
[gen] A3_FINAL_TEMP=0.9 (env override)
[gen] A3_TOP_P=0.95 (nucleus sampling)
[gen] step 0/416  (K_refine=4)
[gen] step 10/416  (K_refine=4)
[gen] step 20/416  (K_refine=4)
[gen] step 30/416  (K_refine=4)
[gen] step 40/416  (K_refine=4)
[gen] step 50/416  (K_refine=4)
[gen] step 60/416  (K_refine=4)
[gen] step 70/416  (K_refine=4)
[gen] step 80/416  (K_refine=4)
[gen] step 90/416  (K_refine=4)
[gen] step 100/416  (K_refine=4)
[gen] step 110/416  (K_refine=4)
[gen] step 120/416  (K_refine=4)
[gen] step 130/416  (K_refine=4)
[gen] step 140/416  (K_refine=4)
[gen] step 150/416  (K_refine=4)
[gen] step 160/416  (K_refine=4)
[gen] step 170/416  (K_refine=4)
[gen] step 180/416  (K_refine=4)
[gen] step 190/416  (K_refine=4)
[gen] step 200/416  (K_refine=4)
[gen] step 210/416  (K_refine=4)
[gen] step 220/416  (K_refine=4)
[gen] step 230/416  (K_refine=4)
[gen] step 240/416  (K_refine=4)
[gen] step 250/416  (K_refine=4)
[gen] step 260/416  (K_refine=4)
[gen] step 270/416  (K_refine=4)
[gen] step 280/416  (K_refine=4)
[gen] step 290/416  (K_refine=4)
[gen] step 300/416  (K_refine=4)
[gen] step 310/416  (K_refine=4)
[gen] step 320/416  (K_refine=4)
[gen] step 330/416  (K_refine=4)
[gen] step 340/416  (K_refine=4)
[gen] step 350/416  (K_refine=4)
[gen] step 360/416  (K_refine=4)
[gen] step 370/416  (K_refine=4)
[gen] step 380/416  (K_refine=4)
[gen] step 390/416  (K_refine=4)
[gen] step 400/416  (K_refine=4)
[gen] step 410/416  (K_refine=4)
    -> temp/E1_v5b/A3/246/co/sample_2_temp1.0.mid

[31/95] 256
  mode=co
[gen] A3_REFINE_STEPS=4 (env override)
[gen] A3_FINAL_TEMP=0.9 (env override)
[gen] A3_TOP_P=0.95 (nucleus sampling)
[gen] step 0/416  (K_refine=4)
[gen] step 10/416  (K_refine=4)
[gen] step 20/416  (K_refine=4)
[gen] step 30/416  (K_refine=4)
[gen] step 40/416  (K_refine=4)
[gen] step 50/416  (K_refine=4)
[gen] step 60/416  (K_refine=4)
[gen] step 70/416  (K_refine=4)
[gen] step 80/416  (K_refine=4)
[gen] step 90/416  (K_refine=4)
[gen] step 100/416  (K_refine=4)
[gen] step 110/416  (K_refine=4)
[gen] step 120/416  (K_refine=4)
[gen] step 130/416  (K_refine=4)
[gen] step 140/416  (K_refine=4)
[gen] step 150/416  (K_refine=4)
[gen] step 160/416  (K_refine=4)
[gen] step 170/416  (K_refine=4)
[gen] step 180/416  (K_refine=4)
[gen] step 190/416  (K_refine=4)
[gen] step 200/416  (K_refine=4)
[gen] step 210/416  (K_refine=4)
[gen] step 220/416  (K_refine=4)
[gen] step 230/416  (K_refine=4)
[gen] step 240/416  (K_refine=4)
[gen] step 250/416  (K_refine=4)
[gen] step 260/416  (K_refine=4)
[gen] step 270/416  (K_refine=4)
[gen] step 280/416  (K_refine=4)
[gen] step 290/416  (K_refine=4)
[gen] step 300/416  (K_refine=4)
[gen] step 310/416  (K_refine=4)
[gen] step 320/416  (K_refine=4)
[gen] step 330/416  (K_refine=4)
[gen] step 340/416  (K_refine=4)
[gen] step 350/416  (K_refine=4)
[gen] step 360/416  (K_refine=4)
[gen] step 370/416  (K_refine=4)
[gen] step 380/416  (K_refine=4)
[gen] step 390/416  (K_refine=4)
[gen] step 400/416  (K_refine=4)
[gen] step 410/416  (K_refine=4)
    -> temp/E1_v5b/A3/256/co/sample_0_temp1.0.mid
[gen] A3_REFINE_STEPS=4 (env override)
[gen] A3_FINAL_TEMP=0.9 (env override)
[gen] A3_TOP_P=0.95 (nucleus sampling)
[gen] step 0/416  (K_refine=4)
[gen] step 10/416  (K_refine=4)
[gen] step 20/416  (K_refine=4)
[gen] step 30/416  (K_refine=4)
[gen] step 40/416  (K_refine=4)
[gen] step 50/416  (K_refine=4)
[gen] step 60/416  (K_refine=4)
[gen] step 70/416  (K_refine=4)
[gen] step 80/416  (K_refine=4)
[gen] step 90/416  (K_refine=4)
[gen] step 100/416  (K_refine=4)
[gen] step 110/416  (K_refine=4)
[gen] step 120/416  (K_refine=4)
[gen] step 130/416  (K_refine=4)
[gen] step 140/416  (K_refine=4)
[gen] step 150/416  (K_refine=4)
[gen] step 160/416  (K_refine=4)
[gen] step 170/416  (K_refine=4)
[gen] step 180/416  (K_refine=4)
[gen] step 190/416  (K_refine=4)
[gen] step 200/416  (K_refine=4)
[gen] step 210/416  (K_refine=4)
[gen] step 220/416  (K_refine=4)
[gen] step 230/416  (K_refine=4)
[gen] step 240/416  (K_refine=4)
[gen] step 250/416  (K_refine=4)
[gen] step 260/416  (K_refine=4)
[gen] step 270/416  (K_refine=4)
[gen] step 280/416  (K_refine=4)
[gen] step 290/416  (K_refine=4)
[gen] step 300/416  (K_refine=4)
[gen] step 310/416  (K_refine=4)
[gen] step 320/416  (K_refine=4)
[gen] step 330/416  (K_refine=4)
[gen] step 340/416  (K_refine=4)
[gen] step 350/416  (K_refine=4)
[gen] step 360/416  (K_refine=4)
[gen] step 370/416  (K_refine=4)
[gen] step 380/416  (K_refine=4)
[gen] step 390/416  (K_refine=4)
[gen] step 400/416  (K_refine=4)
[gen] step 410/416  (K_refine=4)
    -> temp/E1_v5b/A3/256/co/sample_1_temp1.0.mid
[gen] A3_REFINE_STEPS=4 (env override)
[gen] A3_FINAL_TEMP=0.9 (env override)
[gen] A3_TOP_P=0.95 (nucleus sampling)
[gen] step 0/416  (K_refine=4)
[gen] step 10/416  (K_refine=4)
[gen] step 20/416  (K_refine=4)
[gen] step 30/416  (K_refine=4)
[gen] step 40/416  (K_refine=4)
[gen] step 50/416  (K_refine=4)
[gen] step 60/416  (K_refine=4)
[gen] step 70/416  (K_refine=4)
[gen] step 80/416  (K_refine=4)
[gen] step 90/416  (K_refine=4)
[gen] step 100/416  (K_refine=4)
[gen] step 110/416  (K_refine=4)
[gen] step 120/416  (K_refine=4)
[gen] step 130/416  (K_refine=4)
[gen] step 140/416  (K_refine=4)
[gen] step 150/416  (K_refine=4)
[gen] step 160/416  (K_refine=4)
[gen] step 170/416  (K_refine=4)
[gen] step 180/416  (K_refine=4)
[gen] step 190/416  (K_refine=4)
[gen] step 200/416  (K_refine=4)
[gen] step 210/416  (K_refine=4)
[gen] step 220/416  (K_refine=4)
[gen] step 230/416  (K_refine=4)
[gen] step 240/416  (K_refine=4)
[gen] step 250/416  (K_refine=4)
[gen] step 260/416  (K_refine=4)
[gen] step 270/416  (K_refine=4)
[gen] step 280/416  (K_refine=4)
[gen] step 290/416  (K_refine=4)
[gen] step 300/416  (K_refine=4)
[gen] step 310/416  (K_refine=4)
[gen] step 320/416  (K_refine=4)
[gen] step 330/416  (K_refine=4)
[gen] step 340/416  (K_refine=4)
[gen] step 350/416  (K_refine=4)
[gen] step 360/416  (K_refine=4)
[gen] step 370/416  (K_refine=4)
[gen] step 380/416  (K_refine=4)
[gen] step 390/416  (K_refine=4)
[gen] step 400/416  (K_refine=4)
[gen] step 410/416  (K_refine=4)
    -> temp/E1_v5b/A3/256/co/sample_2_temp1.0.mid

[32/95] 266
  mode=co
[gen] A3_REFINE_STEPS=4 (env override)
[gen] A3_FINAL_TEMP=0.9 (env override)
[gen] A3_TOP_P=0.95 (nucleus sampling)
[gen] step 0/416  (K_refine=4)
[gen] step 10/416  (K_refine=4)
[gen] step 20/416  (K_refine=4)
[gen] step 30/416  (K_refine=4)
[gen] step 40/416  (K_refine=4)
[gen] step 50/416  (K_refine=4)
[gen] step 60/416  (K_refine=4)
[gen] step 70/416  (K_refine=4)
[gen] step 80/416  (K_refine=4)
[gen] step 90/416  (K_refine=4)
[gen] step 100/416  (K_refine=4)
[gen] step 110/416  (K_refine=4)
[gen] step 120/416  (K_refine=4)
[gen] step 130/416  (K_refine=4)
[gen] step 140/416  (K_refine=4)
[gen] step 150/416  (K_refine=4)
[gen] step 160/416  (K_refine=4)
[gen] step 170/416  (K_refine=4)
[gen] step 180/416  (K_refine=4)
[gen] step 190/416  (K_refine=4)
[gen] step 200/416  (K_refine=4)
[gen] step 210/416  (K_refine=4)
[gen] step 220/416  (K_refine=4)
[gen] step 230/416  (K_refine=4)
[gen] step 240/416  (K_refine=4)
[gen] step 250/416  (K_refine=4)
[gen] step 260/416  (K_refine=4)
[gen] step 270/416  (K_refine=4)
[gen] step 280/416  (K_refine=4)
[gen] step 290/416  (K_refine=4)
[gen] step 300/416  (K_refine=4)
[gen] step 310/416  (K_refine=4)
[gen] step 320/416  (K_refine=4)
[gen] step 330/416  (K_refine=4)
[gen] step 340/416  (K_refine=4)
[gen] step 350/416  (K_refine=4)
[gen] step 360/416  (K_refine=4)
[gen] step 370/416  (K_refine=4)
[gen] step 380/416  (K_refine=4)
[gen] step 390/416  (K_refine=4)
[gen] step 400/416  (K_refine=4)
[gen] step 410/416  (K_refine=4)
    -> temp/E1_v5b/A3/266/co/sample_0_temp1.0.mid
[gen] A3_REFINE_STEPS=4 (env override)
[gen] A3_FINAL_TEMP=0.9 (env override)
[gen] A3_TOP_P=0.95 (nucleus sampling)
[gen] step 0/416  (K_refine=4)
[gen] step 10/416  (K_refine=4)
[gen] step 20/416  (K_refine=4)
[gen] step 30/416  (K_refine=4)
[gen] step 40/416  (K_refine=4)
[gen] step 50/416  (K_refine=4)
[gen] step 60/416  (K_refine=4)
[gen] step 70/416  (K_refine=4)
[gen] step 80/416  (K_refine=4)
[gen] step 90/416  (K_refine=4)
[gen] step 100/416  (K_refine=4)
[gen] step 110/416  (K_refine=4)
[gen] step 120/416  (K_refine=4)
[gen] step 130/416  (K_refine=4)
[gen] step 140/416  (K_refine=4)
[gen] step 150/416  (K_refine=4)
[gen] step 160/416  (K_refine=4)
[gen] step 170/416  (K_refine=4)
[gen] step 180/416  (K_refine=4)
[gen] step 190/416  (K_refine=4)
[gen] step 200/416  (K_refine=4)
[gen] step 210/416  (K_refine=4)
[gen] step 220/416  (K_refine=4)
[gen] step 230/416  (K_refine=4)
[gen] step 240/416  (K_refine=4)
[gen] step 250/416  (K_refine=4)
[gen] step 260/416  (K_refine=4)
[gen] step 270/416  (K_refine=4)
[gen] step 280/416  (K_refine=4)
[gen] step 290/416  (K_refine=4)
[gen] step 300/416  (K_refine=4)
[gen] step 310/416  (K_refine=4)
[gen] step 320/416  (K_refine=4)
[gen] step 330/416  (K_refine=4)
[gen] step 340/416  (K_refine=4)
[gen] step 350/416  (K_refine=4)
[gen] step 360/416  (K_refine=4)
[gen] step 370/416  (K_refine=4)
[gen] step 380/416  (K_refine=4)
[gen] step 390/416  (K_refine=4)
[gen] step 400/416  (K_refine=4)
[gen] step 410/416  (K_refine=4)
    -> temp/E1_v5b/A3/266/co/sample_1_temp1.0.mid
[gen] A3_REFINE_STEPS=4 (env override)
[gen] A3_FINAL_TEMP=0.9 (env override)
[gen] A3_TOP_P=0.95 (nucleus sampling)
[gen] step 0/416  (K_refine=4)
[gen] step 10/416  (K_refine=4)
[gen] step 20/416  (K_refine=4)
[gen] step 30/416  (K_refine=4)
[gen] step 40/416  (K_refine=4)
[gen] step 50/416  (K_refine=4)
[gen] step 60/416  (K_refine=4)
[gen] step 70/416  (K_refine=4)
[gen] step 80/416  (K_refine=4)
[gen] step 90/416  (K_refine=4)
[gen] step 100/416  (K_refine=4)
[gen] step 110/416  (K_refine=4)
[gen] step 120/416  (K_refine=4)
[gen] step 130/416  (K_refine=4)
[gen] step 140/416  (K_refine=4)
[gen] step 150/416  (K_refine=4)
[gen] step 160/416  (K_refine=4)
[gen] step 170/416  (K_refine=4)
[gen] step 180/416  (K_refine=4)
[gen] step 190/416  (K_refine=4)
[gen] step 200/416  (K_refine=4)
[gen] step 210/416  (K_refine=4)
[gen] step 220/416  (K_refine=4)
[gen] step 230/416  (K_refine=4)
[gen] step 240/416  (K_refine=4)
[gen] step 250/416  (K_refine=4)
[gen] step 260/416  (K_refine=4)
[gen] step 270/416  (K_refine=4)
[gen] step 280/416  (K_refine=4)
[gen] step 290/416  (K_refine=4)
[gen] step 300/416  (K_refine=4)
[gen] step 310/416  (K_refine=4)
[gen] step 320/416  (K_refine=4)
[gen] step 330/416  (K_refine=4)
[gen] step 340/416  (K_refine=4)
[gen] step 350/416  (K_refine=4)
[gen] step 360/416  (K_refine=4)
[gen] step 370/416  (K_refine=4)
[gen] step 380/416  (K_refine=4)
[gen] step 390/416  (K_refine=4)
[gen] step 400/416  (K_refine=4)
[gen] step 410/416  (K_refine=4)
    -> temp/E1_v5b/A3/266/co/sample_2_temp1.0.mid

[33/95] 276
  mode=co
[gen] A3_REFINE_STEPS=4 (env override)
[gen] A3_FINAL_TEMP=0.9 (env override)
[gen] A3_TOP_P=0.95 (nucleus sampling)
[gen] step 0/416  (K_refine=4)
[gen] step 10/416  (K_refine=4)
[gen] step 20/416  (K_refine=4)
[gen] step 30/416  (K_refine=4)
[gen] step 40/416  (K_refine=4)
[gen] step 50/416  (K_refine=4)
[gen] step 60/416  (K_refine=4)
[gen] step 70/416  (K_refine=4)
[gen] step 80/416  (K_refine=4)
[gen] step 90/416  (K_refine=4)
[gen] step 100/416  (K_refine=4)
[gen] step 110/416  (K_refine=4)
[gen] step 120/416  (K_refine=4)
[gen] step 130/416  (K_refine=4)
[gen] step 140/416  (K_refine=4)
[gen] step 150/416  (K_refine=4)
[gen] step 160/416  (K_refine=4)
[gen] step 170/416  (K_refine=4)
[gen] step 180/416  (K_refine=4)
[gen] step 190/416  (K_refine=4)
[gen] step 200/416  (K_refine=4)
[gen] step 210/416  (K_refine=4)
[gen] step 220/416  (K_refine=4)
[gen] step 230/416  (K_refine=4)
[gen] step 240/416  (K_refine=4)
[gen] step 250/416  (K_refine=4)
[gen] step 260/416  (K_refine=4)
[gen] step 270/416  (K_refine=4)
[gen] step 280/416  (K_refine=4)
[gen] step 290/416  (K_refine=4)
[gen] step 300/416  (K_refine=4)
[gen] step 310/416  (K_refine=4)
[gen] step 320/416  (K_refine=4)
[gen] step 330/416  (K_refine=4)
[gen] step 340/416  (K_refine=4)
[gen] step 350/416  (K_refine=4)
[gen] step 360/416  (K_refine=4)
[gen] step 370/416  (K_refine=4)
[gen] step 380/416  (K_refine=4)
[gen] step 390/416  (K_refine=4)
[gen] step 400/416  (K_refine=4)
[gen] step 410/416  (K_refine=4)
    -> temp/E1_v5b/A3/276/co/sample_0_temp1.0.mid
[gen] A3_REFINE_STEPS=4 (env override)
[gen] A3_FINAL_TEMP=0.9 (env override)
[gen] A3_TOP_P=0.95 (nucleus sampling)
[gen] step 0/416  (K_refine=4)
[gen] step 10/416  (K_refine=4)
[gen] step 20/416  (K_refine=4)
[gen] step 30/416  (K_refine=4)
[gen] step 40/416  (K_refine=4)
[gen] step 50/416  (K_refine=4)
[gen] step 60/416  (K_refine=4)
[gen] step 70/416  (K_refine=4)
[gen] step 80/416  (K_refine=4)
[gen] step 90/416  (K_refine=4)
[gen] step 100/416  (K_refine=4)
[gen] step 110/416  (K_refine=4)
[gen] step 120/416  (K_refine=4)
[gen] step 130/416  (K_refine=4)
[gen] step 140/416  (K_refine=4)
[gen] step 150/416  (K_refine=4)
[gen] step 160/416  (K_refine=4)
[gen] step 170/416  (K_refine=4)
[gen] step 180/416  (K_refine=4)
[gen] step 190/416  (K_refine=4)
[gen] step 200/416  (K_refine=4)
[gen] step 210/416  (K_refine=4)
[gen] step 220/416  (K_refine=4)
[gen] step 230/416  (K_refine=4)
[gen] step 240/416  (K_refine=4)
[gen] step 250/416  (K_refine=4)
[gen] step 260/416  (K_refine=4)
[gen] step 270/416  (K_refine=4)
[gen] step 280/416  (K_refine=4)
[gen] step 290/416  (K_refine=4)
[gen] step 300/416  (K_refine=4)
[gen] step 310/416  (K_refine=4)
[gen] step 320/416  (K_refine=4)
[gen] step 330/416  (K_refine=4)
[gen] step 340/416  (K_refine=4)
[gen] step 350/416  (K_refine=4)
[gen] step 360/416  (K_refine=4)
[gen] step 370/416  (K_refine=4)
[gen] step 380/416  (K_refine=4)
[gen] step 390/416  (K_refine=4)
[gen] step 400/416  (K_refine=4)
[gen] step 410/416  (K_refine=4)
    -> temp/E1_v5b/A3/276/co/sample_1_temp1.0.mid
[gen] A3_REFINE_STEPS=4 (env override)
[gen] A3_FINAL_TEMP=0.9 (env override)
[gen] A3_TOP_P=0.95 (nucleus sampling)
[gen] step 0/416  (K_refine=4)
[gen] step 10/416  (K_refine=4)
[gen] step 20/416  (K_refine=4)
[gen] step 30/416  (K_refine=4)
[gen] step 40/416  (K_refine=4)
[gen] step 50/416  (K_refine=4)
[gen] step 60/416  (K_refine=4)
[gen] step 70/416  (K_refine=4)
[gen] step 80/416  (K_refine=4)
[gen] step 90/416  (K_refine=4)
[gen] step 100/416  (K_refine=4)
[gen] step 110/416  (K_refine=4)
[gen] step 120/416  (K_refine=4)
[gen] step 130/416  (K_refine=4)
[gen] step 140/416  (K_refine=4)
[gen] step 150/416  (K_refine=4)
[gen] step 160/416  (K_refine=4)
[gen] step 170/416  (K_refine=4)
[gen] step 180/416  (K_refine=4)
[gen] step 190/416  (K_refine=4)
[gen] step 200/416  (K_refine=4)
[gen] step 210/416  (K_refine=4)
[gen] step 220/416  (K_refine=4)
[gen] step 230/416  (K_refine=4)
[gen] step 240/416  (K_refine=4)
[gen] step 250/416  (K_refine=4)
[gen] step 260/416  (K_refine=4)
[gen] step 270/416  (K_refine=4)
[gen] step 280/416  (K_refine=4)
[gen] step 290/416  (K_refine=4)
[gen] step 300/416  (K_refine=4)
[gen] step 310/416  (K_refine=4)
[gen] step 320/416  (K_refine=4)
[gen] step 330/416  (K_refine=4)
[gen] step 340/416  (K_refine=4)
[gen] step 350/416  (K_refine=4)
[gen] step 360/416  (K_refine=4)
[gen] step 370/416  (K_refine=4)
[gen] step 380/416  (K_refine=4)
[gen] step 390/416  (K_refine=4)
[gen] step 400/416  (K_refine=4)
[gen] step 410/416  (K_refine=4)
    -> temp/E1_v5b/A3/276/co/sample_2_temp1.0.mid

[34/95] 286
  mode=co
[gen] A3_REFINE_STEPS=4 (env override)
[gen] A3_FINAL_TEMP=0.9 (env override)
[gen] A3_TOP_P=0.95 (nucleus sampling)
[gen] step 0/416  (K_refine=4)
[gen] step 10/416  (K_refine=4)
[gen] step 20/416  (K_refine=4)
[gen] step 30/416  (K_refine=4)
[gen] step 40/416  (K_refine=4)
[gen] step 50/416  (K_refine=4)
[gen] step 60/416  (K_refine=4)
[gen] step 70/416  (K_refine=4)
[gen] step 80/416  (K_refine=4)
[gen] step 90/416  (K_refine=4)
[gen] step 100/416  (K_refine=4)
[gen] step 110/416  (K_refine=4)
[gen] step 120/416  (K_refine=4)
[gen] step 130/416  (K_refine=4)
[gen] step 140/416  (K_refine=4)
[gen] step 150/416  (K_refine=4)
[gen] step 160/416  (K_refine=4)
[gen] step 170/416  (K_refine=4)
[gen] step 180/416  (K_refine=4)
[gen] step 190/416  (K_refine=4)
[gen] step 200/416  (K_refine=4)
[gen] step 210/416  (K_refine=4)
[gen] step 220/416  (K_refine=4)
[gen] step 230/416  (K_refine=4)
[gen] step 240/416  (K_refine=4)
[gen] step 250/416  (K_refine=4)
[gen] step 260/416  (K_refine=4)
[gen] step 270/416  (K_refine=4)
[gen] step 280/416  (K_refine=4)
[gen] step 290/416  (K_refine=4)
[gen] step 300/416  (K_refine=4)
[gen] step 310/416  (K_refine=4)
[gen] step 320/416  (K_refine=4)
[gen] step 330/416  (K_refine=4)
[gen] step 340/416  (K_refine=4)
[gen] step 350/416  (K_refine=4)
[gen] step 360/416  (K_refine=4)
[gen] step 370/416  (K_refine=4)
[gen] step 380/416  (K_refine=4)
[gen] step 390/416  (K_refine=4)
[gen] step 400/416  (K_refine=4)
[gen] step 410/416  (K_refine=4)
    -> temp/E1_v5b/A3/286/co/sample_0_temp1.0.mid
[gen] A3_REFINE_STEPS=4 (env override)
[gen] A3_FINAL_TEMP=0.9 (env override)
[gen] A3_TOP_P=0.95 (nucleus sampling)
[gen] step 0/416  (K_refine=4)
[gen] step 10/416  (K_refine=4)
[gen] step 20/416  (K_refine=4)
[gen] step 30/416  (K_refine=4)
[gen] step 40/416  (K_refine=4)
[gen] step 50/416  (K_refine=4)
[gen] step 60/416  (K_refine=4)
[gen] step 70/416  (K_refine=4)
[gen] step 80/416  (K_refine=4)
[gen] step 90/416  (K_refine=4)
[gen] step 100/416  (K_refine=4)
[gen] step 110/416  (K_refine=4)
[gen] step 120/416  (K_refine=4)
[gen] step 130/416  (K_refine=4)
[gen] step 140/416  (K_refine=4)
[gen] step 150/416  (K_refine=4)
[gen] step 160/416  (K_refine=4)
[gen] step 170/416  (K_refine=4)
[gen] step 180/416  (K_refine=4)
[gen] step 190/416  (K_refine=4)
[gen] step 200/416  (K_refine=4)
[gen] step 210/416  (K_refine=4)
[gen] step 220/416  (K_refine=4)
[gen] step 230/416  (K_refine=4)
[gen] step 240/416  (K_refine=4)
[gen] step 250/416  (K_refine=4)
[gen] step 260/416  (K_refine=4)
[gen] step 270/416  (K_refine=4)
[gen] step 280/416  (K_refine=4)
[gen] step 290/416  (K_refine=4)
[gen] step 300/416  (K_refine=4)
[gen] step 310/416  (K_refine=4)
[gen] step 320/416  (K_refine=4)
[gen] step 330/416  (K_refine=4)
[gen] step 340/416  (K_refine=4)
[gen] step 350/416  (K_refine=4)
[gen] step 360/416  (K_refine=4)
[gen] step 370/416  (K_refine=4)
[gen] step 380/416  (K_refine=4)
[gen] step 390/416  (K_refine=4)
[gen] step 400/416  (K_refine=4)
[gen] step 410/416  (K_refine=4)
    -> temp/E1_v5b/A3/286/co/sample_1_temp1.0.mid
[gen] A3_REFINE_STEPS=4 (env override)
[gen] A3_FINAL_TEMP=0.9 (env override)
[gen] A3_TOP_P=0.95 (nucleus sampling)
[gen] step 0/416  (K_refine=4)
[gen] step 10/416  (K_refine=4)
[gen] step 20/416  (K_refine=4)
[gen] step 30/416  (K_refine=4)
[gen] step 40/416  (K_refine=4)
[gen] step 50/416  (K_refine=4)
[gen] step 60/416  (K_refine=4)
[gen] step 70/416  (K_refine=4)
[gen] step 80/416  (K_refine=4)
[gen] step 90/416  (K_refine=4)
[gen] step 100/416  (K_refine=4)
[gen] step 110/416  (K_refine=4)
[gen] step 120/416  (K_refine=4)
[gen] step 130/416  (K_refine=4)
[gen] step 140/416  (K_refine=4)
[gen] step 150/416  (K_refine=4)
[gen] step 160/416  (K_refine=4)
[gen] step 170/416  (K_refine=4)
[gen] step 180/416  (K_refine=4)
[gen] step 190/416  (K_refine=4)
[gen] step 200/416  (K_refine=4)
[gen] step 210/416  (K_refine=4)
[gen] step 220/416  (K_refine=4)
[gen] step 230/416  (K_refine=4)
[gen] step 240/416  (K_refine=4)
[gen] step 250/416  (K_refine=4)
[gen] step 260/416  (K_refine=4)
[gen] step 270/416  (K_refine=4)
[gen] step 280/416  (K_refine=4)
[gen] step 290/416  (K_refine=4)
[gen] step 300/416  (K_refine=4)
[gen] step 310/416  (K_refine=4)
[gen] step 320/416  (K_refine=4)
[gen] step 330/416  (K_refine=4)
[gen] step 340/416  (K_refine=4)
[gen] step 350/416  (K_refine=4)
[gen] step 360/416  (K_refine=4)
[gen] step 370/416  (K_refine=4)
[gen] step 380/416  (K_refine=4)
[gen] step 390/416  (K_refine=4)
[gen] step 400/416  (K_refine=4)
[gen] step 410/416  (K_refine=4)
    -> temp/E1_v5b/A3/286/co/sample_2_temp1.0.mid

[35/95] 296
  mode=co
[gen] A3_REFINE_STEPS=4 (env override)
[gen] A3_FINAL_TEMP=0.9 (env override)
[gen] A3_TOP_P=0.95 (nucleus sampling)
[gen] step 0/416  (K_refine=4)
[gen] step 10/416  (K_refine=4)
[gen] step 20/416  (K_refine=4)
[gen] step 30/416  (K_refine=4)
[gen] step 40/416  (K_refine=4)
[gen] step 50/416  (K_refine=4)
[gen] step 60/416  (K_refine=4)
[gen] step 70/416  (K_refine=4)
[gen] step 80/416  (K_refine=4)
[gen] step 90/416  (K_refine=4)
[gen] step 100/416  (K_refine=4)
[gen] step 110/416  (K_refine=4)
[gen] step 120/416  (K_refine=4)
[gen] step 130/416  (K_refine=4)
[gen] step 140/416  (K_refine=4)
[gen] step 150/416  (K_refine=4)
[gen] step 160/416  (K_refine=4)
[gen] step 170/416  (K_refine=4)
[gen] step 180/416  (K_refine=4)
[gen] step 190/416  (K_refine=4)
[gen] step 200/416  (K_refine=4)
[gen] step 210/416  (K_refine=4)
[gen] step 220/416  (K_refine=4)
[gen] step 230/416  (K_refine=4)
[gen] step 240/416  (K_refine=4)
[gen] step 250/416  (K_refine=4)
[gen] step 260/416  (K_refine=4)
[gen] step 270/416  (K_refine=4)
[gen] step 280/416  (K_refine=4)
[gen] step 290/416  (K_refine=4)
[gen] step 300/416  (K_refine=4)
[gen] step 310/416  (K_refine=4)
[gen] step 320/416  (K_refine=4)
[gen] step 330/416  (K_refine=4)
[gen] step 340/416  (K_refine=4)
[gen] step 350/416  (K_refine=4)
[gen] step 360/416  (K_refine=4)
[gen] step 370/416  (K_refine=4)
[gen] step 380/416  (K_refine=4)
[gen] step 390/416  (K_refine=4)
[gen] step 400/416  (K_refine=4)
[gen] step 410/416  (K_refine=4)
    -> temp/E1_v5b/A3/296/co/sample_0_temp1.0.mid
[gen] A3_REFINE_STEPS=4 (env override)
[gen] A3_FINAL_TEMP=0.9 (env override)
[gen] A3_TOP_P=0.95 (nucleus sampling)
[gen] step 0/416  (K_refine=4)
[gen] step 10/416  (K_refine=4)
[gen] step 20/416  (K_refine=4)
[gen] step 30/416  (K_refine=4)
[gen] step 40/416  (K_refine=4)
[gen] step 50/416  (K_refine=4)
[gen] step 60/416  (K_refine=4)
[gen] step 70/416  (K_refine=4)
[gen] step 80/416  (K_refine=4)
[gen] step 90/416  (K_refine=4)
[gen] step 100/416  (K_refine=4)
[gen] step 110/416  (K_refine=4)
[gen] step 120/416  (K_refine=4)
[gen] step 130/416  (K_refine=4)
[gen] step 140/416  (K_refine=4)
[gen] step 150/416  (K_refine=4)
[gen] step 160/416  (K_refine=4)
[gen] step 170/416  (K_refine=4)
[gen] step 180/416  (K_refine=4)
[gen] step 190/416  (K_refine=4)
[gen] step 200/416  (K_refine=4)
[gen] step 210/416  (K_refine=4)
[gen] step 220/416  (K_refine=4)
[gen] step 230/416  (K_refine=4)
[gen] step 240/416  (K_refine=4)
[gen] step 250/416  (K_refine=4)
[gen] step 260/416  (K_refine=4)
[gen] step 270/416  (K_refine=4)
[gen] step 280/416  (K_refine=4)
[gen] step 290/416  (K_refine=4)
[gen] step 300/416  (K_refine=4)
[gen] step 310/416  (K_refine=4)
[gen] step 320/416  (K_refine=4)
[gen] step 330/416  (K_refine=4)
[gen] step 340/416  (K_refine=4)
[gen] step 350/416  (K_refine=4)
[gen] step 360/416  (K_refine=4)
[gen] step 370/416  (K_refine=4)
[gen] step 380/416  (K_refine=4)
[gen] step 390/416  (K_refine=4)
[gen] step 400/416  (K_refine=4)
[gen] step 410/416  (K_refine=4)
    -> temp/E1_v5b/A3/296/co/sample_1_temp1.0.mid
[gen] A3_REFINE_STEPS=4 (env override)
[gen] A3_FINAL_TEMP=0.9 (env override)
[gen] A3_TOP_P=0.95 (nucleus sampling)
[gen] step 0/416  (K_refine=4)
[gen] step 10/416  (K_refine=4)
[gen] step 20/416  (K_refine=4)
[gen] step 30/416  (K_refine=4)
[gen] step 40/416  (K_refine=4)
[gen] step 50/416  (K_refine=4)
[gen] step 60/416  (K_refine=4)
[gen] step 70/416  (K_refine=4)
[gen] step 80/416  (K_refine=4)
[gen] step 90/416  (K_refine=4)
[gen] step 100/416  (K_refine=4)
[gen] step 110/416  (K_refine=4)
[gen] step 120/416  (K_refine=4)
[gen] step 130/416  (K_refine=4)
[gen] step 140/416  (K_refine=4)
[gen] step 150/416  (K_refine=4)
[gen] step 160/416  (K_refine=4)
[gen] step 170/416  (K_refine=4)
[gen] step 180/416  (K_refine=4)
[gen] step 190/416  (K_refine=4)
[gen] step 200/416  (K_refine=4)
[gen] step 210/416  (K_refine=4)
[gen] step 220/416  (K_refine=4)
[gen] step 230/416  (K_refine=4)
[gen] step 240/416  (K_refine=4)
[gen] step 250/416  (K_refine=4)
[gen] step 260/416  (K_refine=4)
[gen] step 270/416  (K_refine=4)
[gen] step 280/416  (K_refine=4)
[gen] step 290/416  (K_refine=4)
[gen] step 300/416  (K_refine=4)
[gen] step 310/416  (K_refine=4)
[gen] step 320/416  (K_refine=4)
[gen] step 330/416  (K_refine=4)
[gen] step 340/416  (K_refine=4)
[gen] step 350/416  (K_refine=4)
[gen] step 360/416  (K_refine=4)
[gen] step 370/416  (K_refine=4)
[gen] step 380/416  (K_refine=4)
[gen] step 390/416  (K_refine=4)
[gen] step 400/416  (K_refine=4)
[gen] step 410/416  (K_refine=4)
    -> temp/E1_v5b/A3/296/co/sample_2_temp1.0.mid

[36/95] 306
  mode=co
[gen] A3_REFINE_STEPS=4 (env override)
[gen] A3_FINAL_TEMP=0.9 (env override)
[gen] A3_TOP_P=0.95 (nucleus sampling)
[gen] step 0/416  (K_refine=4)
[gen] step 10/416  (K_refine=4)
[gen] step 20/416  (K_refine=4)
[gen] step 30/416  (K_refine=4)
[gen] step 40/416  (K_refine=4)
[gen] step 50/416  (K_refine=4)
[gen] step 60/416  (K_refine=4)
[gen] step 70/416  (K_refine=4)
[gen] step 80/416  (K_refine=4)
[gen] step 90/416  (K_refine=4)
[gen] step 100/416  (K_refine=4)
[gen] step 110/416  (K_refine=4)
[gen] step 120/416  (K_refine=4)
[gen] step 130/416  (K_refine=4)
[gen] step 140/416  (K_refine=4)
[gen] step 150/416  (K_refine=4)
[gen] step 160/416  (K_refine=4)
[gen] step 170/416  (K_refine=4)
[gen] step 180/416  (K_refine=4)
[gen] step 190/416  (K_refine=4)
[gen] step 200/416  (K_refine=4)
[gen] step 210/416  (K_refine=4)
[gen] step 220/416  (K_refine=4)
[gen] step 230/416  (K_refine=4)
[gen] step 240/416  (K_refine=4)
[gen] step 250/416  (K_refine=4)
[gen] step 260/416  (K_refine=4)
[gen] step 270/416  (K_refine=4)
[gen] step 280/416  (K_refine=4)
[gen] step 290/416  (K_refine=4)
[gen] step 300/416  (K_refine=4)
[gen] step 310/416  (K_refine=4)
[gen] step 320/416  (K_refine=4)
[gen] step 330/416  (K_refine=4)
[gen] step 340/416  (K_refine=4)
[gen] step 350/416  (K_refine=4)
[gen] step 360/416  (K_refine=4)
[gen] step 370/416  (K_refine=4)
[gen] step 380/416  (K_refine=4)
[gen] step 390/416  (K_refine=4)
[gen] step 400/416  (K_refine=4)
[gen] step 410/416  (K_refine=4)
    -> temp/E1_v5b/A3/306/co/sample_0_temp1.0.mid
[gen] A3_REFINE_STEPS=4 (env override)
[gen] A3_FINAL_TEMP=0.9 (env override)
[gen] A3_TOP_P=0.95 (nucleus sampling)
[gen] step 0/416  (K_refine=4)
[gen] step 10/416  (K_refine=4)
[gen] step 20/416  (K_refine=4)
[gen] step 30/416  (K_refine=4)
[gen] step 40/416  (K_refine=4)
[gen] step 50/416  (K_refine=4)
[gen] step 60/416  (K_refine=4)
[gen] step 70/416  (K_refine=4)
[gen] step 80/416  (K_refine=4)
[gen] step 90/416  (K_refine=4)
[gen] step 100/416  (K_refine=4)
[gen] step 110/416  (K_refine=4)
[gen] step 120/416  (K_refine=4)
[gen] step 130/416  (K_refine=4)
[gen] step 140/416  (K_refine=4)
[gen] step 150/416  (K_refine=4)
[gen] step 160/416  (K_refine=4)
[gen] step 170/416  (K_refine=4)
[gen] step 180/416  (K_refine=4)
[gen] step 190/416  (K_refine=4)
[gen] step 200/416  (K_refine=4)
[gen] step 210/416  (K_refine=4)
[gen] step 220/416  (K_refine=4)
[gen] step 230/416  (K_refine=4)
[gen] step 240/416  (K_refine=4)
[gen] step 250/416  (K_refine=4)
[gen] step 260/416  (K_refine=4)
[gen] step 270/416  (K_refine=4)
[gen] step 280/416  (K_refine=4)
[gen] step 290/416  (K_refine=4)
[gen] step 300/416  (K_refine=4)
[gen] step 310/416  (K_refine=4)
[gen] step 320/416  (K_refine=4)
[gen] step 330/416  (K_refine=4)
[gen] step 340/416  (K_refine=4)
[gen] step 350/416  (K_refine=4)
[gen] step 360/416  (K_refine=4)
[gen] step 370/416  (K_refine=4)
[gen] step 380/416  (K_refine=4)
[gen] step 390/416  (K_refine=4)
[gen] step 400/416  (K_refine=4)
[gen] step 410/416  (K_refine=4)
    -> temp/E1_v5b/A3/306/co/sample_1_temp1.0.mid
[gen] A3_REFINE_STEPS=4 (env override)
[gen] A3_FINAL_TEMP=0.9 (env override)
[gen] A3_TOP_P=0.95 (nucleus sampling)
[gen] step 0/416  (K_refine=4)
[gen] step 10/416  (K_refine=4)
[gen] step 20/416  (K_refine=4)
[gen] step 30/416  (K_refine=4)
[gen] step 40/416  (K_refine=4)
[gen] step 50/416  (K_refine=4)
[gen] step 60/416  (K_refine=4)
[gen] step 70/416  (K_refine=4)
[gen] step 80/416  (K_refine=4)
[gen] step 90/416  (K_refine=4)
[gen] step 100/416  (K_refine=4)
[gen] step 110/416  (K_refine=4)
[gen] step 120/416  (K_refine=4)
[gen] step 130/416  (K_refine=4)
[gen] step 140/416  (K_refine=4)
[gen] step 150/416  (K_refine=4)
[gen] step 160/416  (K_refine=4)
[gen] step 170/416  (K_refine=4)
[gen] step 180/416  (K_refine=4)
[gen] step 190/416  (K_refine=4)
[gen] step 200/416  (K_refine=4)
[gen] step 210/416  (K_refine=4)
[gen] step 220/416  (K_refine=4)
[gen] step 230/416  (K_refine=4)
[gen] step 240/416  (K_refine=4)
[gen] step 250/416  (K_refine=4)
[gen] step 260/416  (K_refine=4)
[gen] step 270/416  (K_refine=4)
[gen] step 280/416  (K_refine=4)
[gen] step 290/416  (K_refine=4)
[gen] step 300/416  (K_refine=4)
[gen] step 310/416  (K_refine=4)
[gen] step 320/416  (K_refine=4)
[gen] step 330/416  (K_refine=4)
[gen] step 340/416  (K_refine=4)
[gen] step 350/416  (K_refine=4)
[gen] step 360/416  (K_refine=4)
[gen] step 370/416  (K_refine=4)
[gen] step 380/416  (K_refine=4)
[gen] step 390/416  (K_refine=4)
[gen] step 400/416  (K_refine=4)
[gen] step 410/416  (K_refine=4)
    -> temp/E1_v5b/A3/306/co/sample_2_temp1.0.mid

[37/95] 316
  mode=co
[gen] A3_REFINE_STEPS=4 (env override)
[gen] A3_FINAL_TEMP=0.9 (env override)
[gen] A3_TOP_P=0.95 (nucleus sampling)
[gen] step 0/416  (K_refine=4)
[gen] step 10/416  (K_refine=4)
[gen] step 20/416  (K_refine=4)
[gen] step 30/416  (K_refine=4)
[gen] step 40/416  (K_refine=4)
[gen] step 50/416  (K_refine=4)
[gen] step 60/416  (K_refine=4)
[gen] step 70/416  (K_refine=4)
[gen] step 80/416  (K_refine=4)
[gen] step 90/416  (K_refine=4)
[gen] step 100/416  (K_refine=4)
[gen] step 110/416  (K_refine=4)
[gen] step 120/416  (K_refine=4)
[gen] step 130/416  (K_refine=4)
[gen] step 140/416  (K_refine=4)
[gen] step 150/416  (K_refine=4)
[gen] step 160/416  (K_refine=4)
[gen] step 170/416  (K_refine=4)
[gen] step 180/416  (K_refine=4)
[gen] step 190/416  (K_refine=4)
[gen] step 200/416  (K_refine=4)
[gen] step 210/416  (K_refine=4)
[gen] step 220/416  (K_refine=4)
[gen] step 230/416  (K_refine=4)
[gen] step 240/416  (K_refine=4)
[gen] step 250/416  (K_refine=4)
[gen] step 260/416  (K_refine=4)
[gen] step 270/416  (K_refine=4)
[gen] step 280/416  (K_refine=4)
[gen] step 290/416  (K_refine=4)
[gen] step 300/416  (K_refine=4)
[gen] step 310/416  (K_refine=4)
[gen] step 320/416  (K_refine=4)
[gen] step 330/416  (K_refine=4)
[gen] step 340/416  (K_refine=4)
[gen] step 350/416  (K_refine=4)
[gen] step 360/416  (K_refine=4)
[gen] step 370/416  (K_refine=4)
[gen] step 380/416  (K_refine=4)
[gen] step 390/416  (K_refine=4)
[gen] step 400/416  (K_refine=4)
[gen] step 410/416  (K_refine=4)
    -> temp/E1_v5b/A3/316/co/sample_0_temp1.0.mid
[gen] A3_REFINE_STEPS=4 (env override)
[gen] A3_FINAL_TEMP=0.9 (env override)
[gen] A3_TOP_P=0.95 (nucleus sampling)
[gen] step 0/416  (K_refine=4)
[gen] step 10/416  (K_refine=4)
[gen] step 20/416  (K_refine=4)
[gen] step 30/416  (K_refine=4)
[gen] step 40/416  (K_refine=4)
[gen] step 50/416  (K_refine=4)
[gen] step 60/416  (K_refine=4)
[gen] step 70/416  (K_refine=4)
[gen] step 80/416  (K_refine=4)
[gen] step 90/416  (K_refine=4)
[gen] step 100/416  (K_refine=4)
[gen] step 110/416  (K_refine=4)
[gen] step 120/416  (K_refine=4)
[gen] step 130/416  (K_refine=4)
[gen] step 140/416  (K_refine=4)
[gen] step 150/416  (K_refine=4)
[gen] step 160/416  (K_refine=4)
[gen] step 170/416  (K_refine=4)
[gen] step 180/416  (K_refine=4)
[gen] step 190/416  (K_refine=4)
[gen] step 200/416  (K_refine=4)
[gen] step 210/416  (K_refine=4)
[gen] step 220/416  (K_refine=4)
[gen] step 230/416  (K_refine=4)
[gen] step 240/416  (K_refine=4)
[gen] step 250/416  (K_refine=4)
[gen] step 260/416  (K_refine=4)
[gen] step 270/416  (K_refine=4)
[gen] step 280/416  (K_refine=4)
[gen] step 290/416  (K_refine=4)
[gen] step 300/416  (K_refine=4)
[gen] step 310/416  (K_refine=4)
[gen] step 320/416  (K_refine=4)
[gen] step 330/416  (K_refine=4)
[gen] step 340/416  (K_refine=4)
[gen] step 350/416  (K_refine=4)
[gen] step 360/416  (K_refine=4)
[gen] step 370/416  (K_refine=4)
[gen] step 380/416  (K_refine=4)
[gen] step 390/416  (K_refine=4)
[gen] step 400/416  (K_refine=4)
[gen] step 410/416  (K_refine=4)
    -> temp/E1_v5b/A3/316/co/sample_1_temp1.0.mid
[gen] A3_REFINE_STEPS=4 (env override)
[gen] A3_FINAL_TEMP=0.9 (env override)
[gen] A3_TOP_P=0.95 (nucleus sampling)
[gen] step 0/416  (K_refine=4)
[gen] step 10/416  (K_refine=4)
[gen] step 20/416  (K_refine=4)
[gen] step 30/416  (K_refine=4)
[gen] step 40/416  (K_refine=4)
[gen] step 50/416  (K_refine=4)
[gen] step 60/416  (K_refine=4)
[gen] step 70/416  (K_refine=4)
[gen] step 80/416  (K_refine=4)
[gen] step 90/416  (K_refine=4)
[gen] step 100/416  (K_refine=4)
[gen] step 110/416  (K_refine=4)
[gen] step 120/416  (K_refine=4)
[gen] step 130/416  (K_refine=4)
[gen] step 140/416  (K_refine=4)
[gen] step 150/416  (K_refine=4)
[gen] step 160/416  (K_refine=4)
[gen] step 170/416  (K_refine=4)
[gen] step 180/416  (K_refine=4)
[gen] step 190/416  (K_refine=4)
[gen] step 200/416  (K_refine=4)
[gen] step 210/416  (K_refine=4)
[gen] step 220/416  (K_refine=4)
[gen] step 230/416  (K_refine=4)
[gen] step 240/416  (K_refine=4)
[gen] step 250/416  (K_refine=4)
[gen] step 260/416  (K_refine=4)
[gen] step 270/416  (K_refine=4)
[gen] step 280/416  (K_refine=4)
[gen] step 290/416  (K_refine=4)
[gen] step 300/416  (K_refine=4)
[gen] step 310/416  (K_refine=4)
[gen] step 320/416  (K_refine=4)
[gen] step 330/416  (K_refine=4)
[gen] step 340/416  (K_refine=4)
[gen] step 350/416  (K_refine=4)
[gen] step 360/416  (K_refine=4)
[gen] step 370/416  (K_refine=4)
[gen] step 380/416  (K_refine=4)
[gen] step 390/416  (K_refine=4)
[gen] step 400/416  (K_refine=4)
[gen] step 410/416  (K_refine=4)
    -> temp/E1_v5b/A3/316/co/sample_2_temp1.0.mid

[38/95] 336
  mode=co
[gen] A3_REFINE_STEPS=4 (env override)
[gen] A3_FINAL_TEMP=0.9 (env override)
[gen] A3_TOP_P=0.95 (nucleus sampling)
[gen] step 0/416  (K_refine=4)
[gen] step 10/416  (K_refine=4)
[gen] step 20/416  (K_refine=4)
[gen] step 30/416  (K_refine=4)
[gen] step 40/416  (K_refine=4)
[gen] step 50/416  (K_refine=4)
[gen] step 60/416  (K_refine=4)
[gen] step 70/416  (K_refine=4)
[gen] step 80/416  (K_refine=4)
[gen] step 90/416  (K_refine=4)
[gen] step 100/416  (K_refine=4)
[gen] step 110/416  (K_refine=4)
[gen] step 120/416  (K_refine=4)
[gen] step 130/416  (K_refine=4)
[gen] step 140/416  (K_refine=4)
[gen] step 150/416  (K_refine=4)
[gen] step 160/416  (K_refine=4)
[gen] step 170/416  (K_refine=4)
[gen] step 180/416  (K_refine=4)
[gen] step 190/416  (K_refine=4)
[gen] step 200/416  (K_refine=4)
[gen] step 210/416  (K_refine=4)
[gen] step 220/416  (K_refine=4)
[gen] step 230/416  (K_refine=4)
[gen] step 240/416  (K_refine=4)
[gen] step 250/416  (K_refine=4)
[gen] step 260/416  (K_refine=4)
[gen] step 270/416  (K_refine=4)
[gen] step 280/416  (K_refine=4)
[gen] step 290/416  (K_refine=4)
[gen] step 300/416  (K_refine=4)
[gen] step 310/416  (K_refine=4)
[gen] step 320/416  (K_refine=4)
[gen] step 330/416  (K_refine=4)
[gen] step 340/416  (K_refine=4)
[gen] step 350/416  (K_refine=4)
[gen] step 360/416  (K_refine=4)
[gen] step 370/416  (K_refine=4)
[gen] step 380/416  (K_refine=4)
[gen] step 390/416  (K_refine=4)
[gen] step 400/416  (K_refine=4)
[gen] step 410/416  (K_refine=4)
    -> temp/E1_v5b/A3/336/co/sample_0_temp1.0.mid
[gen] A3_REFINE_STEPS=4 (env override)
[gen] A3_FINAL_TEMP=0.9 (env override)
[gen] A3_TOP_P=0.95 (nucleus sampling)
[gen] step 0/416  (K_refine=4)
[gen] step 10/416  (K_refine=4)
[gen] step 20/416  (K_refine=4)
[gen] step 30/416  (K_refine=4)
[gen] step 40/416  (K_refine=4)
[gen] step 50/416  (K_refine=4)
[gen] step 60/416  (K_refine=4)
[gen] step 70/416  (K_refine=4)
[gen] step 80/416  (K_refine=4)
[gen] step 90/416  (K_refine=4)
[gen] step 100/416  (K_refine=4)
[gen] step 110/416  (K_refine=4)
[gen] step 120/416  (K_refine=4)
[gen] step 130/416  (K_refine=4)
[gen] step 140/416  (K_refine=4)
[gen] step 150/416  (K_refine=4)
[gen] step 160/416  (K_refine=4)
[gen] step 170/416  (K_refine=4)
[gen] step 180/416  (K_refine=4)
[gen] step 190/416  (K_refine=4)
[gen] step 200/416  (K_refine=4)
[gen] step 210/416  (K_refine=4)
[gen] step 220/416  (K_refine=4)
[gen] step 230/416  (K_refine=4)
[gen] step 240/416  (K_refine=4)
[gen] step 250/416  (K_refine=4)
[gen] step 260/416  (K_refine=4)
[gen] step 270/416  (K_refine=4)
[gen] step 280/416  (K_refine=4)
[gen] step 290/416  (K_refine=4)
[gen] step 300/416  (K_refine=4)
[gen] step 310/416  (K_refine=4)
[gen] step 320/416  (K_refine=4)
[gen] step 330/416  (K_refine=4)
[gen] step 340/416  (K_refine=4)
[gen] step 350/416  (K_refine=4)
[gen] step 360/416  (K_refine=4)
[gen] step 370/416  (K_refine=4)
[gen] step 380/416  (K_refine=4)
[gen] step 390/416  (K_refine=4)
[gen] step 400/416  (K_refine=4)
[gen] step 410/416  (K_refine=4)
    -> temp/E1_v5b/A3/336/co/sample_1_temp1.0.mid
[gen] A3_REFINE_STEPS=4 (env override)
[gen] A3_FINAL_TEMP=0.9 (env override)
[gen] A3_TOP_P=0.95 (nucleus sampling)
[gen] step 0/416  (K_refine=4)
[gen] step 10/416  (K_refine=4)
[gen] step 20/416  (K_refine=4)
[gen] step 30/416  (K_refine=4)
[gen] step 40/416  (K_refine=4)
[gen] step 50/416  (K_refine=4)
[gen] step 60/416  (K_refine=4)
[gen] step 70/416  (K_refine=4)
[gen] step 80/416  (K_refine=4)
[gen] step 90/416  (K_refine=4)
[gen] step 100/416  (K_refine=4)
[gen] step 110/416  (K_refine=4)
[gen] step 120/416  (K_refine=4)
[gen] step 130/416  (K_refine=4)
[gen] step 140/416  (K_refine=4)
[gen] step 150/416  (K_refine=4)
[gen] step 160/416  (K_refine=4)
[gen] step 170/416  (K_refine=4)
[gen] step 180/416  (K_refine=4)
[gen] step 190/416  (K_refine=4)
[gen] step 200/416  (K_refine=4)
[gen] step 210/416  (K_refine=4)
[gen] step 220/416  (K_refine=4)
[gen] step 230/416  (K_refine=4)
[gen] step 240/416  (K_refine=4)
[gen] step 250/416  (K_refine=4)
[gen] step 260/416  (K_refine=4)
[gen] step 270/416  (K_refine=4)
[gen] step 280/416  (K_refine=4)
[gen] step 290/416  (K_refine=4)
[gen] step 300/416  (K_refine=4)
[gen] step 310/416  (K_refine=4)
[gen] step 320/416  (K_refine=4)
[gen] step 330/416  (K_refine=4)
[gen] step 340/416  (K_refine=4)
[gen] step 350/416  (K_refine=4)
[gen] step 360/416  (K_refine=4)
[gen] step 370/416  (K_refine=4)
[gen] step 380/416  (K_refine=4)
[gen] step 390/416  (K_refine=4)
[gen] step 400/416  (K_refine=4)
[gen] step 410/416  (K_refine=4)
    -> temp/E1_v5b/A3/336/co/sample_2_temp1.0.mid

[39/95] 346
  mode=co
[gen] A3_REFINE_STEPS=4 (env override)
[gen] A3_FINAL_TEMP=0.9 (env override)
[gen] A3_TOP_P=0.95 (nucleus sampling)
[gen] step 0/416  (K_refine=4)
[gen] step 10/416  (K_refine=4)
[gen] step 20/416  (K_refine=4)
[gen] step 30/416  (K_refine=4)
[gen] step 40/416  (K_refine=4)
[gen] step 50/416  (K_refine=4)
[gen] step 60/416  (K_refine=4)
[gen] step 70/416  (K_refine=4)
[gen] step 80/416  (K_refine=4)
[gen] step 90/416  (K_refine=4)
[gen] step 100/416  (K_refine=4)
[gen] step 110/416  (K_refine=4)
[gen] step 120/416  (K_refine=4)
[gen] step 130/416  (K_refine=4)
[gen] step 140/416  (K_refine=4)
[gen] step 150/416  (K_refine=4)
[gen] step 160/416  (K_refine=4)
[gen] step 170/416  (K_refine=4)
[gen] step 180/416  (K_refine=4)
[gen] step 190/416  (K_refine=4)
[gen] step 200/416  (K_refine=4)
[gen] step 210/416  (K_refine=4)
[gen] step 220/416  (K_refine=4)
[gen] step 230/416  (K_refine=4)
[gen] step 240/416  (K_refine=4)
[gen] step 250/416  (K_refine=4)
[gen] step 260/416  (K_refine=4)
[gen] step 270/416  (K_refine=4)
[gen] step 280/416  (K_refine=4)
[gen] step 290/416  (K_refine=4)
[gen] step 300/416  (K_refine=4)
[gen] step 310/416  (K_refine=4)
[gen] step 320/416  (K_refine=4)
[gen] step 330/416  (K_refine=4)
[gen] step 340/416  (K_refine=4)
[gen] step 350/416  (K_refine=4)
[gen] step 360/416  (K_refine=4)
[gen] step 370/416  (K_refine=4)
[gen] step 380/416  (K_refine=4)
[gen] step 390/416  (K_refine=4)
[gen] step 400/416  (K_refine=4)
[gen] step 410/416  (K_refine=4)
    -> temp/E1_v5b/A3/346/co/sample_0_temp1.0.mid
[gen] A3_REFINE_STEPS=4 (env override)
[gen] A3_FINAL_TEMP=0.9 (env override)
[gen] A3_TOP_P=0.95 (nucleus sampling)
[gen] step 0/416  (K_refine=4)
[gen] step 10/416  (K_refine=4)
[gen] step 20/416  (K_refine=4)
[gen] step 30/416  (K_refine=4)
[gen] step 40/416  (K_refine=4)
[gen] step 50/416  (K_refine=4)
[gen] step 60/416  (K_refine=4)
[gen] step 70/416  (K_refine=4)
[gen] step 80/416  (K_refine=4)
[gen] step 90/416  (K_refine=4)
[gen] step 100/416  (K_refine=4)
[gen] step 110/416  (K_refine=4)
[gen] step 120/416  (K_refine=4)
[gen] step 130/416  (K_refine=4)
[gen] step 140/416  (K_refine=4)
[gen] step 150/416  (K_refine=4)
[gen] step 160/416  (K_refine=4)
[gen] step 170/416  (K_refine=4)
[gen] step 180/416  (K_refine=4)
[gen] step 190/416  (K_refine=4)
[gen] step 200/416  (K_refine=4)
[gen] step 210/416  (K_refine=4)
[gen] step 220/416  (K_refine=4)
[gen] step 230/416  (K_refine=4)
[gen] step 240/416  (K_refine=4)
[gen] step 250/416  (K_refine=4)
[gen] step 260/416  (K_refine=4)
[gen] step 270/416  (K_refine=4)
[gen] step 280/416  (K_refine=4)
[gen] step 290/416  (K_refine=4)
[gen] step 300/416  (K_refine=4)
[gen] step 310/416  (K_refine=4)
[gen] step 320/416  (K_refine=4)
[gen] step 330/416  (K_refine=4)
[gen] step 340/416  (K_refine=4)
[gen] step 350/416  (K_refine=4)
[gen] step 360/416  (K_refine=4)
[gen] step 370/416  (K_refine=4)
[gen] step 380/416  (K_refine=4)
[gen] step 390/416  (K_refine=4)
[gen] step 400/416  (K_refine=4)
[gen] step 410/416  (K_refine=4)
    -> temp/E1_v5b/A3/346/co/sample_1_temp1.0.mid
[gen] A3_REFINE_STEPS=4 (env override)
[gen] A3_FINAL_TEMP=0.9 (env override)
[gen] A3_TOP_P=0.95 (nucleus sampling)
[gen] step 0/416  (K_refine=4)
[gen] step 10/416  (K_refine=4)
[gen] step 20/416  (K_refine=4)
[gen] step 30/416  (K_refine=4)
[gen] step 40/416  (K_refine=4)
[gen] step 50/416  (K_refine=4)
[gen] step 60/416  (K_refine=4)
[gen] step 70/416  (K_refine=4)
[gen] step 80/416  (K_refine=4)
[gen] step 90/416  (K_refine=4)
[gen] step 100/416  (K_refine=4)
[gen] step 110/416  (K_refine=4)
[gen] step 120/416  (K_refine=4)
[gen] step 130/416  (K_refine=4)
[gen] step 140/416  (K_refine=4)
[gen] step 150/416  (K_refine=4)
[gen] step 160/416  (K_refine=4)
[gen] step 170/416  (K_refine=4)
[gen] step 180/416  (K_refine=4)
[gen] step 190/416  (K_refine=4)
[gen] step 200/416  (K_refine=4)
[gen] step 210/416  (K_refine=4)
[gen] step 220/416  (K_refine=4)
[gen] step 230/416  (K_refine=4)
[gen] step 240/416  (K_refine=4)
[gen] step 250/416  (K_refine=4)
[gen] step 260/416  (K_refine=4)
[gen] step 270/416  (K_refine=4)
[gen] step 280/416  (K_refine=4)
[gen] step 290/416  (K_refine=4)
[gen] step 300/416  (K_refine=4)
[gen] step 310/416  (K_refine=4)
[gen] step 320/416  (K_refine=4)
[gen] step 330/416  (K_refine=4)
[gen] step 340/416  (K_refine=4)
[gen] step 350/416  (K_refine=4)
[gen] step 360/416  (K_refine=4)
[gen] step 370/416  (K_refine=4)
[gen] step 380/416  (K_refine=4)
[gen] step 390/416  (K_refine=4)
[gen] step 400/416  (K_refine=4)
[gen] step 410/416  (K_refine=4)
    -> temp/E1_v5b/A3/346/co/sample_2_temp1.0.mid

[40/95] 356
  mode=co
[gen] A3_REFINE_STEPS=4 (env override)
[gen] A3_FINAL_TEMP=0.9 (env override)
[gen] A3_TOP_P=0.95 (nucleus sampling)
[gen] step 0/416  (K_refine=4)
[gen] step 10/416  (K_refine=4)
[gen] step 20/416  (K_refine=4)
[gen] step 30/416  (K_refine=4)
[gen] step 40/416  (K_refine=4)
[gen] step 50/416  (K_refine=4)
[gen] step 60/416  (K_refine=4)
[gen] step 70/416  (K_refine=4)
[gen] step 80/416  (K_refine=4)
[gen] step 90/416  (K_refine=4)
[gen] step 100/416  (K_refine=4)
[gen] step 110/416  (K_refine=4)
[gen] step 120/416  (K_refine=4)
[gen] step 130/416  (K_refine=4)
[gen] step 140/416  (K_refine=4)
[gen] step 150/416  (K_refine=4)
[gen] step 160/416  (K_refine=4)
[gen] step 170/416  (K_refine=4)
[gen] step 180/416  (K_refine=4)
[gen] step 190/416  (K_refine=4)
[gen] step 200/416  (K_refine=4)
[gen] step 210/416  (K_refine=4)
[gen] step 220/416  (K_refine=4)
[gen] step 230/416  (K_refine=4)
[gen] step 240/416  (K_refine=4)
[gen] step 250/416  (K_refine=4)
[gen] step 260/416  (K_refine=4)
[gen] step 270/416  (K_refine=4)
[gen] step 280/416  (K_refine=4)
[gen] step 290/416  (K_refine=4)
[gen] step 300/416  (K_refine=4)
[gen] step 310/416  (K_refine=4)
[gen] step 320/416  (K_refine=4)
[gen] step 330/416  (K_refine=4)
[gen] step 340/416  (K_refine=4)
[gen] step 350/416  (K_refine=4)
[gen] step 360/416  (K_refine=4)
[gen] step 370/416  (K_refine=4)
[gen] step 380/416  (K_refine=4)
[gen] step 390/416  (K_refine=4)
[gen] step 400/416  (K_refine=4)
[gen] step 410/416  (K_refine=4)
    -> temp/E1_v5b/A3/356/co/sample_0_temp1.0.mid
[gen] A3_REFINE_STEPS=4 (env override)
[gen] A3_FINAL_TEMP=0.9 (env override)
[gen] A3_TOP_P=0.95 (nucleus sampling)
[gen] step 0/416  (K_refine=4)
[gen] step 10/416  (K_refine=4)
[gen] step 20/416  (K_refine=4)
[gen] step 30/416  (K_refine=4)
[gen] step 40/416  (K_refine=4)
[gen] step 50/416  (K_refine=4)
[gen] step 60/416  (K_refine=4)
[gen] step 70/416  (K_refine=4)
[gen] step 80/416  (K_refine=4)
[gen] step 90/416  (K_refine=4)
[gen] step 100/416  (K_refine=4)
[gen] step 110/416  (K_refine=4)
[gen] step 120/416  (K_refine=4)
[gen] step 130/416  (K_refine=4)
[gen] step 140/416  (K_refine=4)
[gen] step 150/416  (K_refine=4)
[gen] step 160/416  (K_refine=4)
[gen] step 170/416  (K_refine=4)
[gen] step 180/416  (K_refine=4)
[gen] step 190/416  (K_refine=4)
[gen] step 200/416  (K_refine=4)
[gen] step 210/416  (K_refine=4)
[gen] step 220/416  (K_refine=4)
[gen] step 230/416  (K_refine=4)
[gen] step 240/416  (K_refine=4)
[gen] step 250/416  (K_refine=4)
[gen] step 260/416  (K_refine=4)
[gen] step 270/416  (K_refine=4)
[gen] step 280/416  (K_refine=4)
[gen] step 290/416  (K_refine=4)
[gen] step 300/416  (K_refine=4)
[gen] step 310/416  (K_refine=4)
[gen] step 320/416  (K_refine=4)
[gen] step 330/416  (K_refine=4)
[gen] step 340/416  (K_refine=4)
[gen] step 350/416  (K_refine=4)
[gen] step 360/416  (K_refine=4)
[gen] step 370/416  (K_refine=4)
[gen] step 380/416  (K_refine=4)
[gen] step 390/416  (K_refine=4)
[gen] step 400/416  (K_refine=4)
[gen] step 410/416  (K_refine=4)
    -> temp/E1_v5b/A3/356/co/sample_1_temp1.0.mid
[gen] A3_REFINE_STEPS=4 (env override)
[gen] A3_FINAL_TEMP=0.9 (env override)
[gen] A3_TOP_P=0.95 (nucleus sampling)
[gen] step 0/416  (K_refine=4)
[gen] step 10/416  (K_refine=4)
[gen] step 20/416  (K_refine=4)
[gen] step 30/416  (K_refine=4)
[gen] step 40/416  (K_refine=4)
[gen] step 50/416  (K_refine=4)
[gen] step 60/416  (K_refine=4)
[gen] step 70/416  (K_refine=4)
[gen] step 80/416  (K_refine=4)
[gen] step 90/416  (K_refine=4)
[gen] step 100/416  (K_refine=4)
[gen] step 110/416  (K_refine=4)
[gen] step 120/416  (K_refine=4)
[gen] step 130/416  (K_refine=4)
[gen] step 140/416  (K_refine=4)
[gen] step 150/416  (K_refine=4)
[gen] step 160/416  (K_refine=4)
[gen] step 170/416  (K_refine=4)
[gen] step 180/416  (K_refine=4)
[gen] step 190/416  (K_refine=4)
[gen] step 200/416  (K_refine=4)
[gen] step 210/416  (K_refine=4)
[gen] step 220/416  (K_refine=4)
[gen] step 230/416  (K_refine=4)
[gen] step 240/416  (K_refine=4)
[gen] step 250/416  (K_refine=4)
[gen] step 260/416  (K_refine=4)
[gen] step 270/416  (K_refine=4)
[gen] step 280/416  (K_refine=4)
[gen] step 290/416  (K_refine=4)
[gen] step 300/416  (K_refine=4)
[gen] step 310/416  (K_refine=4)
[gen] step 320/416  (K_refine=4)
[gen] step 330/416  (K_refine=4)
[gen] step 340/416  (K_refine=4)
[gen] step 350/416  (K_refine=4)
[gen] step 360/416  (K_refine=4)
[gen] step 370/416  (K_refine=4)
[gen] step 380/416  (K_refine=4)
[gen] step 390/416  (K_refine=4)
[gen] step 400/416  (K_refine=4)
[gen] step 410/416  (K_refine=4)
    -> temp/E1_v5b/A3/356/co/sample_2_temp1.0.mid

[41/95] 366
  mode=co
[gen] A3_REFINE_STEPS=4 (env override)
[gen] A3_FINAL_TEMP=0.9 (env override)
[gen] A3_TOP_P=0.95 (nucleus sampling)
[gen] step 0/416  (K_refine=4)
[gen] step 10/416  (K_refine=4)
[gen] step 20/416  (K_refine=4)
[gen] step 30/416  (K_refine=4)
[gen] step 40/416  (K_refine=4)
[gen] step 50/416  (K_refine=4)
[gen] step 60/416  (K_refine=4)
[gen] step 70/416  (K_refine=4)
[gen] step 80/416  (K_refine=4)
[gen] step 90/416  (K_refine=4)
[gen] step 100/416  (K_refine=4)
[gen] step 110/416  (K_refine=4)
[gen] step 120/416  (K_refine=4)
[gen] step 130/416  (K_refine=4)
[gen] step 140/416  (K_refine=4)
[gen] step 150/416  (K_refine=4)
[gen] step 160/416  (K_refine=4)
[gen] step 170/416  (K_refine=4)
[gen] step 180/416  (K_refine=4)
[gen] step 190/416  (K_refine=4)
[gen] step 200/416  (K_refine=4)
[gen] step 210/416  (K_refine=4)
[gen] step 220/416  (K_refine=4)
[gen] step 230/416  (K_refine=4)
[gen] step 240/416  (K_refine=4)
[gen] step 250/416  (K_refine=4)
[gen] step 260/416  (K_refine=4)
[gen] step 270/416  (K_refine=4)
[gen] step 280/416  (K_refine=4)
[gen] step 290/416  (K_refine=4)
[gen] step 300/416  (K_refine=4)
[gen] step 310/416  (K_refine=4)
[gen] step 320/416  (K_refine=4)
[gen] step 330/416  (K_refine=4)
[gen] step 340/416  (K_refine=4)
[gen] step 350/416  (K_refine=4)
[gen] step 360/416  (K_refine=4)
[gen] step 370/416  (K_refine=4)
[gen] step 380/416  (K_refine=4)
[gen] step 390/416  (K_refine=4)
[gen] step 400/416  (K_refine=4)
[gen] step 410/416  (K_refine=4)
    -> temp/E1_v5b/A3/366/co/sample_0_temp1.0.mid
[gen] A3_REFINE_STEPS=4 (env override)
[gen] A3_FINAL_TEMP=0.9 (env override)
[gen] A3_TOP_P=0.95 (nucleus sampling)
[gen] step 0/416  (K_refine=4)
[gen] step 10/416  (K_refine=4)
[gen] step 20/416  (K_refine=4)
[gen] step 30/416  (K_refine=4)
[gen] step 40/416  (K_refine=4)
[gen] step 50/416  (K_refine=4)
[gen] step 60/416  (K_refine=4)
[gen] step 70/416  (K_refine=4)
[gen] step 80/416  (K_refine=4)
[gen] step 90/416  (K_refine=4)
[gen] step 100/416  (K_refine=4)
[gen] step 110/416  (K_refine=4)
[gen] step 120/416  (K_refine=4)
[gen] step 130/416  (K_refine=4)
[gen] step 140/416  (K_refine=4)
[gen] step 150/416  (K_refine=4)
[gen] step 160/416  (K_refine=4)
[gen] step 170/416  (K_refine=4)
[gen] step 180/416  (K_refine=4)
[gen] step 190/416  (K_refine=4)
[gen] step 200/416  (K_refine=4)
[gen] step 210/416  (K_refine=4)
[gen] step 220/416  (K_refine=4)
[gen] step 230/416  (K_refine=4)
[gen] step 240/416  (K_refine=4)
[gen] step 250/416  (K_refine=4)
[gen] step 260/416  (K_refine=4)
[gen] step 270/416  (K_refine=4)
[gen] step 280/416  (K_refine=4)
[gen] step 290/416  (K_refine=4)
[gen] step 300/416  (K_refine=4)
[gen] step 310/416  (K_refine=4)
[gen] step 320/416  (K_refine=4)
[gen] step 330/416  (K_refine=4)
[gen] step 340/416  (K_refine=4)
[gen] step 350/416  (K_refine=4)
[gen] step 360/416  (K_refine=4)
[gen] step 370/416  (K_refine=4)
[gen] step 380/416  (K_refine=4)
[gen] step 390/416  (K_refine=4)
[gen] step 400/416  (K_refine=4)
[gen] step 410/416  (K_refine=4)
    -> temp/E1_v5b/A3/366/co/sample_1_temp1.0.mid
[gen] A3_REFINE_STEPS=4 (env override)
[gen] A3_FINAL_TEMP=0.9 (env override)
[gen] A3_TOP_P=0.95 (nucleus sampling)
[gen] step 0/416  (K_refine=4)
[gen] step 10/416  (K_refine=4)
[gen] step 20/416  (K_refine=4)
[gen] step 30/416  (K_refine=4)
[gen] step 40/416  (K_refine=4)
[gen] step 50/416  (K_refine=4)
[gen] step 60/416  (K_refine=4)
[gen] step 70/416  (K_refine=4)
[gen] step 80/416  (K_refine=4)
[gen] step 90/416  (K_refine=4)
[gen] step 100/416  (K_refine=4)
[gen] step 110/416  (K_refine=4)
[gen] step 120/416  (K_refine=4)
[gen] step 130/416  (K_refine=4)
[gen] step 140/416  (K_refine=4)
[gen] step 150/416  (K_refine=4)
[gen] step 160/416  (K_refine=4)
[gen] step 170/416  (K_refine=4)
[gen] step 180/416  (K_refine=4)
[gen] step 190/416  (K_refine=4)
[gen] step 200/416  (K_refine=4)
[gen] step 210/416  (K_refine=4)
[gen] step 220/416  (K_refine=4)
[gen] step 230/416  (K_refine=4)
[gen] step 240/416  (K_refine=4)
[gen] step 250/416  (K_refine=4)
[gen] step 260/416  (K_refine=4)
[gen] step 270/416  (K_refine=4)
[gen] step 280/416  (K_refine=4)
[gen] step 290/416  (K_refine=4)
[gen] step 300/416  (K_refine=4)
[gen] step 310/416  (K_refine=4)
[gen] step 320/416  (K_refine=4)
[gen] step 330/416  (K_refine=4)
[gen] step 340/416  (K_refine=4)
[gen] step 350/416  (K_refine=4)
[gen] step 360/416  (K_refine=4)
[gen] step 370/416  (K_refine=4)
[gen] step 380/416  (K_refine=4)
[gen] step 390/416  (K_refine=4)
[gen] step 400/416  (K_refine=4)
[gen] step 410/416  (K_refine=4)
    -> temp/E1_v5b/A3/366/co/sample_2_temp1.0.mid

[42/95] 376
  mode=co
[gen] A3_REFINE_STEPS=4 (env override)
[gen] A3_FINAL_TEMP=0.9 (env override)
[gen] A3_TOP_P=0.95 (nucleus sampling)
[gen] step 0/416  (K_refine=4)
[gen] step 10/416  (K_refine=4)
[gen] step 20/416  (K_refine=4)
[gen] step 30/416  (K_refine=4)
[gen] step 40/416  (K_refine=4)
[gen] step 50/416  (K_refine=4)
[gen] step 60/416  (K_refine=4)
[gen] step 70/416  (K_refine=4)
[gen] step 80/416  (K_refine=4)
[gen] step 90/416  (K_refine=4)
[gen] step 100/416  (K_refine=4)
[gen] step 110/416  (K_refine=4)
[gen] step 120/416  (K_refine=4)
[gen] step 130/416  (K_refine=4)
[gen] step 140/416  (K_refine=4)
[gen] step 150/416  (K_refine=4)
[gen] step 160/416  (K_refine=4)
[gen] step 170/416  (K_refine=4)
[gen] step 180/416  (K_refine=4)
[gen] step 190/416  (K_refine=4)
[gen] step 200/416  (K_refine=4)
[gen] step 210/416  (K_refine=4)
[gen] step 220/416  (K_refine=4)
[gen] step 230/416  (K_refine=4)
[gen] step 240/416  (K_refine=4)
[gen] step 250/416  (K_refine=4)
[gen] step 260/416  (K_refine=4)
[gen] step 270/416  (K_refine=4)
[gen] step 280/416  (K_refine=4)
[gen] step 290/416  (K_refine=4)
[gen] step 300/416  (K_refine=4)
[gen] step 310/416  (K_refine=4)
[gen] step 320/416  (K_refine=4)
[gen] step 330/416  (K_refine=4)
[gen] step 340/416  (K_refine=4)
[gen] step 350/416  (K_refine=4)
[gen] step 360/416  (K_refine=4)
[gen] step 370/416  (K_refine=4)
[gen] step 380/416  (K_refine=4)
[gen] step 390/416  (K_refine=4)
[gen] step 400/416  (K_refine=4)
[gen] step 410/416  (K_refine=4)
    -> temp/E1_v5b/A3/376/co/sample_0_temp1.0.mid
[gen] A3_REFINE_STEPS=4 (env override)
[gen] A3_FINAL_TEMP=0.9 (env override)
[gen] A3_TOP_P=0.95 (nucleus sampling)
[gen] step 0/416  (K_refine=4)
[gen] step 10/416  (K_refine=4)
[gen] step 20/416  (K_refine=4)
[gen] step 30/416  (K_refine=4)
[gen] step 40/416  (K_refine=4)
[gen] step 50/416  (K_refine=4)
[gen] step 60/416  (K_refine=4)
[gen] step 70/416  (K_refine=4)
[gen] step 80/416  (K_refine=4)
[gen] step 90/416  (K_refine=4)
[gen] step 100/416  (K_refine=4)
[gen] step 110/416  (K_refine=4)
[gen] step 120/416  (K_refine=4)
[gen] step 130/416  (K_refine=4)
[gen] step 140/416  (K_refine=4)
[gen] step 150/416  (K_refine=4)
[gen] step 160/416  (K_refine=4)
[gen] step 170/416  (K_refine=4)
[gen] step 180/416  (K_refine=4)
[gen] step 190/416  (K_refine=4)
[gen] step 200/416  (K_refine=4)
[gen] step 210/416  (K_refine=4)
[gen] step 220/416  (K_refine=4)
[gen] step 230/416  (K_refine=4)
[gen] step 240/416  (K_refine=4)
[gen] step 250/416  (K_refine=4)
[gen] step 260/416  (K_refine=4)
[gen] step 270/416  (K_refine=4)
[gen] step 280/416  (K_refine=4)
[gen] step 290/416  (K_refine=4)
[gen] step 300/416  (K_refine=4)
[gen] step 310/416  (K_refine=4)
[gen] step 320/416  (K_refine=4)
[gen] step 330/416  (K_refine=4)
[gen] step 340/416  (K_refine=4)
[gen] step 350/416  (K_refine=4)
[gen] step 360/416  (K_refine=4)
[gen] step 370/416  (K_refine=4)
[gen] step 380/416  (K_refine=4)
[gen] step 390/416  (K_refine=4)
[gen] step 400/416  (K_refine=4)
[gen] step 410/416  (K_refine=4)
    -> temp/E1_v5b/A3/376/co/sample_1_temp1.0.mid
[gen] A3_REFINE_STEPS=4 (env override)
[gen] A3_FINAL_TEMP=0.9 (env override)
[gen] A3_TOP_P=0.95 (nucleus sampling)
[gen] step 0/416  (K_refine=4)
[gen] step 10/416  (K_refine=4)
[gen] step 20/416  (K_refine=4)
[gen] step 30/416  (K_refine=4)
[gen] step 40/416  (K_refine=4)
[gen] step 50/416  (K_refine=4)
[gen] step 60/416  (K_refine=4)
[gen] step 70/416  (K_refine=4)
[gen] step 80/416  (K_refine=4)
[gen] step 90/416  (K_refine=4)
[gen] step 100/416  (K_refine=4)
[gen] step 110/416  (K_refine=4)
[gen] step 120/416  (K_refine=4)
[gen] step 130/416  (K_refine=4)
[gen] step 140/416  (K_refine=4)
[gen] step 150/416  (K_refine=4)
[gen] step 160/416  (K_refine=4)
[gen] step 170/416  (K_refine=4)
[gen] step 180/416  (K_refine=4)
[gen] step 190/416  (K_refine=4)
[gen] step 200/416  (K_refine=4)
[gen] step 210/416  (K_refine=4)
[gen] step 220/416  (K_refine=4)
[gen] step 230/416  (K_refine=4)
[gen] step 240/416  (K_refine=4)
[gen] step 250/416  (K_refine=4)
[gen] step 260/416  (K_refine=4)
[gen] step 270/416  (K_refine=4)
[gen] step 280/416  (K_refine=4)
[gen] step 290/416  (K_refine=4)
[gen] step 300/416  (K_refine=4)
[gen] step 310/416  (K_refine=4)
[gen] step 320/416  (K_refine=4)
[gen] step 330/416  (K_refine=4)
[gen] step 340/416  (K_refine=4)
[gen] step 350/416  (K_refine=4)
[gen] step 360/416  (K_refine=4)
[gen] step 370/416  (K_refine=4)
[gen] step 380/416  (K_refine=4)
[gen] step 390/416  (K_refine=4)
[gen] step 400/416  (K_refine=4)
[gen] step 410/416  (K_refine=4)
    -> temp/E1_v5b/A3/376/co/sample_2_temp1.0.mid

[43/95] 386
  mode=co
[gen] A3_REFINE_STEPS=4 (env override)
[gen] A3_FINAL_TEMP=0.9 (env override)
[gen] A3_TOP_P=0.95 (nucleus sampling)
[gen] step 0/416  (K_refine=4)
[gen] step 10/416  (K_refine=4)
[gen] step 20/416  (K_refine=4)
[gen] step 30/416  (K_refine=4)
[gen] step 40/416  (K_refine=4)
[gen] step 50/416  (K_refine=4)
[gen] step 60/416  (K_refine=4)
[gen] step 70/416  (K_refine=4)
[gen] step 80/416  (K_refine=4)
[gen] step 90/416  (K_refine=4)
[gen] step 100/416  (K_refine=4)
[gen] step 110/416  (K_refine=4)
[gen] step 120/416  (K_refine=4)
[gen] step 130/416  (K_refine=4)
[gen] step 140/416  (K_refine=4)
[gen] step 150/416  (K_refine=4)
[gen] step 160/416  (K_refine=4)
[gen] step 170/416  (K_refine=4)
[gen] step 180/416  (K_refine=4)
[gen] step 190/416  (K_refine=4)
[gen] step 200/416  (K_refine=4)
[gen] step 210/416  (K_refine=4)
[gen] step 220/416  (K_refine=4)
[gen] step 230/416  (K_refine=4)
[gen] step 240/416  (K_refine=4)
[gen] step 250/416  (K_refine=4)
[gen] step 260/416  (K_refine=4)
[gen] step 270/416  (K_refine=4)
[gen] step 280/416  (K_refine=4)
[gen] step 290/416  (K_refine=4)
[gen] step 300/416  (K_refine=4)
[gen] step 310/416  (K_refine=4)
[gen] step 320/416  (K_refine=4)
[gen] step 330/416  (K_refine=4)
[gen] step 340/416  (K_refine=4)
[gen] step 350/416  (K_refine=4)
[gen] step 360/416  (K_refine=4)
[gen] step 370/416  (K_refine=4)
[gen] step 380/416  (K_refine=4)
[gen] step 390/416  (K_refine=4)
[gen] step 400/416  (K_refine=4)
[gen] step 410/416  (K_refine=4)
    -> temp/E1_v5b/A3/386/co/sample_0_temp1.0.mid
[gen] A3_REFINE_STEPS=4 (env override)
[gen] A3_FINAL_TEMP=0.9 (env override)
[gen] A3_TOP_P=0.95 (nucleus sampling)
[gen] step 0/416  (K_refine=4)
[gen] step 10/416  (K_refine=4)
[gen] step 20/416  (K_refine=4)
[gen] step 30/416  (K_refine=4)
[gen] step 40/416  (K_refine=4)
[gen] step 50/416  (K_refine=4)
[gen] step 60/416  (K_refine=4)
[gen] step 70/416  (K_refine=4)
[gen] step 80/416  (K_refine=4)
[gen] step 90/416  (K_refine=4)
[gen] step 100/416  (K_refine=4)
[gen] step 110/416  (K_refine=4)
[gen] step 120/416  (K_refine=4)
[gen] step 130/416  (K_refine=4)
[gen] step 140/416  (K_refine=4)
[gen] step 150/416  (K_refine=4)
[gen] step 160/416  (K_refine=4)
[gen] step 170/416  (K_refine=4)
[gen] step 180/416  (K_refine=4)
[gen] step 190/416  (K_refine=4)
[gen] step 200/416  (K_refine=4)
[gen] step 210/416  (K_refine=4)
[gen] step 220/416  (K_refine=4)
[gen] step 230/416  (K_refine=4)
[gen] step 240/416  (K_refine=4)
[gen] step 250/416  (K_refine=4)
[gen] step 260/416  (K_refine=4)
[gen] step 270/416  (K_refine=4)
[gen] step 280/416  (K_refine=4)
[gen] step 290/416  (K_refine=4)
[gen] step 300/416  (K_refine=4)
[gen] step 310/416  (K_refine=4)
[gen] step 320/416  (K_refine=4)
[gen] step 330/416  (K_refine=4)
[gen] step 340/416  (K_refine=4)
[gen] step 350/416  (K_refine=4)
[gen] step 360/416  (K_refine=4)
[gen] step 370/416  (K_refine=4)
[gen] step 380/416  (K_refine=4)
[gen] step 390/416  (K_refine=4)
[gen] step 400/416  (K_refine=4)
[gen] step 410/416  (K_refine=4)
    -> temp/E1_v5b/A3/386/co/sample_1_temp1.0.mid
[gen] A3_REFINE_STEPS=4 (env override)
[gen] A3_FINAL_TEMP=0.9 (env override)
[gen] A3_TOP_P=0.95 (nucleus sampling)
[gen] step 0/416  (K_refine=4)
[gen] step 10/416  (K_refine=4)
[gen] step 20/416  (K_refine=4)
[gen] step 30/416  (K_refine=4)
[gen] step 40/416  (K_refine=4)
[gen] step 50/416  (K_refine=4)
[gen] step 60/416  (K_refine=4)
[gen] step 70/416  (K_refine=4)
[gen] step 80/416  (K_refine=4)
[gen] step 90/416  (K_refine=4)
[gen] step 100/416  (K_refine=4)
[gen] step 110/416  (K_refine=4)
[gen] step 120/416  (K_refine=4)
[gen] step 130/416  (K_refine=4)
[gen] step 140/416  (K_refine=4)
[gen] step 150/416  (K_refine=4)
[gen] step 160/416  (K_refine=4)
[gen] step 170/416  (K_refine=4)
[gen] step 180/416  (K_refine=4)
[gen] step 190/416  (K_refine=4)
[gen] step 200/416  (K_refine=4)
[gen] step 210/416  (K_refine=4)
[gen] step 220/416  (K_refine=4)
[gen] step 230/416  (K_refine=4)
[gen] step 240/416  (K_refine=4)
[gen] step 250/416  (K_refine=4)
[gen] step 260/416  (K_refine=4)
[gen] step 270/416  (K_refine=4)
[gen] step 280/416  (K_refine=4)
[gen] step 290/416  (K_refine=4)
[gen] step 300/416  (K_refine=4)
[gen] step 310/416  (K_refine=4)
[gen] step 320/416  (K_refine=4)
[gen] step 330/416  (K_refine=4)
[gen] step 340/416  (K_refine=4)
[gen] step 350/416  (K_refine=4)
[gen] step 360/416  (K_refine=4)
[gen] step 370/416  (K_refine=4)
[gen] step 380/416  (K_refine=4)
[gen] step 390/416  (K_refine=4)
[gen] step 400/416  (K_refine=4)
[gen] step 410/416  (K_refine=4)
    -> temp/E1_v5b/A3/386/co/sample_2_temp1.0.mid

[44/95] 396
  mode=co
[gen] A3_REFINE_STEPS=4 (env override)
[gen] A3_FINAL_TEMP=0.9 (env override)
[gen] A3_TOP_P=0.95 (nucleus sampling)
[gen] step 0/416  (K_refine=4)
[gen] step 10/416  (K_refine=4)
[gen] step 20/416  (K_refine=4)
[gen] step 30/416  (K_refine=4)
[gen] step 40/416  (K_refine=4)
[gen] step 50/416  (K_refine=4)
[gen] step 60/416  (K_refine=4)
[gen] step 70/416  (K_refine=4)
[gen] step 80/416  (K_refine=4)
[gen] step 90/416  (K_refine=4)
[gen] step 100/416  (K_refine=4)
[gen] step 110/416  (K_refine=4)
[gen] step 120/416  (K_refine=4)
[gen] step 130/416  (K_refine=4)
[gen] step 140/416  (K_refine=4)
[gen] step 150/416  (K_refine=4)
[gen] step 160/416  (K_refine=4)
[gen] step 170/416  (K_refine=4)
[gen] step 180/416  (K_refine=4)
[gen] step 190/416  (K_refine=4)
[gen] step 200/416  (K_refine=4)
[gen] step 210/416  (K_refine=4)
[gen] step 220/416  (K_refine=4)
[gen] step 230/416  (K_refine=4)
[gen] step 240/416  (K_refine=4)
[gen] step 250/416  (K_refine=4)
[gen] step 260/416  (K_refine=4)
[gen] step 270/416  (K_refine=4)
[gen] step 280/416  (K_refine=4)
[gen] step 290/416  (K_refine=4)
[gen] step 300/416  (K_refine=4)
[gen] step 310/416  (K_refine=4)
[gen] step 320/416  (K_refine=4)
[gen] step 330/416  (K_refine=4)
[gen] step 340/416  (K_refine=4)
[gen] step 350/416  (K_refine=4)
[gen] step 360/416  (K_refine=4)
[gen] step 370/416  (K_refine=4)
[gen] step 380/416  (K_refine=4)
[gen] step 390/416  (K_refine=4)
[gen] step 400/416  (K_refine=4)
[gen] step 410/416  (K_refine=4)
    -> temp/E1_v5b/A3/396/co/sample_0_temp1.0.mid
[gen] A3_REFINE_STEPS=4 (env override)
[gen] A3_FINAL_TEMP=0.9 (env override)
[gen] A3_TOP_P=0.95 (nucleus sampling)
[gen] step 0/416  (K_refine=4)
[gen] step 10/416  (K_refine=4)
[gen] step 20/416  (K_refine=4)
[gen] step 30/416  (K_refine=4)
[gen] step 40/416  (K_refine=4)
[gen] step 50/416  (K_refine=4)
[gen] step 60/416  (K_refine=4)
[gen] step 70/416  (K_refine=4)
[gen] step 80/416  (K_refine=4)
[gen] step 90/416  (K_refine=4)
[gen] step 100/416  (K_refine=4)
[gen] step 110/416  (K_refine=4)
[gen] step 120/416  (K_refine=4)
[gen] step 130/416  (K_refine=4)
[gen] step 140/416  (K_refine=4)
[gen] step 150/416  (K_refine=4)
[gen] step 160/416  (K_refine=4)
[gen] step 170/416  (K_refine=4)
[gen] step 180/416  (K_refine=4)
[gen] step 190/416  (K_refine=4)
[gen] step 200/416  (K_refine=4)
[gen] step 210/416  (K_refine=4)
[gen] step 220/416  (K_refine=4)
[gen] step 230/416  (K_refine=4)
[gen] step 240/416  (K_refine=4)
[gen] step 250/416  (K_refine=4)
[gen] step 260/416  (K_refine=4)
[gen] step 270/416  (K_refine=4)
[gen] step 280/416  (K_refine=4)
[gen] step 290/416  (K_refine=4)
[gen] step 300/416  (K_refine=4)
[gen] step 310/416  (K_refine=4)
[gen] step 320/416  (K_refine=4)
[gen] step 330/416  (K_refine=4)
[gen] step 340/416  (K_refine=4)
[gen] step 350/416  (K_refine=4)
[gen] step 360/416  (K_refine=4)
[gen] step 370/416  (K_refine=4)
[gen] step 380/416  (K_refine=4)
[gen] step 390/416  (K_refine=4)
[gen] step 400/416  (K_refine=4)
[gen] step 410/416  (K_refine=4)
    -> temp/E1_v5b/A3/396/co/sample_1_temp1.0.mid
[gen] A3_REFINE_STEPS=4 (env override)
[gen] A3_FINAL_TEMP=0.9 (env override)
[gen] A3_TOP_P=0.95 (nucleus sampling)
[gen] step 0/416  (K_refine=4)
[gen] step 10/416  (K_refine=4)
[gen] step 20/416  (K_refine=4)
[gen] step 30/416  (K_refine=4)
[gen] step 40/416  (K_refine=4)
[gen] step 50/416  (K_refine=4)
[gen] step 60/416  (K_refine=4)
[gen] step 70/416  (K_refine=4)
[gen] step 80/416  (K_refine=4)
[gen] step 90/416  (K_refine=4)
[gen] step 100/416  (K_refine=4)
[gen] step 110/416  (K_refine=4)
[gen] step 120/416  (K_refine=4)
[gen] step 130/416  (K_refine=4)
[gen] step 140/416  (K_refine=4)
[gen] step 150/416  (K_refine=4)
[gen] step 160/416  (K_refine=4)
[gen] step 170/416  (K_refine=4)
[gen] step 180/416  (K_refine=4)
[gen] step 190/416  (K_refine=4)
[gen] step 200/416  (K_refine=4)
[gen] step 210/416  (K_refine=4)
[gen] step 220/416  (K_refine=4)
[gen] step 230/416  (K_refine=4)
[gen] step 240/416  (K_refine=4)
[gen] step 250/416  (K_refine=4)
[gen] step 260/416  (K_refine=4)
[gen] step 270/416  (K_refine=4)
[gen] step 280/416  (K_refine=4)
[gen] step 290/416  (K_refine=4)
[gen] step 300/416  (K_refine=4)
[gen] step 310/416  (K_refine=4)
[gen] step 320/416  (K_refine=4)
[gen] step 330/416  (K_refine=4)
[gen] step 340/416  (K_refine=4)
[gen] step 350/416  (K_refine=4)
[gen] step 360/416  (K_refine=4)
[gen] step 370/416  (K_refine=4)
[gen] step 380/416  (K_refine=4)
[gen] step 390/416  (K_refine=4)
[gen] step 400/416  (K_refine=4)
[gen] step 410/416  (K_refine=4)
    -> temp/E1_v5b/A3/396/co/sample_2_temp1.0.mid

[45/95] 406
  mode=co
[gen] A3_REFINE_STEPS=4 (env override)
[gen] A3_FINAL_TEMP=0.9 (env override)
[gen] A3_TOP_P=0.95 (nucleus sampling)
[gen] step 0/416  (K_refine=4)
[gen] step 10/416  (K_refine=4)
[gen] step 20/416  (K_refine=4)
[gen] step 30/416  (K_refine=4)
[gen] step 40/416  (K_refine=4)
[gen] step 50/416  (K_refine=4)
[gen] step 60/416  (K_refine=4)
[gen] step 70/416  (K_refine=4)
[gen] step 80/416  (K_refine=4)
[gen] step 90/416  (K_refine=4)
[gen] step 100/416  (K_refine=4)
[gen] step 110/416  (K_refine=4)
[gen] step 120/416  (K_refine=4)
[gen] step 130/416  (K_refine=4)
[gen] step 140/416  (K_refine=4)
[gen] step 150/416  (K_refine=4)
[gen] step 160/416  (K_refine=4)
[gen] step 170/416  (K_refine=4)
[gen] step 180/416  (K_refine=4)
[gen] step 190/416  (K_refine=4)
[gen] step 200/416  (K_refine=4)
[gen] step 210/416  (K_refine=4)
[gen] step 220/416  (K_refine=4)
[gen] step 230/416  (K_refine=4)
[gen] step 240/416  (K_refine=4)
[gen] step 250/416  (K_refine=4)
[gen] step 260/416  (K_refine=4)
[gen] step 270/416  (K_refine=4)
[gen] step 280/416  (K_refine=4)
[gen] step 290/416  (K_refine=4)
[gen] step 300/416  (K_refine=4)
[gen] step 310/416  (K_refine=4)
[gen] step 320/416  (K_refine=4)
[gen] step 330/416  (K_refine=4)
[gen] step 340/416  (K_refine=4)
[gen] step 350/416  (K_refine=4)
[gen] step 360/416  (K_refine=4)
[gen] step 370/416  (K_refine=4)
[gen] step 380/416  (K_refine=4)
[gen] step 390/416  (K_refine=4)
[gen] step 400/416  (K_refine=4)
[gen] step 410/416  (K_refine=4)
    -> temp/E1_v5b/A3/406/co/sample_0_temp1.0.mid
[gen] A3_REFINE_STEPS=4 (env override)
[gen] A3_FINAL_TEMP=0.9 (env override)
[gen] A3_TOP_P=0.95 (nucleus sampling)
[gen] step 0/416  (K_refine=4)
[gen] step 10/416  (K_refine=4)
[gen] step 20/416  (K_refine=4)
[gen] step 30/416  (K_refine=4)
[gen] step 40/416  (K_refine=4)
[gen] step 50/416  (K_refine=4)
[gen] step 60/416  (K_refine=4)
[gen] step 70/416  (K_refine=4)
[gen] step 80/416  (K_refine=4)
[gen] step 90/416  (K_refine=4)
[gen] step 100/416  (K_refine=4)
[gen] step 110/416  (K_refine=4)
[gen] step 120/416  (K_refine=4)
[gen] step 130/416  (K_refine=4)
[gen] step 140/416  (K_refine=4)
[gen] step 150/416  (K_refine=4)
[gen] step 160/416  (K_refine=4)
[gen] step 170/416  (K_refine=4)
[gen] step 180/416  (K_refine=4)
[gen] step 190/416  (K_refine=4)
[gen] step 200/416  (K_refine=4)
[gen] step 210/416  (K_refine=4)
[gen] step 220/416  (K_refine=4)
[gen] step 230/416  (K_refine=4)
[gen] step 240/416  (K_refine=4)
[gen] step 250/416  (K_refine=4)
[gen] step 260/416  (K_refine=4)
[gen] step 270/416  (K_refine=4)
[gen] step 280/416  (K_refine=4)
[gen] step 290/416  (K_refine=4)
[gen] step 300/416  (K_refine=4)
[gen] step 310/416  (K_refine=4)
[gen] step 320/416  (K_refine=4)
[gen] step 330/416  (K_refine=4)
[gen] step 340/416  (K_refine=4)
[gen] step 350/416  (K_refine=4)
[gen] step 360/416  (K_refine=4)
[gen] step 370/416  (K_refine=4)
[gen] step 380/416  (K_refine=4)
[gen] step 390/416  (K_refine=4)
[gen] step 400/416  (K_refine=4)
[gen] step 410/416  (K_refine=4)
    -> temp/E1_v5b/A3/406/co/sample_1_temp1.0.mid
[gen] A3_REFINE_STEPS=4 (env override)
[gen] A3_FINAL_TEMP=0.9 (env override)
[gen] A3_TOP_P=0.95 (nucleus sampling)
[gen] step 0/416  (K_refine=4)
[gen] step 10/416  (K_refine=4)
[gen] step 20/416  (K_refine=4)
[gen] step 30/416  (K_refine=4)
[gen] step 40/416  (K_refine=4)
[gen] step 50/416  (K_refine=4)
[gen] step 60/416  (K_refine=4)
[gen] step 70/416  (K_refine=4)
[gen] step 80/416  (K_refine=4)
[gen] step 90/416  (K_refine=4)
[gen] step 100/416  (K_refine=4)
[gen] step 110/416  (K_refine=4)
[gen] step 120/416  (K_refine=4)
[gen] step 130/416  (K_refine=4)
[gen] step 140/416  (K_refine=4)
[gen] step 150/416  (K_refine=4)
[gen] step 160/416  (K_refine=4)
[gen] step 170/416  (K_refine=4)
[gen] step 180/416  (K_refine=4)
[gen] step 190/416  (K_refine=4)
[gen] step 200/416  (K_refine=4)
[gen] step 210/416  (K_refine=4)
[gen] step 220/416  (K_refine=4)
[gen] step 230/416  (K_refine=4)
[gen] step 240/416  (K_refine=4)
[gen] step 250/416  (K_refine=4)
[gen] step 260/416  (K_refine=4)
[gen] step 270/416  (K_refine=4)
[gen] step 280/416  (K_refine=4)
[gen] step 290/416  (K_refine=4)
[gen] step 300/416  (K_refine=4)
[gen] step 310/416  (K_refine=4)
[gen] step 320/416  (K_refine=4)
[gen] step 330/416  (K_refine=4)
[gen] step 340/416  (K_refine=4)
[gen] step 350/416  (K_refine=4)
[gen] step 360/416  (K_refine=4)
[gen] step 370/416  (K_refine=4)
[gen] step 380/416  (K_refine=4)
[gen] step 390/416  (K_refine=4)
[gen] step 400/416  (K_refine=4)
[gen] step 410/416  (K_refine=4)
    -> temp/E1_v5b/A3/406/co/sample_2_temp1.0.mid

[46/95] 416
  mode=co
[gen] A3_REFINE_STEPS=4 (env override)
[gen] A3_FINAL_TEMP=0.9 (env override)
[gen] A3_TOP_P=0.95 (nucleus sampling)
[gen] step 0/416  (K_refine=4)
[gen] step 10/416  (K_refine=4)
[gen] step 20/416  (K_refine=4)
[gen] step 30/416  (K_refine=4)
[gen] step 40/416  (K_refine=4)
[gen] step 50/416  (K_refine=4)
[gen] step 60/416  (K_refine=4)
[gen] step 70/416  (K_refine=4)
[gen] step 80/416  (K_refine=4)
[gen] step 90/416  (K_refine=4)
[gen] step 100/416  (K_refine=4)
[gen] step 110/416  (K_refine=4)
[gen] step 120/416  (K_refine=4)
[gen] step 130/416  (K_refine=4)
[gen] step 140/416  (K_refine=4)
[gen] step 150/416  (K_refine=4)
[gen] step 160/416  (K_refine=4)
[gen] step 170/416  (K_refine=4)
[gen] step 180/416  (K_refine=4)
[gen] step 190/416  (K_refine=4)
[gen] step 200/416  (K_refine=4)
[gen] step 210/416  (K_refine=4)
[gen] step 220/416  (K_refine=4)
[gen] step 230/416  (K_refine=4)
[gen] step 240/416  (K_refine=4)
[gen] step 250/416  (K_refine=4)
[gen] step 260/416  (K_refine=4)
[gen] step 270/416  (K_refine=4)
[gen] step 280/416  (K_refine=4)
[gen] step 290/416  (K_refine=4)
[gen] step 300/416  (K_refine=4)
[gen] step 310/416  (K_refine=4)
[gen] step 320/416  (K_refine=4)
[gen] step 330/416  (K_refine=4)
[gen] step 340/416  (K_refine=4)
[gen] step 350/416  (K_refine=4)
[gen] step 360/416  (K_refine=4)
[gen] step 370/416  (K_refine=4)
[gen] step 380/416  (K_refine=4)
[gen] step 390/416  (K_refine=4)
[gen] step 400/416  (K_refine=4)
[gen] step 410/416  (K_refine=4)
    -> temp/E1_v5b/A3/416/co/sample_0_temp1.0.mid
[gen] A3_REFINE_STEPS=4 (env override)
[gen] A3_FINAL_TEMP=0.9 (env override)
[gen] A3_TOP_P=0.95 (nucleus sampling)
[gen] step 0/416  (K_refine=4)
[gen] step 10/416  (K_refine=4)
[gen] step 20/416  (K_refine=4)
[gen] step 30/416  (K_refine=4)
[gen] step 40/416  (K_refine=4)
[gen] step 50/416  (K_refine=4)
[gen] step 60/416  (K_refine=4)
[gen] step 70/416  (K_refine=4)
[gen] step 80/416  (K_refine=4)
[gen] step 90/416  (K_refine=4)
[gen] step 100/416  (K_refine=4)
[gen] step 110/416  (K_refine=4)
[gen] step 120/416  (K_refine=4)
[gen] step 130/416  (K_refine=4)
[gen] step 140/416  (K_refine=4)
[gen] step 150/416  (K_refine=4)
[gen] step 160/416  (K_refine=4)
[gen] step 170/416  (K_refine=4)
[gen] step 180/416  (K_refine=4)
[gen] step 190/416  (K_refine=4)
[gen] step 200/416  (K_refine=4)
[gen] step 210/416  (K_refine=4)
[gen] step 220/416  (K_refine=4)
[gen] step 230/416  (K_refine=4)
[gen] step 240/416  (K_refine=4)
[gen] step 250/416  (K_refine=4)
[gen] step 260/416  (K_refine=4)
[gen] step 270/416  (K_refine=4)
[gen] step 280/416  (K_refine=4)
[gen] step 290/416  (K_refine=4)
[gen] step 300/416  (K_refine=4)
[gen] step 310/416  (K_refine=4)
[gen] step 320/416  (K_refine=4)
[gen] step 330/416  (K_refine=4)
[gen] step 340/416  (K_refine=4)
[gen] step 350/416  (K_refine=4)
[gen] step 360/416  (K_refine=4)
[gen] step 370/416  (K_refine=4)
[gen] step 380/416  (K_refine=4)
[gen] step 390/416  (K_refine=4)
[gen] step 400/416  (K_refine=4)
[gen] step 410/416  (K_refine=4)
    -> temp/E1_v5b/A3/416/co/sample_1_temp1.0.mid
[gen] A3_REFINE_STEPS=4 (env override)
[gen] A3_FINAL_TEMP=0.9 (env override)
[gen] A3_TOP_P=0.95 (nucleus sampling)
[gen] step 0/416  (K_refine=4)
[gen] step 10/416  (K_refine=4)
[gen] step 20/416  (K_refine=4)
[gen] step 30/416  (K_refine=4)
[gen] step 40/416  (K_refine=4)
[gen] step 50/416  (K_refine=4)
[gen] step 60/416  (K_refine=4)
[gen] step 70/416  (K_refine=4)
[gen] step 80/416  (K_refine=4)
[gen] step 90/416  (K_refine=4)
[gen] step 100/416  (K_refine=4)
[gen] step 110/416  (K_refine=4)
[gen] step 120/416  (K_refine=4)
[gen] step 130/416  (K_refine=4)
[gen] step 140/416  (K_refine=4)
[gen] step 150/416  (K_refine=4)
[gen] step 160/416  (K_refine=4)
[gen] step 170/416  (K_refine=4)
[gen] step 180/416  (K_refine=4)
[gen] step 190/416  (K_refine=4)
[gen] step 200/416  (K_refine=4)
[gen] step 210/416  (K_refine=4)
[gen] step 220/416  (K_refine=4)
[gen] step 230/416  (K_refine=4)
[gen] step 240/416  (K_refine=4)
[gen] step 250/416  (K_refine=4)
[gen] step 260/416  (K_refine=4)
[gen] step 270/416  (K_refine=4)
[gen] step 280/416  (K_refine=4)
[gen] step 290/416  (K_refine=4)
[gen] step 300/416  (K_refine=4)
[gen] step 310/416  (K_refine=4)
[gen] step 320/416  (K_refine=4)
[gen] step 330/416  (K_refine=4)
[gen] step 340/416  (K_refine=4)
[gen] step 350/416  (K_refine=4)
[gen] step 360/416  (K_refine=4)
[gen] step 370/416  (K_refine=4)
[gen] step 380/416  (K_refine=4)
[gen] step 390/416  (K_refine=4)
[gen] step 400/416  (K_refine=4)
[gen] step 410/416  (K_refine=4)
    -> temp/E1_v5b/A3/416/co/sample_2_temp1.0.mid

[47/95] 426
  mode=co
[gen] A3_REFINE_STEPS=4 (env override)
[gen] A3_FINAL_TEMP=0.9 (env override)
[gen] A3_TOP_P=0.95 (nucleus sampling)
[gen] step 0/416  (K_refine=4)
[gen] step 10/416  (K_refine=4)
[gen] step 20/416  (K_refine=4)
[gen] step 30/416  (K_refine=4)
[gen] step 40/416  (K_refine=4)
[gen] step 50/416  (K_refine=4)
[gen] step 60/416  (K_refine=4)
[gen] step 70/416  (K_refine=4)
[gen] step 80/416  (K_refine=4)
[gen] step 90/416  (K_refine=4)
[gen] step 100/416  (K_refine=4)
[gen] step 110/416  (K_refine=4)
[gen] step 120/416  (K_refine=4)
[gen] step 130/416  (K_refine=4)
[gen] step 140/416  (K_refine=4)
[gen] step 150/416  (K_refine=4)
[gen] step 160/416  (K_refine=4)
[gen] step 170/416  (K_refine=4)
[gen] step 180/416  (K_refine=4)
[gen] step 190/416  (K_refine=4)
[gen] step 200/416  (K_refine=4)
[gen] step 210/416  (K_refine=4)
[gen] step 220/416  (K_refine=4)
[gen] step 230/416  (K_refine=4)
[gen] step 240/416  (K_refine=4)
[gen] step 250/416  (K_refine=4)
[gen] step 260/416  (K_refine=4)
[gen] step 270/416  (K_refine=4)
[gen] step 280/416  (K_refine=4)
[gen] step 290/416  (K_refine=4)
[gen] step 300/416  (K_refine=4)
[gen] step 310/416  (K_refine=4)
[gen] step 320/416  (K_refine=4)
[gen] step 330/416  (K_refine=4)
[gen] step 340/416  (K_refine=4)
[gen] step 350/416  (K_refine=4)
[gen] step 360/416  (K_refine=4)
[gen] step 370/416  (K_refine=4)
[gen] step 380/416  (K_refine=4)
[gen] step 390/416  (K_refine=4)
[gen] step 400/416  (K_refine=4)
[gen] step 410/416  (K_refine=4)
    -> temp/E1_v5b/A3/426/co/sample_0_temp1.0.mid
[gen] A3_REFINE_STEPS=4 (env override)
[gen] A3_FINAL_TEMP=0.9 (env override)
[gen] A3_TOP_P=0.95 (nucleus sampling)
[gen] step 0/416  (K_refine=4)
[gen] step 10/416  (K_refine=4)
[gen] step 20/416  (K_refine=4)
[gen] step 30/416  (K_refine=4)
[gen] step 40/416  (K_refine=4)
[gen] step 50/416  (K_refine=4)
[gen] step 60/416  (K_refine=4)
[gen] step 70/416  (K_refine=4)
[gen] step 80/416  (K_refine=4)
[gen] step 90/416  (K_refine=4)
[gen] step 100/416  (K_refine=4)
[gen] step 110/416  (K_refine=4)
[gen] step 120/416  (K_refine=4)
[gen] step 130/416  (K_refine=4)
[gen] step 140/416  (K_refine=4)
[gen] step 150/416  (K_refine=4)
[gen] step 160/416  (K_refine=4)
[gen] step 170/416  (K_refine=4)
[gen] step 180/416  (K_refine=4)
[gen] step 190/416  (K_refine=4)
[gen] step 200/416  (K_refine=4)
[gen] step 210/416  (K_refine=4)
[gen] step 220/416  (K_refine=4)
[gen] step 230/416  (K_refine=4)
[gen] step 240/416  (K_refine=4)
[gen] step 250/416  (K_refine=4)
[gen] step 260/416  (K_refine=4)
[gen] step 270/416  (K_refine=4)
[gen] step 280/416  (K_refine=4)
[gen] step 290/416  (K_refine=4)
[gen] step 300/416  (K_refine=4)
[gen] step 310/416  (K_refine=4)
[gen] step 320/416  (K_refine=4)
[gen] step 330/416  (K_refine=4)
[gen] step 340/416  (K_refine=4)
[gen] step 350/416  (K_refine=4)
[gen] step 360/416  (K_refine=4)
[gen] step 370/416  (K_refine=4)
[gen] step 380/416  (K_refine=4)
[gen] step 390/416  (K_refine=4)
[gen] step 400/416  (K_refine=4)
[gen] step 410/416  (K_refine=4)
    -> temp/E1_v5b/A3/426/co/sample_1_temp1.0.mid
[gen] A3_REFINE_STEPS=4 (env override)
[gen] A3_FINAL_TEMP=0.9 (env override)
[gen] A3_TOP_P=0.95 (nucleus sampling)
[gen] step 0/416  (K_refine=4)
[gen] step 10/416  (K_refine=4)
[gen] step 20/416  (K_refine=4)
[gen] step 30/416  (K_refine=4)
[gen] step 40/416  (K_refine=4)
[gen] step 50/416  (K_refine=4)
[gen] step 60/416  (K_refine=4)
[gen] step 70/416  (K_refine=4)
[gen] step 80/416  (K_refine=4)
[gen] step 90/416  (K_refine=4)
[gen] step 100/416  (K_refine=4)
[gen] step 110/416  (K_refine=4)
[gen] step 120/416  (K_refine=4)
[gen] step 130/416  (K_refine=4)
[gen] step 140/416  (K_refine=4)
[gen] step 150/416  (K_refine=4)
[gen] step 160/416  (K_refine=4)
[gen] step 170/416  (K_refine=4)
[gen] step 180/416  (K_refine=4)
[gen] step 190/416  (K_refine=4)
[gen] step 200/416  (K_refine=4)
[gen] step 210/416  (K_refine=4)
[gen] step 220/416  (K_refine=4)
[gen] step 230/416  (K_refine=4)
[gen] step 240/416  (K_refine=4)
[gen] step 250/416  (K_refine=4)
[gen] step 260/416  (K_refine=4)
[gen] step 270/416  (K_refine=4)
[gen] step 280/416  (K_refine=4)
[gen] step 290/416  (K_refine=4)
[gen] step 300/416  (K_refine=4)
[gen] step 310/416  (K_refine=4)
[gen] step 320/416  (K_refine=4)
[gen] step 330/416  (K_refine=4)
[gen] step 340/416  (K_refine=4)
[gen] step 350/416  (K_refine=4)
[gen] step 360/416  (K_refine=4)
[gen] step 370/416  (K_refine=4)
[gen] step 380/416  (K_refine=4)
[gen] step 390/416  (K_refine=4)
[gen] step 400/416  (K_refine=4)
[gen] step 410/416  (K_refine=4)
    -> temp/E1_v5b/A3/426/co/sample_2_temp1.0.mid

[48/95] 436
  mode=co
[gen] A3_REFINE_STEPS=4 (env override)
[gen] A3_FINAL_TEMP=0.9 (env override)
[gen] A3_TOP_P=0.95 (nucleus sampling)
[gen] step 0/416  (K_refine=4)
[gen] step 10/416  (K_refine=4)
[gen] step 20/416  (K_refine=4)
[gen] step 30/416  (K_refine=4)
[gen] step 40/416  (K_refine=4)
[gen] step 50/416  (K_refine=4)
[gen] step 60/416  (K_refine=4)
[gen] step 70/416  (K_refine=4)
[gen] step 80/416  (K_refine=4)
[gen] step 90/416  (K_refine=4)
[gen] step 100/416  (K_refine=4)
[gen] step 110/416  (K_refine=4)
[gen] step 120/416  (K_refine=4)
[gen] step 130/416  (K_refine=4)
[gen] step 140/416  (K_refine=4)
[gen] step 150/416  (K_refine=4)
[gen] step 160/416  (K_refine=4)
[gen] step 170/416  (K_refine=4)
[gen] step 180/416  (K_refine=4)
[gen] step 190/416  (K_refine=4)
[gen] step 200/416  (K_refine=4)
[gen] step 210/416  (K_refine=4)
[gen] step 220/416  (K_refine=4)
[gen] step 230/416  (K_refine=4)
[gen] step 240/416  (K_refine=4)
[gen] step 250/416  (K_refine=4)
[gen] step 260/416  (K_refine=4)
[gen] step 270/416  (K_refine=4)
[gen] step 280/416  (K_refine=4)
[gen] step 290/416  (K_refine=4)
[gen] step 300/416  (K_refine=4)
[gen] step 310/416  (K_refine=4)
[gen] step 320/416  (K_refine=4)
[gen] step 330/416  (K_refine=4)
[gen] step 340/416  (K_refine=4)
[gen] step 350/416  (K_refine=4)
[gen] step 360/416  (K_refine=4)
[gen] step 370/416  (K_refine=4)
[gen] step 380/416  (K_refine=4)
[gen] step 390/416  (K_refine=4)
[gen] step 400/416  (K_refine=4)
[gen] step 410/416  (K_refine=4)
    -> temp/E1_v5b/A3/436/co/sample_0_temp1.0.mid
[gen] A3_REFINE_STEPS=4 (env override)
[gen] A3_FINAL_TEMP=0.9 (env override)
[gen] A3_TOP_P=0.95 (nucleus sampling)
[gen] step 0/416  (K_refine=4)
[gen] step 10/416  (K_refine=4)
[gen] step 20/416  (K_refine=4)
[gen] step 30/416  (K_refine=4)
[gen] step 40/416  (K_refine=4)
[gen] step 50/416  (K_refine=4)
[gen] step 60/416  (K_refine=4)
[gen] step 70/416  (K_refine=4)
[gen] step 80/416  (K_refine=4)
[gen] step 90/416  (K_refine=4)
[gen] step 100/416  (K_refine=4)
[gen] step 110/416  (K_refine=4)
[gen] step 120/416  (K_refine=4)
[gen] step 130/416  (K_refine=4)
[gen] step 140/416  (K_refine=4)
[gen] step 150/416  (K_refine=4)
[gen] step 160/416  (K_refine=4)
[gen] step 170/416  (K_refine=4)
[gen] step 180/416  (K_refine=4)
[gen] step 190/416  (K_refine=4)
[gen] step 200/416  (K_refine=4)
[gen] step 210/416  (K_refine=4)
[gen] step 220/416  (K_refine=4)
[gen] step 230/416  (K_refine=4)
[gen] step 240/416  (K_refine=4)
[gen] step 250/416  (K_refine=4)
[gen] step 260/416  (K_refine=4)
[gen] step 270/416  (K_refine=4)
[gen] step 280/416  (K_refine=4)
[gen] step 290/416  (K_refine=4)
[gen] step 300/416  (K_refine=4)
[gen] step 310/416  (K_refine=4)
[gen] step 320/416  (K_refine=4)
[gen] step 330/416  (K_refine=4)
[gen] step 340/416  (K_refine=4)
[gen] step 350/416  (K_refine=4)
[gen] step 360/416  (K_refine=4)
[gen] step 370/416  (K_refine=4)
[gen] step 380/416  (K_refine=4)
[gen] step 390/416  (K_refine=4)
[gen] step 400/416  (K_refine=4)
[gen] step 410/416  (K_refine=4)
    -> temp/E1_v5b/A3/436/co/sample_1_temp1.0.mid
[gen] A3_REFINE_STEPS=4 (env override)
[gen] A3_FINAL_TEMP=0.9 (env override)
[gen] A3_TOP_P=0.95 (nucleus sampling)
[gen] step 0/416  (K_refine=4)
[gen] step 10/416  (K_refine=4)
[gen] step 20/416  (K_refine=4)
[gen] step 30/416  (K_refine=4)
[gen] step 40/416  (K_refine=4)
[gen] step 50/416  (K_refine=4)
[gen] step 60/416  (K_refine=4)
[gen] step 70/416  (K_refine=4)
[gen] step 80/416  (K_refine=4)
[gen] step 90/416  (K_refine=4)
[gen] step 100/416  (K_refine=4)
[gen] step 110/416  (K_refine=4)
[gen] step 120/416  (K_refine=4)
[gen] step 130/416  (K_refine=4)
[gen] step 140/416  (K_refine=4)
[gen] step 150/416  (K_refine=4)
[gen] step 160/416  (K_refine=4)
[gen] step 170/416  (K_refine=4)
[gen] step 180/416  (K_refine=4)
[gen] step 190/416  (K_refine=4)
[gen] step 200/416  (K_refine=4)
[gen] step 210/416  (K_refine=4)
[gen] step 220/416  (K_refine=4)
[gen] step 230/416  (K_refine=4)
[gen] step 240/416  (K_refine=4)
[gen] step 250/416  (K_refine=4)
[gen] step 260/416  (K_refine=4)
[gen] step 270/416  (K_refine=4)
[gen] step 280/416  (K_refine=4)
[gen] step 290/416  (K_refine=4)
[gen] step 300/416  (K_refine=4)
[gen] step 310/416  (K_refine=4)
[gen] step 320/416  (K_refine=4)
[gen] step 330/416  (K_refine=4)
[gen] step 340/416  (K_refine=4)
[gen] step 350/416  (K_refine=4)
[gen] step 360/416  (K_refine=4)
[gen] step 370/416  (K_refine=4)
[gen] step 380/416  (K_refine=4)
[gen] step 390/416  (K_refine=4)
[gen] step 400/416  (K_refine=4)
[gen] step 410/416  (K_refine=4)
    -> temp/E1_v5b/A3/436/co/sample_2_temp1.0.mid

[49/95] 446
  mode=co
[gen] A3_REFINE_STEPS=4 (env override)
[gen] A3_FINAL_TEMP=0.9 (env override)
[gen] A3_TOP_P=0.95 (nucleus sampling)
[gen] step 0/416  (K_refine=4)
[gen] step 10/416  (K_refine=4)
[gen] step 20/416  (K_refine=4)
[gen] step 30/416  (K_refine=4)
[gen] step 40/416  (K_refine=4)
[gen] step 50/416  (K_refine=4)
[gen] step 60/416  (K_refine=4)
[gen] step 70/416  (K_refine=4)
[gen] step 80/416  (K_refine=4)
[gen] step 90/416  (K_refine=4)
[gen] step 100/416  (K_refine=4)
[gen] step 110/416  (K_refine=4)
[gen] step 120/416  (K_refine=4)
[gen] step 130/416  (K_refine=4)
[gen] step 140/416  (K_refine=4)
[gen] step 150/416  (K_refine=4)
[gen] step 160/416  (K_refine=4)
[gen] step 170/416  (K_refine=4)
[gen] step 180/416  (K_refine=4)
[gen] step 190/416  (K_refine=4)
[gen] step 200/416  (K_refine=4)
[gen] step 210/416  (K_refine=4)
[gen] step 220/416  (K_refine=4)
[gen] step 230/416  (K_refine=4)
[gen] step 240/416  (K_refine=4)
[gen] step 250/416  (K_refine=4)
[gen] step 260/416  (K_refine=4)
[gen] step 270/416  (K_refine=4)
[gen] step 280/416  (K_refine=4)
[gen] step 290/416  (K_refine=4)
[gen] step 300/416  (K_refine=4)
[gen] step 310/416  (K_refine=4)
[gen] step 320/416  (K_refine=4)
[gen] step 330/416  (K_refine=4)
[gen] step 340/416  (K_refine=4)
[gen] step 350/416  (K_refine=4)
[gen] step 360/416  (K_refine=4)
[gen] step 370/416  (K_refine=4)
[gen] step 380/416  (K_refine=4)
[gen] step 390/416  (K_refine=4)
[gen] step 400/416  (K_refine=4)
[gen] step 410/416  (K_refine=4)
    -> temp/E1_v5b/A3/446/co/sample_0_temp1.0.mid
[gen] A3_REFINE_STEPS=4 (env override)
[gen] A3_FINAL_TEMP=0.9 (env override)
[gen] A3_TOP_P=0.95 (nucleus sampling)
[gen] step 0/416  (K_refine=4)
[gen] step 10/416  (K_refine=4)
[gen] step 20/416  (K_refine=4)
[gen] step 30/416  (K_refine=4)
[gen] step 40/416  (K_refine=4)
[gen] step 50/416  (K_refine=4)
[gen] step 60/416  (K_refine=4)
[gen] step 70/416  (K_refine=4)
[gen] step 80/416  (K_refine=4)
[gen] step 90/416  (K_refine=4)
[gen] step 100/416  (K_refine=4)
[gen] step 110/416  (K_refine=4)
[gen] step 120/416  (K_refine=4)
[gen] step 130/416  (K_refine=4)
[gen] step 140/416  (K_refine=4)
[gen] step 150/416  (K_refine=4)
[gen] step 160/416  (K_refine=4)
[gen] step 170/416  (K_refine=4)
[gen] step 180/416  (K_refine=4)
[gen] step 190/416  (K_refine=4)
[gen] step 200/416  (K_refine=4)
[gen] step 210/416  (K_refine=4)
[gen] step 220/416  (K_refine=4)
[gen] step 230/416  (K_refine=4)
[gen] step 240/416  (K_refine=4)
[gen] step 250/416  (K_refine=4)
[gen] step 260/416  (K_refine=4)
[gen] step 270/416  (K_refine=4)
[gen] step 280/416  (K_refine=4)
[gen] step 290/416  (K_refine=4)
[gen] step 300/416  (K_refine=4)
[gen] step 310/416  (K_refine=4)
[gen] step 320/416  (K_refine=4)
[gen] step 330/416  (K_refine=4)
[gen] step 340/416  (K_refine=4)
[gen] step 350/416  (K_refine=4)
[gen] step 360/416  (K_refine=4)
[gen] step 370/416  (K_refine=4)
[gen] step 380/416  (K_refine=4)
[gen] step 390/416  (K_refine=4)
[gen] step 400/416  (K_refine=4)
[gen] step 410/416  (K_refine=4)
    -> temp/E1_v5b/A3/446/co/sample_1_temp1.0.mid
[gen] A3_REFINE_STEPS=4 (env override)
[gen] A3_FINAL_TEMP=0.9 (env override)
[gen] A3_TOP_P=0.95 (nucleus sampling)
[gen] step 0/416  (K_refine=4)
[gen] step 10/416  (K_refine=4)
[gen] step 20/416  (K_refine=4)
[gen] step 30/416  (K_refine=4)
[gen] step 40/416  (K_refine=4)
[gen] step 50/416  (K_refine=4)
[gen] step 60/416  (K_refine=4)
[gen] step 70/416  (K_refine=4)
[gen] step 80/416  (K_refine=4)
[gen] step 90/416  (K_refine=4)
[gen] step 100/416  (K_refine=4)
[gen] step 110/416  (K_refine=4)
[gen] step 120/416  (K_refine=4)
[gen] step 130/416  (K_refine=4)
[gen] step 140/416  (K_refine=4)
[gen] step 150/416  (K_refine=4)
[gen] step 160/416  (K_refine=4)
[gen] step 170/416  (K_refine=4)
[gen] step 180/416  (K_refine=4)
[gen] step 190/416  (K_refine=4)
[gen] step 200/416  (K_refine=4)
[gen] step 210/416  (K_refine=4)
[gen] step 220/416  (K_refine=4)
[gen] step 230/416  (K_refine=4)
[gen] step 240/416  (K_refine=4)
[gen] step 250/416  (K_refine=4)
[gen] step 260/416  (K_refine=4)
[gen] step 270/416  (K_refine=4)
[gen] step 280/416  (K_refine=4)
[gen] step 290/416  (K_refine=4)
[gen] step 300/416  (K_refine=4)
[gen] step 310/416  (K_refine=4)
[gen] step 320/416  (K_refine=4)
[gen] step 330/416  (K_refine=4)
[gen] step 340/416  (K_refine=4)
[gen] step 350/416  (K_refine=4)
[gen] step 360/416  (K_refine=4)
[gen] step 370/416  (K_refine=4)
[gen] step 380/416  (K_refine=4)
[gen] step 390/416  (K_refine=4)
[gen] step 400/416  (K_refine=4)
[gen] step 410/416  (K_refine=4)
    -> temp/E1_v5b/A3/446/co/sample_2_temp1.0.mid

[50/95] 456
  mode=co
[gen] A3_REFINE_STEPS=4 (env override)
[gen] A3_FINAL_TEMP=0.9 (env override)
[gen] A3_TOP_P=0.95 (nucleus sampling)
[gen] step 0/416  (K_refine=4)
[gen] step 10/416  (K_refine=4)
[gen] step 20/416  (K_refine=4)
[gen] step 30/416  (K_refine=4)
[gen] step 40/416  (K_refine=4)
[gen] step 50/416  (K_refine=4)
[gen] step 60/416  (K_refine=4)
[gen] step 70/416  (K_refine=4)
[gen] step 80/416  (K_refine=4)
[gen] step 90/416  (K_refine=4)
[gen] step 100/416  (K_refine=4)
[gen] step 110/416  (K_refine=4)
[gen] step 120/416  (K_refine=4)
[gen] step 130/416  (K_refine=4)
[gen] step 140/416  (K_refine=4)
[gen] step 150/416  (K_refine=4)
[gen] step 160/416  (K_refine=4)
[gen] step 170/416  (K_refine=4)
[gen] step 180/416  (K_refine=4)
[gen] step 190/416  (K_refine=4)
[gen] step 200/416  (K_refine=4)
[gen] step 210/416  (K_refine=4)
[gen] step 220/416  (K_refine=4)
[gen] step 230/416  (K_refine=4)
[gen] step 240/416  (K_refine=4)
[gen] step 250/416  (K_refine=4)
[gen] step 260/416  (K_refine=4)
[gen] step 270/416  (K_refine=4)
[gen] step 280/416  (K_refine=4)
[gen] step 290/416  (K_refine=4)
[gen] step 300/416  (K_refine=4)
[gen] step 310/416  (K_refine=4)
[gen] step 320/416  (K_refine=4)
[gen] step 330/416  (K_refine=4)
[gen] step 340/416  (K_refine=4)
[gen] step 350/416  (K_refine=4)
[gen] step 360/416  (K_refine=4)
[gen] step 370/416  (K_refine=4)
[gen] step 380/416  (K_refine=4)
[gen] step 390/416  (K_refine=4)
[gen] step 400/416  (K_refine=4)
[gen] step 410/416  (K_refine=4)
    -> temp/E1_v5b/A3/456/co/sample_0_temp1.0.mid
[gen] A3_REFINE_STEPS=4 (env override)
[gen] A3_FINAL_TEMP=0.9 (env override)
[gen] A3_TOP_P=0.95 (nucleus sampling)
[gen] step 0/416  (K_refine=4)
[gen] step 10/416  (K_refine=4)
[gen] step 20/416  (K_refine=4)
[gen] step 30/416  (K_refine=4)
[gen] step 40/416  (K_refine=4)
[gen] step 50/416  (K_refine=4)
[gen] step 60/416  (K_refine=4)
[gen] step 70/416  (K_refine=4)
[gen] step 80/416  (K_refine=4)
[gen] step 90/416  (K_refine=4)
[gen] step 100/416  (K_refine=4)
[gen] step 110/416  (K_refine=4)
[gen] step 120/416  (K_refine=4)
[gen] step 130/416  (K_refine=4)
[gen] step 140/416  (K_refine=4)
[gen] step 150/416  (K_refine=4)
[gen] step 160/416  (K_refine=4)
[gen] step 170/416  (K_refine=4)
[gen] step 180/416  (K_refine=4)
[gen] step 190/416  (K_refine=4)
[gen] step 200/416  (K_refine=4)
[gen] step 210/416  (K_refine=4)
[gen] step 220/416  (K_refine=4)
[gen] step 230/416  (K_refine=4)
[gen] step 240/416  (K_refine=4)
[gen] step 250/416  (K_refine=4)
[gen] step 260/416  (K_refine=4)
[gen] step 270/416  (K_refine=4)
[gen] step 280/416  (K_refine=4)
[gen] step 290/416  (K_refine=4)
[gen] step 300/416  (K_refine=4)
[gen] step 310/416  (K_refine=4)
[gen] step 320/416  (K_refine=4)
[gen] step 330/416  (K_refine=4)
[gen] step 340/416  (K_refine=4)
[gen] step 350/416  (K_refine=4)
[gen] step 360/416  (K_refine=4)
[gen] step 370/416  (K_refine=4)
[gen] step 380/416  (K_refine=4)
[gen] step 390/416  (K_refine=4)
[gen] step 400/416  (K_refine=4)
[gen] step 410/416  (K_refine=4)
    -> temp/E1_v5b/A3/456/co/sample_1_temp1.0.mid
[gen] A3_REFINE_STEPS=4 (env override)
[gen] A3_FINAL_TEMP=0.9 (env override)
[gen] A3_TOP_P=0.95 (nucleus sampling)
[gen] step 0/416  (K_refine=4)
[gen] step 10/416  (K_refine=4)
[gen] step 20/416  (K_refine=4)
[gen] step 30/416  (K_refine=4)
[gen] step 40/416  (K_refine=4)
[gen] step 50/416  (K_refine=4)
[gen] step 60/416  (K_refine=4)
[gen] step 70/416  (K_refine=4)
[gen] step 80/416  (K_refine=4)
[gen] step 90/416  (K_refine=4)
[gen] step 100/416  (K_refine=4)
[gen] step 110/416  (K_refine=4)
[gen] step 120/416  (K_refine=4)
[gen] step 130/416  (K_refine=4)
[gen] step 140/416  (K_refine=4)
[gen] step 150/416  (K_refine=4)
[gen] step 160/416  (K_refine=4)
[gen] step 170/416  (K_refine=4)
[gen] step 180/416  (K_refine=4)
[gen] step 190/416  (K_refine=4)
[gen] step 200/416  (K_refine=4)
[gen] step 210/416  (K_refine=4)
[gen] step 220/416  (K_refine=4)
[gen] step 230/416  (K_refine=4)
[gen] step 240/416  (K_refine=4)
[gen] step 250/416  (K_refine=4)
[gen] step 260/416  (K_refine=4)
[gen] step 270/416  (K_refine=4)
[gen] step 280/416  (K_refine=4)
[gen] step 290/416  (K_refine=4)
[gen] step 300/416  (K_refine=4)
[gen] step 310/416  (K_refine=4)
[gen] step 320/416  (K_refine=4)
[gen] step 330/416  (K_refine=4)
[gen] step 340/416  (K_refine=4)
[gen] step 350/416  (K_refine=4)
[gen] step 360/416  (K_refine=4)
[gen] step 370/416  (K_refine=4)
[gen] step 380/416  (K_refine=4)
[gen] step 390/416  (K_refine=4)
[gen] step 400/416  (K_refine=4)
[gen] step 410/416  (K_refine=4)
    -> temp/E1_v5b/A3/456/co/sample_2_temp1.0.mid

[51/95] 466
  mode=co
[gen] A3_REFINE_STEPS=4 (env override)
[gen] A3_FINAL_TEMP=0.9 (env override)
[gen] A3_TOP_P=0.95 (nucleus sampling)
[gen] step 0/416  (K_refine=4)
[gen] step 10/416  (K_refine=4)
[gen] step 20/416  (K_refine=4)
[gen] step 30/416  (K_refine=4)
[gen] step 40/416  (K_refine=4)
[gen] step 50/416  (K_refine=4)
[gen] step 60/416  (K_refine=4)
[gen] step 70/416  (K_refine=4)
[gen] step 80/416  (K_refine=4)
[gen] step 90/416  (K_refine=4)
[gen] step 100/416  (K_refine=4)
[gen] step 110/416  (K_refine=4)
[gen] step 120/416  (K_refine=4)
[gen] step 130/416  (K_refine=4)
[gen] step 140/416  (K_refine=4)
[gen] step 150/416  (K_refine=4)
[gen] step 160/416  (K_refine=4)
[gen] step 170/416  (K_refine=4)
[gen] step 180/416  (K_refine=4)
[gen] step 190/416  (K_refine=4)
[gen] step 200/416  (K_refine=4)
[gen] step 210/416  (K_refine=4)
[gen] step 220/416  (K_refine=4)
[gen] step 230/416  (K_refine=4)
[gen] step 240/416  (K_refine=4)
[gen] step 250/416  (K_refine=4)
[gen] step 260/416  (K_refine=4)
[gen] step 270/416  (K_refine=4)
[gen] step 280/416  (K_refine=4)
[gen] step 290/416  (K_refine=4)
[gen] step 300/416  (K_refine=4)
[gen] step 310/416  (K_refine=4)
[gen] step 320/416  (K_refine=4)
[gen] step 330/416  (K_refine=4)
[gen] step 340/416  (K_refine=4)
[gen] step 350/416  (K_refine=4)
[gen] step 360/416  (K_refine=4)
[gen] step 370/416  (K_refine=4)
[gen] step 380/416  (K_refine=4)
[gen] step 390/416  (K_refine=4)
[gen] step 400/416  (K_refine=4)
[gen] step 410/416  (K_refine=4)
    -> temp/E1_v5b/A3/466/co/sample_0_temp1.0.mid
[gen] A3_REFINE_STEPS=4 (env override)
[gen] A3_FINAL_TEMP=0.9 (env override)
[gen] A3_TOP_P=0.95 (nucleus sampling)
[gen] step 0/416  (K_refine=4)
[gen] step 10/416  (K_refine=4)
[gen] step 20/416  (K_refine=4)
[gen] step 30/416  (K_refine=4)
[gen] step 40/416  (K_refine=4)
[gen] step 50/416  (K_refine=4)
[gen] step 60/416  (K_refine=4)
[gen] step 70/416  (K_refine=4)
[gen] step 80/416  (K_refine=4)
[gen] step 90/416  (K_refine=4)
[gen] step 100/416  (K_refine=4)
[gen] step 110/416  (K_refine=4)
[gen] step 120/416  (K_refine=4)
[gen] step 130/416  (K_refine=4)
[gen] step 140/416  (K_refine=4)
[gen] step 150/416  (K_refine=4)
[gen] step 160/416  (K_refine=4)
[gen] step 170/416  (K_refine=4)
[gen] step 180/416  (K_refine=4)
[gen] step 190/416  (K_refine=4)
[gen] step 200/416  (K_refine=4)
[gen] step 210/416  (K_refine=4)
[gen] step 220/416  (K_refine=4)
[gen] step 230/416  (K_refine=4)
[gen] step 240/416  (K_refine=4)
[gen] step 250/416  (K_refine=4)
[gen] step 260/416  (K_refine=4)
[gen] step 270/416  (K_refine=4)
[gen] step 280/416  (K_refine=4)
[gen] step 290/416  (K_refine=4)
[gen] step 300/416  (K_refine=4)
[gen] step 310/416  (K_refine=4)
[gen] step 320/416  (K_refine=4)
[gen] step 330/416  (K_refine=4)
[gen] step 340/416  (K_refine=4)
[gen] step 350/416  (K_refine=4)
[gen] step 360/416  (K_refine=4)
[gen] step 370/416  (K_refine=4)
[gen] step 380/416  (K_refine=4)
[gen] step 390/416  (K_refine=4)
[gen] step 400/416  (K_refine=4)
[gen] step 410/416  (K_refine=4)
    -> temp/E1_v5b/A3/466/co/sample_1_temp1.0.mid
[gen] A3_REFINE_STEPS=4 (env override)
[gen] A3_FINAL_TEMP=0.9 (env override)
[gen] A3_TOP_P=0.95 (nucleus sampling)
[gen] step 0/416  (K_refine=4)
[gen] step 10/416  (K_refine=4)
[gen] step 20/416  (K_refine=4)
[gen] step 30/416  (K_refine=4)
[gen] step 40/416  (K_refine=4)
[gen] step 50/416  (K_refine=4)
[gen] step 60/416  (K_refine=4)
[gen] step 70/416  (K_refine=4)
[gen] step 80/416  (K_refine=4)
[gen] step 90/416  (K_refine=4)
[gen] step 100/416  (K_refine=4)
[gen] step 110/416  (K_refine=4)
[gen] step 120/416  (K_refine=4)
[gen] step 130/416  (K_refine=4)
[gen] step 140/416  (K_refine=4)
[gen] step 150/416  (K_refine=4)
[gen] step 160/416  (K_refine=4)
[gen] step 170/416  (K_refine=4)
[gen] step 180/416  (K_refine=4)
[gen] step 190/416  (K_refine=4)
[gen] step 200/416  (K_refine=4)
[gen] step 210/416  (K_refine=4)
[gen] step 220/416  (K_refine=4)
[gen] step 230/416  (K_refine=4)
[gen] step 240/416  (K_refine=4)
[gen] step 250/416  (K_refine=4)
[gen] step 260/416  (K_refine=4)
[gen] step 270/416  (K_refine=4)
[gen] step 280/416  (K_refine=4)
[gen] step 290/416  (K_refine=4)
[gen] step 300/416  (K_refine=4)
[gen] step 310/416  (K_refine=4)
[gen] step 320/416  (K_refine=4)
[gen] step 330/416  (K_refine=4)
[gen] step 340/416  (K_refine=4)
[gen] step 350/416  (K_refine=4)
[gen] step 360/416  (K_refine=4)
[gen] step 370/416  (K_refine=4)
[gen] step 380/416  (K_refine=4)
[gen] step 390/416  (K_refine=4)
[gen] step 400/416  (K_refine=4)
[gen] step 410/416  (K_refine=4)
    -> temp/E1_v5b/A3/466/co/sample_2_temp1.0.mid

[52/95] 476
  mode=co
[gen] A3_REFINE_STEPS=4 (env override)
[gen] A3_FINAL_TEMP=0.9 (env override)
[gen] A3_TOP_P=0.95 (nucleus sampling)
[gen] step 0/416  (K_refine=4)
[gen] step 10/416  (K_refine=4)
[gen] step 20/416  (K_refine=4)
[gen] step 30/416  (K_refine=4)
[gen] step 40/416  (K_refine=4)
[gen] step 50/416  (K_refine=4)
[gen] step 60/416  (K_refine=4)
[gen] step 70/416  (K_refine=4)
[gen] step 80/416  (K_refine=4)
[gen] step 90/416  (K_refine=4)
[gen] step 100/416  (K_refine=4)
[gen] step 110/416  (K_refine=4)
[gen] step 120/416  (K_refine=4)
[gen] step 130/416  (K_refine=4)
[gen] step 140/416  (K_refine=4)
[gen] step 150/416  (K_refine=4)
[gen] step 160/416  (K_refine=4)
[gen] step 170/416  (K_refine=4)
[gen] step 180/416  (K_refine=4)
[gen] step 190/416  (K_refine=4)
[gen] step 200/416  (K_refine=4)
[gen] step 210/416  (K_refine=4)
[gen] step 220/416  (K_refine=4)
[gen] step 230/416  (K_refine=4)
[gen] step 240/416  (K_refine=4)
[gen] step 250/416  (K_refine=4)
[gen] step 260/416  (K_refine=4)
[gen] step 270/416  (K_refine=4)
[gen] step 280/416  (K_refine=4)
[gen] step 290/416  (K_refine=4)
[gen] step 300/416  (K_refine=4)
[gen] step 310/416  (K_refine=4)
[gen] step 320/416  (K_refine=4)
[gen] step 330/416  (K_refine=4)
[gen] step 340/416  (K_refine=4)
[gen] step 350/416  (K_refine=4)
[gen] step 360/416  (K_refine=4)
[gen] step 370/416  (K_refine=4)
[gen] step 380/416  (K_refine=4)
[gen] step 390/416  (K_refine=4)
[gen] step 400/416  (K_refine=4)
[gen] step 410/416  (K_refine=4)
    -> temp/E1_v5b/A3/476/co/sample_0_temp1.0.mid
[gen] A3_REFINE_STEPS=4 (env override)
[gen] A3_FINAL_TEMP=0.9 (env override)
[gen] A3_TOP_P=0.95 (nucleus sampling)
[gen] step 0/416  (K_refine=4)
[gen] step 10/416  (K_refine=4)
[gen] step 20/416  (K_refine=4)
[gen] step 30/416  (K_refine=4)
[gen] step 40/416  (K_refine=4)
[gen] step 50/416  (K_refine=4)
[gen] step 60/416  (K_refine=4)
[gen] step 70/416  (K_refine=4)
[gen] step 80/416  (K_refine=4)
[gen] step 90/416  (K_refine=4)
[gen] step 100/416  (K_refine=4)
[gen] step 110/416  (K_refine=4)
[gen] step 120/416  (K_refine=4)
[gen] step 130/416  (K_refine=4)
[gen] step 140/416  (K_refine=4)
[gen] step 150/416  (K_refine=4)
[gen] step 160/416  (K_refine=4)
[gen] step 170/416  (K_refine=4)
[gen] step 180/416  (K_refine=4)
[gen] step 190/416  (K_refine=4)
[gen] step 200/416  (K_refine=4)
[gen] step 210/416  (K_refine=4)
[gen] step 220/416  (K_refine=4)
[gen] step 230/416  (K_refine=4)
[gen] step 240/416  (K_refine=4)
[gen] step 250/416  (K_refine=4)
[gen] step 260/416  (K_refine=4)
[gen] step 270/416  (K_refine=4)
[gen] step 280/416  (K_refine=4)
[gen] step 290/416  (K_refine=4)
[gen] step 300/416  (K_refine=4)
[gen] step 310/416  (K_refine=4)
[gen] step 320/416  (K_refine=4)
[gen] step 330/416  (K_refine=4)
[gen] step 340/416  (K_refine=4)
[gen] step 350/416  (K_refine=4)
[gen] step 360/416  (K_refine=4)
[gen] step 370/416  (K_refine=4)
[gen] step 380/416  (K_refine=4)
[gen] step 390/416  (K_refine=4)
[gen] step 400/416  (K_refine=4)
[gen] step 410/416  (K_refine=4)
    -> temp/E1_v5b/A3/476/co/sample_1_temp1.0.mid
[gen] A3_REFINE_STEPS=4 (env override)
[gen] A3_FINAL_TEMP=0.9 (env override)
[gen] A3_TOP_P=0.95 (nucleus sampling)
[gen] step 0/416  (K_refine=4)
[gen] step 10/416  (K_refine=4)
[gen] step 20/416  (K_refine=4)
[gen] step 30/416  (K_refine=4)
[gen] step 40/416  (K_refine=4)
[gen] step 50/416  (K_refine=4)
[gen] step 60/416  (K_refine=4)
[gen] step 70/416  (K_refine=4)
[gen] step 80/416  (K_refine=4)
[gen] step 90/416  (K_refine=4)
[gen] step 100/416  (K_refine=4)
[gen] step 110/416  (K_refine=4)
[gen] step 120/416  (K_refine=4)
[gen] step 130/416  (K_refine=4)
[gen] step 140/416  (K_refine=4)
[gen] step 150/416  (K_refine=4)
[gen] step 160/416  (K_refine=4)
[gen] step 170/416  (K_refine=4)
[gen] step 180/416  (K_refine=4)
[gen] step 190/416  (K_refine=4)
[gen] step 200/416  (K_refine=4)
[gen] step 210/416  (K_refine=4)
[gen] step 220/416  (K_refine=4)
[gen] step 230/416  (K_refine=4)
[gen] step 240/416  (K_refine=4)
[gen] step 250/416  (K_refine=4)
[gen] step 260/416  (K_refine=4)
[gen] step 270/416  (K_refine=4)
[gen] step 280/416  (K_refine=4)
[gen] step 290/416  (K_refine=4)
[gen] step 300/416  (K_refine=4)
[gen] step 310/416  (K_refine=4)
[gen] step 320/416  (K_refine=4)
[gen] step 330/416  (K_refine=4)
[gen] step 340/416  (K_refine=4)
[gen] step 350/416  (K_refine=4)
[gen] step 360/416  (K_refine=4)
[gen] step 370/416  (K_refine=4)
[gen] step 380/416  (K_refine=4)
[gen] step 390/416  (K_refine=4)
[gen] step 400/416  (K_refine=4)
[gen] step 410/416  (K_refine=4)
    -> temp/E1_v5b/A3/476/co/sample_2_temp1.0.mid

[53/95] 486
  mode=co
[gen] A3_REFINE_STEPS=4 (env override)
[gen] A3_FINAL_TEMP=0.9 (env override)
[gen] A3_TOP_P=0.95 (nucleus sampling)
[gen] step 0/416  (K_refine=4)
[gen] step 10/416  (K_refine=4)
[gen] step 20/416  (K_refine=4)
[gen] step 30/416  (K_refine=4)
[gen] step 40/416  (K_refine=4)
[gen] step 50/416  (K_refine=4)
[gen] step 60/416  (K_refine=4)
[gen] step 70/416  (K_refine=4)
[gen] step 80/416  (K_refine=4)
[gen] step 90/416  (K_refine=4)
[gen] step 100/416  (K_refine=4)
[gen] step 110/416  (K_refine=4)
[gen] step 120/416  (K_refine=4)
[gen] step 130/416  (K_refine=4)
[gen] step 140/416  (K_refine=4)
[gen] step 150/416  (K_refine=4)
[gen] step 160/416  (K_refine=4)
[gen] step 170/416  (K_refine=4)
[gen] step 180/416  (K_refine=4)
[gen] step 190/416  (K_refine=4)
[gen] step 200/416  (K_refine=4)
[gen] step 210/416  (K_refine=4)
[gen] step 220/416  (K_refine=4)
[gen] step 230/416  (K_refine=4)
[gen] step 240/416  (K_refine=4)
[gen] step 250/416  (K_refine=4)
[gen] step 260/416  (K_refine=4)
[gen] step 270/416  (K_refine=4)
[gen] step 280/416  (K_refine=4)
[gen] step 290/416  (K_refine=4)
[gen] step 300/416  (K_refine=4)
[gen] step 310/416  (K_refine=4)
[gen] step 320/416  (K_refine=4)
[gen] step 330/416  (K_refine=4)
[gen] step 340/416  (K_refine=4)
[gen] step 350/416  (K_refine=4)
[gen] step 360/416  (K_refine=4)
[gen] step 370/416  (K_refine=4)
[gen] step 380/416  (K_refine=4)
[gen] step 390/416  (K_refine=4)
[gen] step 400/416  (K_refine=4)
[gen] step 410/416  (K_refine=4)
    -> temp/E1_v5b/A3/486/co/sample_0_temp1.0.mid
[gen] A3_REFINE_STEPS=4 (env override)
[gen] A3_FINAL_TEMP=0.9 (env override)
[gen] A3_TOP_P=0.95 (nucleus sampling)
[gen] step 0/416  (K_refine=4)
[gen] step 10/416  (K_refine=4)
[gen] step 20/416  (K_refine=4)
[gen] step 30/416  (K_refine=4)
[gen] step 40/416  (K_refine=4)
[gen] step 50/416  (K_refine=4)
[gen] step 60/416  (K_refine=4)
[gen] step 70/416  (K_refine=4)
[gen] step 80/416  (K_refine=4)
[gen] step 90/416  (K_refine=4)
[gen] step 100/416  (K_refine=4)
[gen] step 110/416  (K_refine=4)
[gen] step 120/416  (K_refine=4)
[gen] step 130/416  (K_refine=4)
[gen] step 140/416  (K_refine=4)
[gen] step 150/416  (K_refine=4)
[gen] step 160/416  (K_refine=4)
[gen] step 170/416  (K_refine=4)
[gen] step 180/416  (K_refine=4)
[gen] step 190/416  (K_refine=4)
[gen] step 200/416  (K_refine=4)
[gen] step 210/416  (K_refine=4)
[gen] step 220/416  (K_refine=4)
[gen] step 230/416  (K_refine=4)
[gen] step 240/416  (K_refine=4)
[gen] step 250/416  (K_refine=4)
[gen] step 260/416  (K_refine=4)
[gen] step 270/416  (K_refine=4)
[gen] step 280/416  (K_refine=4)
[gen] step 290/416  (K_refine=4)
[gen] step 300/416  (K_refine=4)
[gen] step 310/416  (K_refine=4)
[gen] step 320/416  (K_refine=4)
[gen] step 330/416  (K_refine=4)
[gen] step 340/416  (K_refine=4)
[gen] step 350/416  (K_refine=4)
[gen] step 360/416  (K_refine=4)
[gen] step 370/416  (K_refine=4)
[gen] step 380/416  (K_refine=4)
[gen] step 390/416  (K_refine=4)
[gen] step 400/416  (K_refine=4)
[gen] step 410/416  (K_refine=4)
    -> temp/E1_v5b/A3/486/co/sample_1_temp1.0.mid
[gen] A3_REFINE_STEPS=4 (env override)
[gen] A3_FINAL_TEMP=0.9 (env override)
[gen] A3_TOP_P=0.95 (nucleus sampling)
[gen] step 0/416  (K_refine=4)
[gen] step 10/416  (K_refine=4)
[gen] step 20/416  (K_refine=4)
[gen] step 30/416  (K_refine=4)
[gen] step 40/416  (K_refine=4)
[gen] step 50/416  (K_refine=4)
[gen] step 60/416  (K_refine=4)
[gen] step 70/416  (K_refine=4)
[gen] step 80/416  (K_refine=4)
[gen] step 90/416  (K_refine=4)
[gen] step 100/416  (K_refine=4)
[gen] step 110/416  (K_refine=4)
[gen] step 120/416  (K_refine=4)
[gen] step 130/416  (K_refine=4)
[gen] step 140/416  (K_refine=4)
[gen] step 150/416  (K_refine=4)
[gen] step 160/416  (K_refine=4)
[gen] step 170/416  (K_refine=4)
[gen] step 180/416  (K_refine=4)
[gen] step 190/416  (K_refine=4)
[gen] step 200/416  (K_refine=4)
[gen] step 210/416  (K_refine=4)
[gen] step 220/416  (K_refine=4)
[gen] step 230/416  (K_refine=4)
[gen] step 240/416  (K_refine=4)
[gen] step 250/416  (K_refine=4)
[gen] step 260/416  (K_refine=4)
[gen] step 270/416  (K_refine=4)
[gen] step 280/416  (K_refine=4)
[gen] step 290/416  (K_refine=4)
[gen] step 300/416  (K_refine=4)
[gen] step 310/416  (K_refine=4)
[gen] step 320/416  (K_refine=4)
[gen] step 330/416  (K_refine=4)
[gen] step 340/416  (K_refine=4)
[gen] step 350/416  (K_refine=4)
[gen] step 360/416  (K_refine=4)
[gen] step 370/416  (K_refine=4)
[gen] step 380/416  (K_refine=4)
[gen] step 390/416  (K_refine=4)
[gen] step 400/416  (K_refine=4)
[gen] step 410/416  (K_refine=4)
    -> temp/E1_v5b/A3/486/co/sample_2_temp1.0.mid

[54/95] 496
  mode=co
[gen] A3_REFINE_STEPS=4 (env override)
[gen] A3_FINAL_TEMP=0.9 (env override)
[gen] A3_TOP_P=0.95 (nucleus sampling)
[gen] step 0/416  (K_refine=4)
[gen] step 10/416  (K_refine=4)
[gen] step 20/416  (K_refine=4)
[gen] step 30/416  (K_refine=4)
[gen] step 40/416  (K_refine=4)
[gen] step 50/416  (K_refine=4)
[gen] step 60/416  (K_refine=4)
[gen] step 70/416  (K_refine=4)
[gen] step 80/416  (K_refine=4)
[gen] step 90/416  (K_refine=4)
[gen] step 100/416  (K_refine=4)
[gen] step 110/416  (K_refine=4)
[gen] step 120/416  (K_refine=4)
[gen] step 130/416  (K_refine=4)
[gen] step 140/416  (K_refine=4)
[gen] step 150/416  (K_refine=4)
[gen] step 160/416  (K_refine=4)
[gen] step 170/416  (K_refine=4)
[gen] step 180/416  (K_refine=4)
[gen] step 190/416  (K_refine=4)
[gen] step 200/416  (K_refine=4)
[gen] step 210/416  (K_refine=4)
[gen] step 220/416  (K_refine=4)
[gen] step 230/416  (K_refine=4)
[gen] step 240/416  (K_refine=4)
[gen] step 250/416  (K_refine=4)
[gen] step 260/416  (K_refine=4)
[gen] step 270/416  (K_refine=4)
[gen] step 280/416  (K_refine=4)
[gen] step 290/416  (K_refine=4)
[gen] step 300/416  (K_refine=4)
[gen] step 310/416  (K_refine=4)
[gen] step 320/416  (K_refine=4)
[gen] step 330/416  (K_refine=4)
[gen] step 340/416  (K_refine=4)
[gen] step 350/416  (K_refine=4)
[gen] step 360/416  (K_refine=4)
[gen] step 370/416  (K_refine=4)
[gen] step 380/416  (K_refine=4)
[gen] step 390/416  (K_refine=4)
[gen] step 400/416  (K_refine=4)
[gen] step 410/416  (K_refine=4)
    -> temp/E1_v5b/A3/496/co/sample_0_temp1.0.mid
[gen] A3_REFINE_STEPS=4 (env override)
[gen] A3_FINAL_TEMP=0.9 (env override)
[gen] A3_TOP_P=0.95 (nucleus sampling)
[gen] step 0/416  (K_refine=4)
[gen] step 10/416  (K_refine=4)
[gen] step 20/416  (K_refine=4)
[gen] step 30/416  (K_refine=4)
[gen] step 40/416  (K_refine=4)
[gen] step 50/416  (K_refine=4)
[gen] step 60/416  (K_refine=4)
[gen] step 70/416  (K_refine=4)
[gen] step 80/416  (K_refine=4)
[gen] step 90/416  (K_refine=4)
[gen] step 100/416  (K_refine=4)
[gen] step 110/416  (K_refine=4)
[gen] step 120/416  (K_refine=4)
[gen] step 130/416  (K_refine=4)
[gen] step 140/416  (K_refine=4)
[gen] step 150/416  (K_refine=4)
[gen] step 160/416  (K_refine=4)
[gen] step 170/416  (K_refine=4)
[gen] step 180/416  (K_refine=4)
[gen] step 190/416  (K_refine=4)
[gen] step 200/416  (K_refine=4)
[gen] step 210/416  (K_refine=4)
[gen] step 220/416  (K_refine=4)
[gen] step 230/416  (K_refine=4)
[gen] step 240/416  (K_refine=4)
[gen] step 250/416  (K_refine=4)
[gen] step 260/416  (K_refine=4)
[gen] step 270/416  (K_refine=4)
[gen] step 280/416  (K_refine=4)
[gen] step 290/416  (K_refine=4)
[gen] step 300/416  (K_refine=4)
[gen] step 310/416  (K_refine=4)
[gen] step 320/416  (K_refine=4)
[gen] step 330/416  (K_refine=4)
[gen] step 340/416  (K_refine=4)
[gen] step 350/416  (K_refine=4)
[gen] step 360/416  (K_refine=4)
[gen] step 370/416  (K_refine=4)
[gen] step 380/416  (K_refine=4)
[gen] step 390/416  (K_refine=4)
[gen] step 400/416  (K_refine=4)
[gen] step 410/416  (K_refine=4)
    -> temp/E1_v5b/A3/496/co/sample_1_temp1.0.mid
[gen] A3_REFINE_STEPS=4 (env override)
[gen] A3_FINAL_TEMP=0.9 (env override)
[gen] A3_TOP_P=0.95 (nucleus sampling)
[gen] step 0/416  (K_refine=4)
[gen] step 10/416  (K_refine=4)
[gen] step 20/416  (K_refine=4)
[gen] step 30/416  (K_refine=4)
[gen] step 40/416  (K_refine=4)
[gen] step 50/416  (K_refine=4)
[gen] step 60/416  (K_refine=4)
[gen] step 70/416  (K_refine=4)
[gen] step 80/416  (K_refine=4)
[gen] step 90/416  (K_refine=4)
[gen] step 100/416  (K_refine=4)
[gen] step 110/416  (K_refine=4)
[gen] step 120/416  (K_refine=4)
[gen] step 130/416  (K_refine=4)
[gen] step 140/416  (K_refine=4)
[gen] step 150/416  (K_refine=4)
[gen] step 160/416  (K_refine=4)
[gen] step 170/416  (K_refine=4)
[gen] step 180/416  (K_refine=4)
[gen] step 190/416  (K_refine=4)
[gen] step 200/416  (K_refine=4)
[gen] step 210/416  (K_refine=4)
[gen] step 220/416  (K_refine=4)
[gen] step 230/416  (K_refine=4)
[gen] step 240/416  (K_refine=4)
[gen] step 250/416  (K_refine=4)
[gen] step 260/416  (K_refine=4)
[gen] step 270/416  (K_refine=4)
[gen] step 280/416  (K_refine=4)
[gen] step 290/416  (K_refine=4)
[gen] step 300/416  (K_refine=4)
[gen] step 310/416  (K_refine=4)
[gen] step 320/416  (K_refine=4)
[gen] step 330/416  (K_refine=4)
[gen] step 340/416  (K_refine=4)
[gen] step 350/416  (K_refine=4)
[gen] step 360/416  (K_refine=4)
[gen] step 370/416  (K_refine=4)
[gen] step 380/416  (K_refine=4)
[gen] step 390/416  (K_refine=4)
[gen] step 400/416  (K_refine=4)
[gen] step 410/416  (K_refine=4)
    -> temp/E1_v5b/A3/496/co/sample_2_temp1.0.mid

[55/95] 506
  mode=co
[gen] A3_REFINE_STEPS=4 (env override)
[gen] A3_FINAL_TEMP=0.9 (env override)
[gen] A3_TOP_P=0.95 (nucleus sampling)
[gen] step 0/416  (K_refine=4)
[gen] step 10/416  (K_refine=4)
[gen] step 20/416  (K_refine=4)
[gen] step 30/416  (K_refine=4)
[gen] step 40/416  (K_refine=4)
[gen] step 50/416  (K_refine=4)
[gen] step 60/416  (K_refine=4)
[gen] step 70/416  (K_refine=4)
[gen] step 80/416  (K_refine=4)
[gen] step 90/416  (K_refine=4)
[gen] step 100/416  (K_refine=4)
[gen] step 110/416  (K_refine=4)
[gen] step 120/416  (K_refine=4)
[gen] step 130/416  (K_refine=4)
[gen] step 140/416  (K_refine=4)
[gen] step 150/416  (K_refine=4)
[gen] step 160/416  (K_refine=4)
[gen] step 170/416  (K_refine=4)
[gen] step 180/416  (K_refine=4)
[gen] step 190/416  (K_refine=4)
[gen] step 200/416  (K_refine=4)
[gen] step 210/416  (K_refine=4)
[gen] step 220/416  (K_refine=4)
[gen] step 230/416  (K_refine=4)
[gen] step 240/416  (K_refine=4)
[gen] step 250/416  (K_refine=4)
[gen] step 260/416  (K_refine=4)
[gen] step 270/416  (K_refine=4)
[gen] step 280/416  (K_refine=4)
[gen] step 290/416  (K_refine=4)
[gen] step 300/416  (K_refine=4)
[gen] step 310/416  (K_refine=4)
[gen] step 320/416  (K_refine=4)
[gen] step 330/416  (K_refine=4)
[gen] step 340/416  (K_refine=4)
[gen] step 350/416  (K_refine=4)
[gen] step 360/416  (K_refine=4)
[gen] step 370/416  (K_refine=4)
[gen] step 380/416  (K_refine=4)
[gen] step 390/416  (K_refine=4)
[gen] step 400/416  (K_refine=4)
[gen] step 410/416  (K_refine=4)
    -> temp/E1_v5b/A3/506/co/sample_0_temp1.0.mid
[gen] A3_REFINE_STEPS=4 (env override)
[gen] A3_FINAL_TEMP=0.9 (env override)
[gen] A3_TOP_P=0.95 (nucleus sampling)
[gen] step 0/416  (K_refine=4)
[gen] step 10/416  (K_refine=4)
[gen] step 20/416  (K_refine=4)
[gen] step 30/416  (K_refine=4)
[gen] step 40/416  (K_refine=4)
[gen] step 50/416  (K_refine=4)
[gen] step 60/416  (K_refine=4)
[gen] step 70/416  (K_refine=4)
[gen] step 80/416  (K_refine=4)
[gen] step 90/416  (K_refine=4)
[gen] step 100/416  (K_refine=4)
[gen] step 110/416  (K_refine=4)
[gen] step 120/416  (K_refine=4)
[gen] step 130/416  (K_refine=4)
[gen] step 140/416  (K_refine=4)
[gen] step 150/416  (K_refine=4)
[gen] step 160/416  (K_refine=4)
[gen] step 170/416  (K_refine=4)
[gen] step 180/416  (K_refine=4)
[gen] step 190/416  (K_refine=4)
[gen] step 200/416  (K_refine=4)
[gen] step 210/416  (K_refine=4)
[gen] step 220/416  (K_refine=4)
[gen] step 230/416  (K_refine=4)
[gen] step 240/416  (K_refine=4)
[gen] step 250/416  (K_refine=4)
[gen] step 260/416  (K_refine=4)
[gen] step 270/416  (K_refine=4)
[gen] step 280/416  (K_refine=4)
[gen] step 290/416  (K_refine=4)
[gen] step 300/416  (K_refine=4)
[gen] step 310/416  (K_refine=4)
[gen] step 320/416  (K_refine=4)
[gen] step 330/416  (K_refine=4)
[gen] step 340/416  (K_refine=4)
[gen] step 350/416  (K_refine=4)
[gen] step 360/416  (K_refine=4)
[gen] step 370/416  (K_refine=4)
[gen] step 380/416  (K_refine=4)
[gen] step 390/416  (K_refine=4)
[gen] step 400/416  (K_refine=4)
[gen] step 410/416  (K_refine=4)
    -> temp/E1_v5b/A3/506/co/sample_1_temp1.0.mid
[gen] A3_REFINE_STEPS=4 (env override)
[gen] A3_FINAL_TEMP=0.9 (env override)
[gen] A3_TOP_P=0.95 (nucleus sampling)
[gen] step 0/416  (K_refine=4)
[gen] step 10/416  (K_refine=4)
[gen] step 20/416  (K_refine=4)
[gen] step 30/416  (K_refine=4)
[gen] step 40/416  (K_refine=4)
[gen] step 50/416  (K_refine=4)
[gen] step 60/416  (K_refine=4)
[gen] step 70/416  (K_refine=4)
[gen] step 80/416  (K_refine=4)
[gen] step 90/416  (K_refine=4)
[gen] step 100/416  (K_refine=4)
[gen] step 110/416  (K_refine=4)
[gen] step 120/416  (K_refine=4)
[gen] step 130/416  (K_refine=4)
[gen] step 140/416  (K_refine=4)
[gen] step 150/416  (K_refine=4)
[gen] step 160/416  (K_refine=4)
[gen] step 170/416  (K_refine=4)
[gen] step 180/416  (K_refine=4)
[gen] step 190/416  (K_refine=4)
[gen] step 200/416  (K_refine=4)
[gen] step 210/416  (K_refine=4)
[gen] step 220/416  (K_refine=4)
[gen] step 230/416  (K_refine=4)
[gen] step 240/416  (K_refine=4)
[gen] step 250/416  (K_refine=4)
[gen] step 260/416  (K_refine=4)
[gen] step 270/416  (K_refine=4)
[gen] step 280/416  (K_refine=4)
[gen] step 290/416  (K_refine=4)
[gen] step 300/416  (K_refine=4)
[gen] step 310/416  (K_refine=4)
[gen] step 320/416  (K_refine=4)
[gen] step 330/416  (K_refine=4)
[gen] step 340/416  (K_refine=4)
[gen] step 350/416  (K_refine=4)
[gen] step 360/416  (K_refine=4)
[gen] step 370/416  (K_refine=4)
[gen] step 380/416  (K_refine=4)
[gen] step 390/416  (K_refine=4)
[gen] step 400/416  (K_refine=4)
[gen] step 410/416  (K_refine=4)
    -> temp/E1_v5b/A3/506/co/sample_2_temp1.0.mid

[56/95] 516
  mode=co
[gen] A3_REFINE_STEPS=4 (env override)
[gen] A3_FINAL_TEMP=0.9 (env override)
[gen] A3_TOP_P=0.95 (nucleus sampling)
[gen] step 0/416  (K_refine=4)
[gen] step 10/416  (K_refine=4)
[gen] step 20/416  (K_refine=4)
[gen] step 30/416  (K_refine=4)
[gen] step 40/416  (K_refine=4)
[gen] step 50/416  (K_refine=4)
[gen] step 60/416  (K_refine=4)
[gen] step 70/416  (K_refine=4)
[gen] step 80/416  (K_refine=4)
[gen] step 90/416  (K_refine=4)
[gen] step 100/416  (K_refine=4)
[gen] step 110/416  (K_refine=4)
[gen] step 120/416  (K_refine=4)
[gen] step 130/416  (K_refine=4)
[gen] step 140/416  (K_refine=4)
[gen] step 150/416  (K_refine=4)
[gen] step 160/416  (K_refine=4)
[gen] step 170/416  (K_refine=4)
[gen] step 180/416  (K_refine=4)
[gen] step 190/416  (K_refine=4)
[gen] step 200/416  (K_refine=4)
[gen] step 210/416  (K_refine=4)
[gen] step 220/416  (K_refine=4)
[gen] step 230/416  (K_refine=4)
[gen] step 240/416  (K_refine=4)
[gen] step 250/416  (K_refine=4)
[gen] step 260/416  (K_refine=4)
[gen] step 270/416  (K_refine=4)
[gen] step 280/416  (K_refine=4)
[gen] step 290/416  (K_refine=4)
[gen] step 300/416  (K_refine=4)
[gen] step 310/416  (K_refine=4)
[gen] step 320/416  (K_refine=4)
[gen] step 330/416  (K_refine=4)
[gen] step 340/416  (K_refine=4)
[gen] step 350/416  (K_refine=4)
[gen] step 360/416  (K_refine=4)
[gen] step 370/416  (K_refine=4)
[gen] step 380/416  (K_refine=4)
[gen] step 390/416  (K_refine=4)
[gen] step 400/416  (K_refine=4)
[gen] step 410/416  (K_refine=4)
    -> temp/E1_v5b/A3/516/co/sample_0_temp1.0.mid
[gen] A3_REFINE_STEPS=4 (env override)
[gen] A3_FINAL_TEMP=0.9 (env override)
[gen] A3_TOP_P=0.95 (nucleus sampling)
[gen] step 0/416  (K_refine=4)
[gen] step 10/416  (K_refine=4)
[gen] step 20/416  (K_refine=4)
[gen] step 30/416  (K_refine=4)
[gen] step 40/416  (K_refine=4)
[gen] step 50/416  (K_refine=4)
[gen] step 60/416  (K_refine=4)
[gen] step 70/416  (K_refine=4)
[gen] step 80/416  (K_refine=4)
[gen] step 90/416  (K_refine=4)
[gen] step 100/416  (K_refine=4)
[gen] step 110/416  (K_refine=4)
[gen] step 120/416  (K_refine=4)
[gen] step 130/416  (K_refine=4)
[gen] step 140/416  (K_refine=4)
[gen] step 150/416  (K_refine=4)
[gen] step 160/416  (K_refine=4)
[gen] step 170/416  (K_refine=4)
[gen] step 180/416  (K_refine=4)
[gen] step 190/416  (K_refine=4)
[gen] step 200/416  (K_refine=4)
[gen] step 210/416  (K_refine=4)
[gen] step 220/416  (K_refine=4)
[gen] step 230/416  (K_refine=4)
[gen] step 240/416  (K_refine=4)
[gen] step 250/416  (K_refine=4)
[gen] step 260/416  (K_refine=4)
[gen] step 270/416  (K_refine=4)
[gen] step 280/416  (K_refine=4)
[gen] step 290/416  (K_refine=4)
[gen] step 300/416  (K_refine=4)
[gen] step 310/416  (K_refine=4)
[gen] step 320/416  (K_refine=4)
[gen] step 330/416  (K_refine=4)
[gen] step 340/416  (K_refine=4)
[gen] step 350/416  (K_refine=4)
[gen] step 360/416  (K_refine=4)
[gen] step 370/416  (K_refine=4)
[gen] step 380/416  (K_refine=4)
[gen] step 390/416  (K_refine=4)
[gen] step 400/416  (K_refine=4)
[gen] step 410/416  (K_refine=4)
    -> temp/E1_v5b/A3/516/co/sample_1_temp1.0.mid
[gen] A3_REFINE_STEPS=4 (env override)
[gen] A3_FINAL_TEMP=0.9 (env override)
[gen] A3_TOP_P=0.95 (nucleus sampling)
[gen] step 0/416  (K_refine=4)
[gen] step 10/416  (K_refine=4)
[gen] step 20/416  (K_refine=4)
[gen] step 30/416  (K_refine=4)
[gen] step 40/416  (K_refine=4)
[gen] step 50/416  (K_refine=4)
[gen] step 60/416  (K_refine=4)
[gen] step 70/416  (K_refine=4)
[gen] step 80/416  (K_refine=4)
[gen] step 90/416  (K_refine=4)
[gen] step 100/416  (K_refine=4)
[gen] step 110/416  (K_refine=4)
[gen] step 120/416  (K_refine=4)
[gen] step 130/416  (K_refine=4)
[gen] step 140/416  (K_refine=4)
[gen] step 150/416  (K_refine=4)
[gen] step 160/416  (K_refine=4)
[gen] step 170/416  (K_refine=4)
[gen] step 180/416  (K_refine=4)
[gen] step 190/416  (K_refine=4)
[gen] step 200/416  (K_refine=4)
[gen] step 210/416  (K_refine=4)
[gen] step 220/416  (K_refine=4)
[gen] step 230/416  (K_refine=4)
[gen] step 240/416  (K_refine=4)
[gen] step 250/416  (K_refine=4)
[gen] step 260/416  (K_refine=4)
[gen] step 270/416  (K_refine=4)
[gen] step 280/416  (K_refine=4)
[gen] step 290/416  (K_refine=4)
[gen] step 300/416  (K_refine=4)
[gen] step 310/416  (K_refine=4)
[gen] step 320/416  (K_refine=4)
[gen] step 330/416  (K_refine=4)
[gen] step 340/416  (K_refine=4)
[gen] step 350/416  (K_refine=4)
[gen] step 360/416  (K_refine=4)
[gen] step 370/416  (K_refine=4)
[gen] step 380/416  (K_refine=4)
[gen] step 390/416  (K_refine=4)
[gen] step 400/416  (K_refine=4)
[gen] step 410/416  (K_refine=4)
    -> temp/E1_v5b/A3/516/co/sample_2_temp1.0.mid

[57/95] 526
  mode=co
[gen] A3_REFINE_STEPS=4 (env override)
[gen] A3_FINAL_TEMP=0.9 (env override)
[gen] A3_TOP_P=0.95 (nucleus sampling)
[gen] step 0/416  (K_refine=4)
[gen] step 10/416  (K_refine=4)
[gen] step 20/416  (K_refine=4)
[gen] step 30/416  (K_refine=4)
[gen] step 40/416  (K_refine=4)
[gen] step 50/416  (K_refine=4)
[gen] step 60/416  (K_refine=4)
[gen] step 70/416  (K_refine=4)
[gen] step 80/416  (K_refine=4)
[gen] step 90/416  (K_refine=4)
[gen] step 100/416  (K_refine=4)
[gen] step 110/416  (K_refine=4)
[gen] step 120/416  (K_refine=4)
[gen] step 130/416  (K_refine=4)
[gen] step 140/416  (K_refine=4)
[gen] step 150/416  (K_refine=4)
[gen] step 160/416  (K_refine=4)
[gen] step 170/416  (K_refine=4)
[gen] step 180/416  (K_refine=4)
[gen] step 190/416  (K_refine=4)
[gen] step 200/416  (K_refine=4)
[gen] step 210/416  (K_refine=4)
[gen] step 220/416  (K_refine=4)
[gen] step 230/416  (K_refine=4)
[gen] step 240/416  (K_refine=4)
[gen] step 250/416  (K_refine=4)
[gen] step 260/416  (K_refine=4)
[gen] step 270/416  (K_refine=4)
[gen] step 280/416  (K_refine=4)
[gen] step 290/416  (K_refine=4)
[gen] step 300/416  (K_refine=4)
[gen] step 310/416  (K_refine=4)
[gen] step 320/416  (K_refine=4)
[gen] step 330/416  (K_refine=4)
[gen] step 340/416  (K_refine=4)
[gen] step 350/416  (K_refine=4)
[gen] step 360/416  (K_refine=4)
[gen] step 370/416  (K_refine=4)
[gen] step 380/416  (K_refine=4)
[gen] step 390/416  (K_refine=4)
[gen] step 400/416  (K_refine=4)
[gen] step 410/416  (K_refine=4)
    -> temp/E1_v5b/A3/526/co/sample_0_temp1.0.mid
[gen] A3_REFINE_STEPS=4 (env override)
[gen] A3_FINAL_TEMP=0.9 (env override)
[gen] A3_TOP_P=0.95 (nucleus sampling)
[gen] step 0/416  (K_refine=4)
[gen] step 10/416  (K_refine=4)
[gen] step 20/416  (K_refine=4)
[gen] step 30/416  (K_refine=4)
[gen] step 40/416  (K_refine=4)
[gen] step 50/416  (K_refine=4)
[gen] step 60/416  (K_refine=4)
[gen] step 70/416  (K_refine=4)
[gen] step 80/416  (K_refine=4)
[gen] step 90/416  (K_refine=4)
[gen] step 100/416  (K_refine=4)
[gen] step 110/416  (K_refine=4)
[gen] step 120/416  (K_refine=4)
[gen] step 130/416  (K_refine=4)
[gen] step 140/416  (K_refine=4)
[gen] step 150/416  (K_refine=4)
[gen] step 160/416  (K_refine=4)
[gen] step 170/416  (K_refine=4)
[gen] step 180/416  (K_refine=4)
[gen] step 190/416  (K_refine=4)
[gen] step 200/416  (K_refine=4)
[gen] step 210/416  (K_refine=4)
[gen] step 220/416  (K_refine=4)
[gen] step 230/416  (K_refine=4)
[gen] step 240/416  (K_refine=4)
[gen] step 250/416  (K_refine=4)
[gen] step 260/416  (K_refine=4)
[gen] step 270/416  (K_refine=4)
[gen] step 280/416  (K_refine=4)
[gen] step 290/416  (K_refine=4)
[gen] step 300/416  (K_refine=4)
[gen] step 310/416  (K_refine=4)
[gen] step 320/416  (K_refine=4)
[gen] step 330/416  (K_refine=4)
[gen] step 340/416  (K_refine=4)
[gen] step 350/416  (K_refine=4)
[gen] step 360/416  (K_refine=4)
[gen] step 370/416  (K_refine=4)
[gen] step 380/416  (K_refine=4)
[gen] step 390/416  (K_refine=4)
[gen] step 400/416  (K_refine=4)
[gen] step 410/416  (K_refine=4)
    -> temp/E1_v5b/A3/526/co/sample_1_temp1.0.mid
[gen] A3_REFINE_STEPS=4 (env override)
[gen] A3_FINAL_TEMP=0.9 (env override)
[gen] A3_TOP_P=0.95 (nucleus sampling)
[gen] step 0/416  (K_refine=4)
[gen] step 10/416  (K_refine=4)
[gen] step 20/416  (K_refine=4)
[gen] step 30/416  (K_refine=4)
[gen] step 40/416  (K_refine=4)
[gen] step 50/416  (K_refine=4)
[gen] step 60/416  (K_refine=4)
[gen] step 70/416  (K_refine=4)
[gen] step 80/416  (K_refine=4)
[gen] step 90/416  (K_refine=4)
[gen] step 100/416  (K_refine=4)
[gen] step 110/416  (K_refine=4)
[gen] step 120/416  (K_refine=4)
[gen] step 130/416  (K_refine=4)
[gen] step 140/416  (K_refine=4)
[gen] step 150/416  (K_refine=4)
[gen] step 160/416  (K_refine=4)
[gen] step 170/416  (K_refine=4)
[gen] step 180/416  (K_refine=4)
[gen] step 190/416  (K_refine=4)
[gen] step 200/416  (K_refine=4)
[gen] step 210/416  (K_refine=4)
[gen] step 220/416  (K_refine=4)
[gen] step 230/416  (K_refine=4)
[gen] step 240/416  (K_refine=4)
[gen] step 250/416  (K_refine=4)
[gen] step 260/416  (K_refine=4)
[gen] step 270/416  (K_refine=4)
[gen] step 280/416  (K_refine=4)
[gen] step 290/416  (K_refine=4)
[gen] step 300/416  (K_refine=4)
[gen] step 310/416  (K_refine=4)
[gen] step 320/416  (K_refine=4)
[gen] step 330/416  (K_refine=4)
[gen] step 340/416  (K_refine=4)
[gen] step 350/416  (K_refine=4)
[gen] step 360/416  (K_refine=4)
[gen] step 370/416  (K_refine=4)
[gen] step 380/416  (K_refine=4)
[gen] step 390/416  (K_refine=4)
[gen] step 400/416  (K_refine=4)
[gen] step 410/416  (K_refine=4)
    -> temp/E1_v5b/A3/526/co/sample_2_temp1.0.mid

[58/95] 536
  mode=co
[gen] A3_REFINE_STEPS=4 (env override)
[gen] A3_FINAL_TEMP=0.9 (env override)
[gen] A3_TOP_P=0.95 (nucleus sampling)
[gen] step 0/416  (K_refine=4)
[gen] step 10/416  (K_refine=4)
[gen] step 20/416  (K_refine=4)
[gen] step 30/416  (K_refine=4)
[gen] step 40/416  (K_refine=4)
[gen] step 50/416  (K_refine=4)
[gen] step 60/416  (K_refine=4)
[gen] step 70/416  (K_refine=4)
[gen] step 80/416  (K_refine=4)
[gen] step 90/416  (K_refine=4)
[gen] step 100/416  (K_refine=4)
[gen] step 110/416  (K_refine=4)
[gen] step 120/416  (K_refine=4)
[gen] step 130/416  (K_refine=4)
[gen] step 140/416  (K_refine=4)
[gen] step 150/416  (K_refine=4)
[gen] step 160/416  (K_refine=4)
[gen] step 170/416  (K_refine=4)
[gen] step 180/416  (K_refine=4)
[gen] step 190/416  (K_refine=4)
[gen] step 200/416  (K_refine=4)
[gen] step 210/416  (K_refine=4)
[gen] step 220/416  (K_refine=4)
[gen] step 230/416  (K_refine=4)
[gen] step 240/416  (K_refine=4)
[gen] step 250/416  (K_refine=4)
[gen] step 260/416  (K_refine=4)
[gen] step 270/416  (K_refine=4)
[gen] step 280/416  (K_refine=4)
[gen] step 290/416  (K_refine=4)
[gen] step 300/416  (K_refine=4)
[gen] step 310/416  (K_refine=4)
[gen] step 320/416  (K_refine=4)
[gen] step 330/416  (K_refine=4)
[gen] step 340/416  (K_refine=4)
[gen] step 350/416  (K_refine=4)
[gen] step 360/416  (K_refine=4)
[gen] step 370/416  (K_refine=4)
[gen] step 380/416  (K_refine=4)
[gen] step 390/416  (K_refine=4)
[gen] step 400/416  (K_refine=4)
[gen] step 410/416  (K_refine=4)
    -> temp/E1_v5b/A3/536/co/sample_0_temp1.0.mid
[gen] A3_REFINE_STEPS=4 (env override)
[gen] A3_FINAL_TEMP=0.9 (env override)
[gen] A3_TOP_P=0.95 (nucleus sampling)
[gen] step 0/416  (K_refine=4)
[gen] step 10/416  (K_refine=4)
[gen] step 20/416  (K_refine=4)
[gen] step 30/416  (K_refine=4)
[gen] step 40/416  (K_refine=4)
[gen] step 50/416  (K_refine=4)
[gen] step 60/416  (K_refine=4)
[gen] step 70/416  (K_refine=4)
[gen] step 80/416  (K_refine=4)
[gen] step 90/416  (K_refine=4)
[gen] step 100/416  (K_refine=4)
[gen] step 110/416  (K_refine=4)
[gen] step 120/416  (K_refine=4)
[gen] step 130/416  (K_refine=4)
[gen] step 140/416  (K_refine=4)
[gen] step 150/416  (K_refine=4)
[gen] step 160/416  (K_refine=4)
[gen] step 170/416  (K_refine=4)
[gen] step 180/416  (K_refine=4)
[gen] step 190/416  (K_refine=4)
[gen] step 200/416  (K_refine=4)
[gen] step 210/416  (K_refine=4)
[gen] step 220/416  (K_refine=4)
[gen] step 230/416  (K_refine=4)
[gen] step 240/416  (K_refine=4)
[gen] step 250/416  (K_refine=4)
[gen] step 260/416  (K_refine=4)
[gen] step 270/416  (K_refine=4)
[gen] step 280/416  (K_refine=4)
[gen] step 290/416  (K_refine=4)
[gen] step 300/416  (K_refine=4)
[gen] step 310/416  (K_refine=4)
[gen] step 320/416  (K_refine=4)
[gen] step 330/416  (K_refine=4)
[gen] step 340/416  (K_refine=4)
[gen] step 350/416  (K_refine=4)
[gen] step 360/416  (K_refine=4)
[gen] step 370/416  (K_refine=4)
[gen] step 380/416  (K_refine=4)
[gen] step 390/416  (K_refine=4)
[gen] step 400/416  (K_refine=4)
[gen] step 410/416  (K_refine=4)
    -> temp/E1_v5b/A3/536/co/sample_1_temp1.0.mid
[gen] A3_REFINE_STEPS=4 (env override)
[gen] A3_FINAL_TEMP=0.9 (env override)
[gen] A3_TOP_P=0.95 (nucleus sampling)
[gen] step 0/416  (K_refine=4)
[gen] step 10/416  (K_refine=4)
[gen] step 20/416  (K_refine=4)
[gen] step 30/416  (K_refine=4)
[gen] step 40/416  (K_refine=4)
[gen] step 50/416  (K_refine=4)
[gen] step 60/416  (K_refine=4)
[gen] step 70/416  (K_refine=4)
[gen] step 80/416  (K_refine=4)
[gen] step 90/416  (K_refine=4)
[gen] step 100/416  (K_refine=4)
[gen] step 110/416  (K_refine=4)
[gen] step 120/416  (K_refine=4)
[gen] step 130/416  (K_refine=4)
[gen] step 140/416  (K_refine=4)
[gen] step 150/416  (K_refine=4)
[gen] step 160/416  (K_refine=4)
[gen] step 170/416  (K_refine=4)
[gen] step 180/416  (K_refine=4)
[gen] step 190/416  (K_refine=4)
[gen] step 200/416  (K_refine=4)
[gen] step 210/416  (K_refine=4)
[gen] step 220/416  (K_refine=4)
[gen] step 230/416  (K_refine=4)
[gen] step 240/416  (K_refine=4)
[gen] step 250/416  (K_refine=4)
[gen] step 260/416  (K_refine=4)
[gen] step 270/416  (K_refine=4)
[gen] step 280/416  (K_refine=4)
[gen] step 290/416  (K_refine=4)
[gen] step 300/416  (K_refine=4)
[gen] step 310/416  (K_refine=4)
[gen] step 320/416  (K_refine=4)
[gen] step 330/416  (K_refine=4)
[gen] step 340/416  (K_refine=4)
[gen] step 350/416  (K_refine=4)
[gen] step 360/416  (K_refine=4)
[gen] step 370/416  (K_refine=4)
[gen] step 380/416  (K_refine=4)
[gen] step 390/416  (K_refine=4)
[gen] step 400/416  (K_refine=4)
[gen] step 410/416  (K_refine=4)
    -> temp/E1_v5b/A3/536/co/sample_2_temp1.0.mid

[59/95] 546
  mode=co
[gen] A3_REFINE_STEPS=4 (env override)
[gen] A3_FINAL_TEMP=0.9 (env override)
[gen] A3_TOP_P=0.95 (nucleus sampling)
[gen] step 0/416  (K_refine=4)
[gen] step 10/416  (K_refine=4)
[gen] step 20/416  (K_refine=4)
[gen] step 30/416  (K_refine=4)
[gen] step 40/416  (K_refine=4)
[gen] step 50/416  (K_refine=4)
[gen] step 60/416  (K_refine=4)
[gen] step 70/416  (K_refine=4)
[gen] step 80/416  (K_refine=4)
[gen] step 90/416  (K_refine=4)
[gen] step 100/416  (K_refine=4)
[gen] step 110/416  (K_refine=4)
[gen] step 120/416  (K_refine=4)
[gen] step 130/416  (K_refine=4)
[gen] step 140/416  (K_refine=4)
[gen] step 150/416  (K_refine=4)
[gen] step 160/416  (K_refine=4)
[gen] step 170/416  (K_refine=4)
[gen] step 180/416  (K_refine=4)
[gen] step 190/416  (K_refine=4)
[gen] step 200/416  (K_refine=4)
[gen] step 210/416  (K_refine=4)
[gen] step 220/416  (K_refine=4)
[gen] step 230/416  (K_refine=4)
[gen] step 240/416  (K_refine=4)
[gen] step 250/416  (K_refine=4)
[gen] step 260/416  (K_refine=4)
[gen] step 270/416  (K_refine=4)
[gen] step 280/416  (K_refine=4)
[gen] step 290/416  (K_refine=4)
[gen] step 300/416  (K_refine=4)
[gen] step 310/416  (K_refine=4)
[gen] step 320/416  (K_refine=4)
[gen] step 330/416  (K_refine=4)
[gen] step 340/416  (K_refine=4)
[gen] step 350/416  (K_refine=4)
[gen] step 360/416  (K_refine=4)
[gen] step 370/416  (K_refine=4)
[gen] step 380/416  (K_refine=4)
[gen] step 390/416  (K_refine=4)
[gen] step 400/416  (K_refine=4)
[gen] step 410/416  (K_refine=4)
    -> temp/E1_v5b/A3/546/co/sample_0_temp1.0.mid
[gen] A3_REFINE_STEPS=4 (env override)
[gen] A3_FINAL_TEMP=0.9 (env override)
[gen] A3_TOP_P=0.95 (nucleus sampling)
[gen] step 0/416  (K_refine=4)
[gen] step 10/416  (K_refine=4)
[gen] step 20/416  (K_refine=4)
[gen] step 30/416  (K_refine=4)
[gen] step 40/416  (K_refine=4)
[gen] step 50/416  (K_refine=4)
[gen] step 60/416  (K_refine=4)
[gen] step 70/416  (K_refine=4)
[gen] step 80/416  (K_refine=4)
[gen] step 90/416  (K_refine=4)
[gen] step 100/416  (K_refine=4)
[gen] step 110/416  (K_refine=4)
[gen] step 120/416  (K_refine=4)
[gen] step 130/416  (K_refine=4)
[gen] step 140/416  (K_refine=4)
[gen] step 150/416  (K_refine=4)
[gen] step 160/416  (K_refine=4)
[gen] step 170/416  (K_refine=4)
[gen] step 180/416  (K_refine=4)
[gen] step 190/416  (K_refine=4)
[gen] step 200/416  (K_refine=4)
[gen] step 210/416  (K_refine=4)
[gen] step 220/416  (K_refine=4)
[gen] step 230/416  (K_refine=4)
[gen] step 240/416  (K_refine=4)
[gen] step 250/416  (K_refine=4)
[gen] step 260/416  (K_refine=4)
[gen] step 270/416  (K_refine=4)
[gen] step 280/416  (K_refine=4)
[gen] step 290/416  (K_refine=4)
[gen] step 300/416  (K_refine=4)
[gen] step 310/416  (K_refine=4)
[gen] step 320/416  (K_refine=4)
[gen] step 330/416  (K_refine=4)
[gen] step 340/416  (K_refine=4)
[gen] step 350/416  (K_refine=4)
[gen] step 360/416  (K_refine=4)
[gen] step 370/416  (K_refine=4)
[gen] step 380/416  (K_refine=4)
[gen] step 390/416  (K_refine=4)
[gen] step 400/416  (K_refine=4)
[gen] step 410/416  (K_refine=4)
    -> temp/E1_v5b/A3/546/co/sample_1_temp1.0.mid
[gen] A3_REFINE_STEPS=4 (env override)
[gen] A3_FINAL_TEMP=0.9 (env override)
[gen] A3_TOP_P=0.95 (nucleus sampling)
[gen] step 0/416  (K_refine=4)
[gen] step 10/416  (K_refine=4)
[gen] step 20/416  (K_refine=4)
[gen] step 30/416  (K_refine=4)
[gen] step 40/416  (K_refine=4)
[gen] step 50/416  (K_refine=4)
[gen] step 60/416  (K_refine=4)
[gen] step 70/416  (K_refine=4)
[gen] step 80/416  (K_refine=4)
[gen] step 90/416  (K_refine=4)
[gen] step 100/416  (K_refine=4)
[gen] step 110/416  (K_refine=4)
[gen] step 120/416  (K_refine=4)
[gen] step 130/416  (K_refine=4)
[gen] step 140/416  (K_refine=4)
[gen] step 150/416  (K_refine=4)
[gen] step 160/416  (K_refine=4)
[gen] step 170/416  (K_refine=4)
[gen] step 180/416  (K_refine=4)
[gen] step 190/416  (K_refine=4)
[gen] step 200/416  (K_refine=4)
[gen] step 210/416  (K_refine=4)
[gen] step 220/416  (K_refine=4)
[gen] step 230/416  (K_refine=4)
[gen] step 240/416  (K_refine=4)
[gen] step 250/416  (K_refine=4)
[gen] step 260/416  (K_refine=4)
[gen] step 270/416  (K_refine=4)
[gen] step 280/416  (K_refine=4)
[gen] step 290/416  (K_refine=4)
[gen] step 300/416  (K_refine=4)
[gen] step 310/416  (K_refine=4)
[gen] step 320/416  (K_refine=4)
[gen] step 330/416  (K_refine=4)
[gen] step 340/416  (K_refine=4)
[gen] step 350/416  (K_refine=4)
[gen] step 360/416  (K_refine=4)
[gen] step 370/416  (K_refine=4)
[gen] step 380/416  (K_refine=4)
[gen] step 390/416  (K_refine=4)
[gen] step 400/416  (K_refine=4)
[gen] step 410/416  (K_refine=4)
    -> temp/E1_v5b/A3/546/co/sample_2_temp1.0.mid

[60/95] 556
  mode=co
[gen] A3_REFINE_STEPS=4 (env override)
[gen] A3_FINAL_TEMP=0.9 (env override)
[gen] A3_TOP_P=0.95 (nucleus sampling)
[gen] step 0/416  (K_refine=4)
[gen] step 10/416  (K_refine=4)
[gen] step 20/416  (K_refine=4)
[gen] step 30/416  (K_refine=4)
[gen] step 40/416  (K_refine=4)
[gen] step 50/416  (K_refine=4)
[gen] step 60/416  (K_refine=4)
[gen] step 70/416  (K_refine=4)
[gen] step 80/416  (K_refine=4)
[gen] step 90/416  (K_refine=4)
[gen] step 100/416  (K_refine=4)
[gen] step 110/416  (K_refine=4)
[gen] step 120/416  (K_refine=4)
[gen] step 130/416  (K_refine=4)
[gen] step 140/416  (K_refine=4)
[gen] step 150/416  (K_refine=4)
[gen] step 160/416  (K_refine=4)
[gen] step 170/416  (K_refine=4)
[gen] step 180/416  (K_refine=4)
[gen] step 190/416  (K_refine=4)
[gen] step 200/416  (K_refine=4)
[gen] step 210/416  (K_refine=4)
[gen] step 220/416  (K_refine=4)
[gen] step 230/416  (K_refine=4)
[gen] step 240/416  (K_refine=4)
[gen] step 250/416  (K_refine=4)
[gen] step 260/416  (K_refine=4)
[gen] step 270/416  (K_refine=4)
[gen] step 280/416  (K_refine=4)
[gen] step 290/416  (K_refine=4)
[gen] step 300/416  (K_refine=4)
[gen] step 310/416  (K_refine=4)
[gen] step 320/416  (K_refine=4)
[gen] step 330/416  (K_refine=4)
[gen] step 340/416  (K_refine=4)
[gen] step 350/416  (K_refine=4)
[gen] step 360/416  (K_refine=4)
[gen] step 370/416  (K_refine=4)
[gen] step 380/416  (K_refine=4)
[gen] step 390/416  (K_refine=4)
[gen] step 400/416  (K_refine=4)
[gen] step 410/416  (K_refine=4)
    -> temp/E1_v5b/A3/556/co/sample_0_temp1.0.mid
[gen] A3_REFINE_STEPS=4 (env override)
[gen] A3_FINAL_TEMP=0.9 (env override)
[gen] A3_TOP_P=0.95 (nucleus sampling)
[gen] step 0/416  (K_refine=4)
[gen] step 10/416  (K_refine=4)
[gen] step 20/416  (K_refine=4)
[gen] step 30/416  (K_refine=4)
[gen] step 40/416  (K_refine=4)
[gen] step 50/416  (K_refine=4)
[gen] step 60/416  (K_refine=4)
[gen] step 70/416  (K_refine=4)
[gen] step 80/416  (K_refine=4)
[gen] step 90/416  (K_refine=4)
[gen] step 100/416  (K_refine=4)
[gen] step 110/416  (K_refine=4)
[gen] step 120/416  (K_refine=4)
[gen] step 130/416  (K_refine=4)
[gen] step 140/416  (K_refine=4)
[gen] step 150/416  (K_refine=4)
[gen] step 160/416  (K_refine=4)
[gen] step 170/416  (K_refine=4)
[gen] step 180/416  (K_refine=4)
[gen] step 190/416  (K_refine=4)
[gen] step 200/416  (K_refine=4)
[gen] step 210/416  (K_refine=4)
[gen] step 220/416  (K_refine=4)
[gen] step 230/416  (K_refine=4)
[gen] step 240/416  (K_refine=4)
[gen] step 250/416  (K_refine=4)
[gen] step 260/416  (K_refine=4)
[gen] step 270/416  (K_refine=4)
[gen] step 280/416  (K_refine=4)
[gen] step 290/416  (K_refine=4)
[gen] step 300/416  (K_refine=4)
[gen] step 310/416  (K_refine=4)
[gen] step 320/416  (K_refine=4)
[gen] step 330/416  (K_refine=4)
[gen] step 340/416  (K_refine=4)
[gen] step 350/416  (K_refine=4)
[gen] step 360/416  (K_refine=4)
[gen] step 370/416  (K_refine=4)
[gen] step 380/416  (K_refine=4)
[gen] step 390/416  (K_refine=4)
[gen] step 400/416  (K_refine=4)
[gen] step 410/416  (K_refine=4)
    -> temp/E1_v5b/A3/556/co/sample_1_temp1.0.mid
[gen] A3_REFINE_STEPS=4 (env override)
[gen] A3_FINAL_TEMP=0.9 (env override)
[gen] A3_TOP_P=0.95 (nucleus sampling)
[gen] step 0/416  (K_refine=4)
[gen] step 10/416  (K_refine=4)
[gen] step 20/416  (K_refine=4)
[gen] step 30/416  (K_refine=4)
[gen] step 40/416  (K_refine=4)
[gen] step 50/416  (K_refine=4)
[gen] step 60/416  (K_refine=4)
[gen] step 70/416  (K_refine=4)
[gen] step 80/416  (K_refine=4)
[gen] step 90/416  (K_refine=4)
[gen] step 100/416  (K_refine=4)
[gen] step 110/416  (K_refine=4)
[gen] step 120/416  (K_refine=4)
[gen] step 130/416  (K_refine=4)
[gen] step 140/416  (K_refine=4)
[gen] step 150/416  (K_refine=4)
[gen] step 160/416  (K_refine=4)
[gen] step 170/416  (K_refine=4)
[gen] step 180/416  (K_refine=4)
[gen] step 190/416  (K_refine=4)
[gen] step 200/416  (K_refine=4)
[gen] step 210/416  (K_refine=4)
[gen] step 220/416  (K_refine=4)
[gen] step 230/416  (K_refine=4)
[gen] step 240/416  (K_refine=4)
[gen] step 250/416  (K_refine=4)
[gen] step 260/416  (K_refine=4)
[gen] step 270/416  (K_refine=4)
[gen] step 280/416  (K_refine=4)
[gen] step 290/416  (K_refine=4)
[gen] step 300/416  (K_refine=4)
[gen] step 310/416  (K_refine=4)
[gen] step 320/416  (K_refine=4)
[gen] step 330/416  (K_refine=4)
[gen] step 340/416  (K_refine=4)
[gen] step 350/416  (K_refine=4)
[gen] step 360/416  (K_refine=4)
[gen] step 370/416  (K_refine=4)
[gen] step 380/416  (K_refine=4)
[gen] step 390/416  (K_refine=4)
[gen] step 400/416  (K_refine=4)
[gen] step 410/416  (K_refine=4)
    -> temp/E1_v5b/A3/556/co/sample_2_temp1.0.mid

[61/95] 566
  mode=co
[gen] A3_REFINE_STEPS=4 (env override)
[gen] A3_FINAL_TEMP=0.9 (env override)
[gen] A3_TOP_P=0.95 (nucleus sampling)
[gen] step 0/416  (K_refine=4)
[gen] step 10/416  (K_refine=4)
[gen] step 20/416  (K_refine=4)
[gen] step 30/416  (K_refine=4)
[gen] step 40/416  (K_refine=4)
[gen] step 50/416  (K_refine=4)
[gen] step 60/416  (K_refine=4)
[gen] step 70/416  (K_refine=4)
[gen] step 80/416  (K_refine=4)
[gen] step 90/416  (K_refine=4)
[gen] step 100/416  (K_refine=4)
[gen] step 110/416  (K_refine=4)
[gen] step 120/416  (K_refine=4)
[gen] step 130/416  (K_refine=4)
[gen] step 140/416  (K_refine=4)
[gen] step 150/416  (K_refine=4)
[gen] step 160/416  (K_refine=4)
[gen] step 170/416  (K_refine=4)
[gen] step 180/416  (K_refine=4)
[gen] step 190/416  (K_refine=4)
[gen] step 200/416  (K_refine=4)
[gen] step 210/416  (K_refine=4)
[gen] step 220/416  (K_refine=4)
[gen] step 230/416  (K_refine=4)
[gen] step 240/416  (K_refine=4)
[gen] step 250/416  (K_refine=4)
[gen] step 260/416  (K_refine=4)
[gen] step 270/416  (K_refine=4)
[gen] step 280/416  (K_refine=4)
[gen] step 290/416  (K_refine=4)
[gen] step 300/416  (K_refine=4)
[gen] step 310/416  (K_refine=4)
[gen] step 320/416  (K_refine=4)
[gen] step 330/416  (K_refine=4)
[gen] step 340/416  (K_refine=4)
[gen] step 350/416  (K_refine=4)
[gen] step 360/416  (K_refine=4)
[gen] step 370/416  (K_refine=4)
[gen] step 380/416  (K_refine=4)
[gen] step 390/416  (K_refine=4)
[gen] step 400/416  (K_refine=4)
[gen] step 410/416  (K_refine=4)
    -> temp/E1_v5b/A3/566/co/sample_0_temp1.0.mid
[gen] A3_REFINE_STEPS=4 (env override)
[gen] A3_FINAL_TEMP=0.9 (env override)
[gen] A3_TOP_P=0.95 (nucleus sampling)
[gen] step 0/416  (K_refine=4)
[gen] step 10/416  (K_refine=4)
[gen] step 20/416  (K_refine=4)
[gen] step 30/416  (K_refine=4)
[gen] step 40/416  (K_refine=4)
[gen] step 50/416  (K_refine=4)
[gen] step 60/416  (K_refine=4)
[gen] step 70/416  (K_refine=4)
[gen] step 80/416  (K_refine=4)
[gen] step 90/416  (K_refine=4)
[gen] step 100/416  (K_refine=4)
[gen] step 110/416  (K_refine=4)
[gen] step 120/416  (K_refine=4)
[gen] step 130/416  (K_refine=4)
[gen] step 140/416  (K_refine=4)
[gen] step 150/416  (K_refine=4)
[gen] step 160/416  (K_refine=4)
[gen] step 170/416  (K_refine=4)
[gen] step 180/416  (K_refine=4)
[gen] step 190/416  (K_refine=4)
[gen] step 200/416  (K_refine=4)
[gen] step 210/416  (K_refine=4)
[gen] step 220/416  (K_refine=4)
[gen] step 230/416  (K_refine=4)
[gen] step 240/416  (K_refine=4)
[gen] step 250/416  (K_refine=4)
[gen] step 260/416  (K_refine=4)
[gen] step 270/416  (K_refine=4)
[gen] step 280/416  (K_refine=4)
[gen] step 290/416  (K_refine=4)
[gen] step 300/416  (K_refine=4)
[gen] step 310/416  (K_refine=4)
[gen] step 320/416  (K_refine=4)
[gen] step 330/416  (K_refine=4)
[gen] step 340/416  (K_refine=4)
[gen] step 350/416  (K_refine=4)
[gen] step 360/416  (K_refine=4)
[gen] step 370/416  (K_refine=4)
[gen] step 380/416  (K_refine=4)
[gen] step 390/416  (K_refine=4)
[gen] step 400/416  (K_refine=4)
[gen] step 410/416  (K_refine=4)
    -> temp/E1_v5b/A3/566/co/sample_1_temp1.0.mid
[gen] A3_REFINE_STEPS=4 (env override)
[gen] A3_FINAL_TEMP=0.9 (env override)
[gen] A3_TOP_P=0.95 (nucleus sampling)
[gen] step 0/416  (K_refine=4)
[gen] step 10/416  (K_refine=4)
[gen] step 20/416  (K_refine=4)
[gen] step 30/416  (K_refine=4)
[gen] step 40/416  (K_refine=4)
[gen] step 50/416  (K_refine=4)
[gen] step 60/416  (K_refine=4)
[gen] step 70/416  (K_refine=4)
[gen] step 80/416  (K_refine=4)
[gen] step 90/416  (K_refine=4)
[gen] step 100/416  (K_refine=4)
[gen] step 110/416  (K_refine=4)
[gen] step 120/416  (K_refine=4)
[gen] step 130/416  (K_refine=4)
[gen] step 140/416  (K_refine=4)
[gen] step 150/416  (K_refine=4)
[gen] step 160/416  (K_refine=4)
[gen] step 170/416  (K_refine=4)
[gen] step 180/416  (K_refine=4)
[gen] step 190/416  (K_refine=4)
[gen] step 200/416  (K_refine=4)
[gen] step 210/416  (K_refine=4)
[gen] step 220/416  (K_refine=4)
[gen] step 230/416  (K_refine=4)
[gen] step 240/416  (K_refine=4)
[gen] step 250/416  (K_refine=4)
[gen] step 260/416  (K_refine=4)
[gen] step 270/416  (K_refine=4)
[gen] step 280/416  (K_refine=4)
[gen] step 290/416  (K_refine=4)
[gen] step 300/416  (K_refine=4)
[gen] step 310/416  (K_refine=4)
[gen] step 320/416  (K_refine=4)
[gen] step 330/416  (K_refine=4)
[gen] step 340/416  (K_refine=4)
[gen] step 350/416  (K_refine=4)
[gen] step 360/416  (K_refine=4)
[gen] step 370/416  (K_refine=4)
[gen] step 380/416  (K_refine=4)
[gen] step 390/416  (K_refine=4)
[gen] step 400/416  (K_refine=4)
[gen] step 410/416  (K_refine=4)
    -> temp/E1_v5b/A3/566/co/sample_2_temp1.0.mid

[62/95] 576
  mode=co
[gen] A3_REFINE_STEPS=4 (env override)
[gen] A3_FINAL_TEMP=0.9 (env override)
[gen] A3_TOP_P=0.95 (nucleus sampling)
[gen] step 0/416  (K_refine=4)
[gen] step 10/416  (K_refine=4)
[gen] step 20/416  (K_refine=4)
[gen] step 30/416  (K_refine=4)
[gen] step 40/416  (K_refine=4)
[gen] step 50/416  (K_refine=4)
[gen] step 60/416  (K_refine=4)
[gen] step 70/416  (K_refine=4)
[gen] step 80/416  (K_refine=4)
[gen] step 90/416  (K_refine=4)
[gen] step 100/416  (K_refine=4)
[gen] step 110/416  (K_refine=4)
[gen] step 120/416  (K_refine=4)
[gen] step 130/416  (K_refine=4)
[gen] step 140/416  (K_refine=4)
[gen] step 150/416  (K_refine=4)
[gen] step 160/416  (K_refine=4)
[gen] step 170/416  (K_refine=4)
[gen] step 180/416  (K_refine=4)
[gen] step 190/416  (K_refine=4)
[gen] step 200/416  (K_refine=4)
[gen] step 210/416  (K_refine=4)
[gen] step 220/416  (K_refine=4)
[gen] step 230/416  (K_refine=4)
[gen] step 240/416  (K_refine=4)
[gen] step 250/416  (K_refine=4)
[gen] step 260/416  (K_refine=4)
[gen] step 270/416  (K_refine=4)
[gen] step 280/416  (K_refine=4)
[gen] step 290/416  (K_refine=4)
[gen] step 300/416  (K_refine=4)
[gen] step 310/416  (K_refine=4)
[gen] step 320/416  (K_refine=4)
[gen] step 330/416  (K_refine=4)
[gen] step 340/416  (K_refine=4)
[gen] step 350/416  (K_refine=4)
[gen] step 360/416  (K_refine=4)
[gen] step 370/416  (K_refine=4)
[gen] step 380/416  (K_refine=4)
[gen] step 390/416  (K_refine=4)
[gen] step 400/416  (K_refine=4)
[gen] step 410/416  (K_refine=4)
    -> temp/E1_v5b/A3/576/co/sample_0_temp1.0.mid
[gen] A3_REFINE_STEPS=4 (env override)
[gen] A3_FINAL_TEMP=0.9 (env override)
[gen] A3_TOP_P=0.95 (nucleus sampling)
[gen] step 0/416  (K_refine=4)
[gen] step 10/416  (K_refine=4)
[gen] step 20/416  (K_refine=4)
[gen] step 30/416  (K_refine=4)
[gen] step 40/416  (K_refine=4)
[gen] step 50/416  (K_refine=4)
[gen] step 60/416  (K_refine=4)
[gen] step 70/416  (K_refine=4)
[gen] step 80/416  (K_refine=4)
[gen] step 90/416  (K_refine=4)
[gen] step 100/416  (K_refine=4)
[gen] step 110/416  (K_refine=4)
[gen] step 120/416  (K_refine=4)
[gen] step 130/416  (K_refine=4)
[gen] step 140/416  (K_refine=4)
[gen] step 150/416  (K_refine=4)
[gen] step 160/416  (K_refine=4)
[gen] step 170/416  (K_refine=4)
[gen] step 180/416  (K_refine=4)
[gen] step 190/416  (K_refine=4)
[gen] step 200/416  (K_refine=4)
[gen] step 210/416  (K_refine=4)
[gen] step 220/416  (K_refine=4)
[gen] step 230/416  (K_refine=4)
[gen] step 240/416  (K_refine=4)
[gen] step 250/416  (K_refine=4)
[gen] step 260/416  (K_refine=4)
[gen] step 270/416  (K_refine=4)
[gen] step 280/416  (K_refine=4)
[gen] step 290/416  (K_refine=4)
[gen] step 300/416  (K_refine=4)
[gen] step 310/416  (K_refine=4)
[gen] step 320/416  (K_refine=4)
[gen] step 330/416  (K_refine=4)
[gen] step 340/416  (K_refine=4)
[gen] step 350/416  (K_refine=4)
[gen] step 360/416  (K_refine=4)
[gen] step 370/416  (K_refine=4)
[gen] step 380/416  (K_refine=4)
[gen] step 390/416  (K_refine=4)
[gen] step 400/416  (K_refine=4)
[gen] step 410/416  (K_refine=4)
    -> temp/E1_v5b/A3/576/co/sample_1_temp1.0.mid
[gen] A3_REFINE_STEPS=4 (env override)
[gen] A3_FINAL_TEMP=0.9 (env override)
[gen] A3_TOP_P=0.95 (nucleus sampling)
[gen] step 0/416  (K_refine=4)
[gen] step 10/416  (K_refine=4)
[gen] step 20/416  (K_refine=4)
[gen] step 30/416  (K_refine=4)
[gen] step 40/416  (K_refine=4)
[gen] step 50/416  (K_refine=4)
[gen] step 60/416  (K_refine=4)
[gen] step 70/416  (K_refine=4)
[gen] step 80/416  (K_refine=4)
[gen] step 90/416  (K_refine=4)
[gen] step 100/416  (K_refine=4)
[gen] step 110/416  (K_refine=4)
[gen] step 120/416  (K_refine=4)
[gen] step 130/416  (K_refine=4)
[gen] step 140/416  (K_refine=4)
[gen] step 150/416  (K_refine=4)
[gen] step 160/416  (K_refine=4)
[gen] step 170/416  (K_refine=4)
[gen] step 180/416  (K_refine=4)
[gen] step 190/416  (K_refine=4)
[gen] step 200/416  (K_refine=4)
[gen] step 210/416  (K_refine=4)
[gen] step 220/416  (K_refine=4)
[gen] step 230/416  (K_refine=4)
[gen] step 240/416  (K_refine=4)
[gen] step 250/416  (K_refine=4)
[gen] step 260/416  (K_refine=4)
[gen] step 270/416  (K_refine=4)
[gen] step 280/416  (K_refine=4)
[gen] step 290/416  (K_refine=4)
[gen] step 300/416  (K_refine=4)
[gen] step 310/416  (K_refine=4)
[gen] step 320/416  (K_refine=4)
[gen] step 330/416  (K_refine=4)
[gen] step 340/416  (K_refine=4)
[gen] step 350/416  (K_refine=4)
[gen] step 360/416  (K_refine=4)
[gen] step 370/416  (K_refine=4)
[gen] step 380/416  (K_refine=4)
[gen] step 390/416  (K_refine=4)
[gen] step 400/416  (K_refine=4)
[gen] step 410/416  (K_refine=4)
    -> temp/E1_v5b/A3/576/co/sample_2_temp1.0.mid

[63/95] 586
  mode=co
[gen] A3_REFINE_STEPS=4 (env override)
[gen] A3_FINAL_TEMP=0.9 (env override)
[gen] A3_TOP_P=0.95 (nucleus sampling)
[gen] step 0/416  (K_refine=4)
[gen] step 10/416  (K_refine=4)
[gen] step 20/416  (K_refine=4)
[gen] step 30/416  (K_refine=4)
[gen] step 40/416  (K_refine=4)
[gen] step 50/416  (K_refine=4)
[gen] step 60/416  (K_refine=4)
[gen] step 70/416  (K_refine=4)
[gen] step 80/416  (K_refine=4)
[gen] step 90/416  (K_refine=4)
[gen] step 100/416  (K_refine=4)
[gen] step 110/416  (K_refine=4)
[gen] step 120/416  (K_refine=4)
[gen] step 130/416  (K_refine=4)
[gen] step 140/416  (K_refine=4)
[gen] step 150/416  (K_refine=4)
[gen] step 160/416  (K_refine=4)
[gen] step 170/416  (K_refine=4)
[gen] step 180/416  (K_refine=4)
[gen] step 190/416  (K_refine=4)
[gen] step 200/416  (K_refine=4)
[gen] step 210/416  (K_refine=4)
[gen] step 220/416  (K_refine=4)
[gen] step 230/416  (K_refine=4)
[gen] step 240/416  (K_refine=4)
[gen] step 250/416  (K_refine=4)
[gen] step 260/416  (K_refine=4)
[gen] step 270/416  (K_refine=4)
[gen] step 280/416  (K_refine=4)
[gen] step 290/416  (K_refine=4)
[gen] step 300/416  (K_refine=4)
[gen] step 310/416  (K_refine=4)
[gen] step 320/416  (K_refine=4)
[gen] step 330/416  (K_refine=4)
[gen] step 340/416  (K_refine=4)
[gen] step 350/416  (K_refine=4)
[gen] step 360/416  (K_refine=4)
[gen] step 370/416  (K_refine=4)
[gen] step 380/416  (K_refine=4)
[gen] step 390/416  (K_refine=4)
[gen] step 400/416  (K_refine=4)
[gen] step 410/416  (K_refine=4)
    -> temp/E1_v5b/A3/586/co/sample_0_temp1.0.mid
[gen] A3_REFINE_STEPS=4 (env override)
[gen] A3_FINAL_TEMP=0.9 (env override)
[gen] A3_TOP_P=0.95 (nucleus sampling)
[gen] step 0/416  (K_refine=4)
[gen] step 10/416  (K_refine=4)
[gen] step 20/416  (K_refine=4)
[gen] step 30/416  (K_refine=4)
[gen] step 40/416  (K_refine=4)
[gen] step 50/416  (K_refine=4)
[gen] step 60/416  (K_refine=4)
[gen] step 70/416  (K_refine=4)
[gen] step 80/416  (K_refine=4)
[gen] step 90/416  (K_refine=4)
[gen] step 100/416  (K_refine=4)
[gen] step 110/416  (K_refine=4)
[gen] step 120/416  (K_refine=4)
[gen] step 130/416  (K_refine=4)
[gen] step 140/416  (K_refine=4)
[gen] step 150/416  (K_refine=4)
[gen] step 160/416  (K_refine=4)
[gen] step 170/416  (K_refine=4)
[gen] step 180/416  (K_refine=4)
[gen] step 190/416  (K_refine=4)
[gen] step 200/416  (K_refine=4)
[gen] step 210/416  (K_refine=4)
[gen] step 220/416  (K_refine=4)
[gen] step 230/416  (K_refine=4)
[gen] step 240/416  (K_refine=4)
[gen] step 250/416  (K_refine=4)
[gen] step 260/416  (K_refine=4)
[gen] step 270/416  (K_refine=4)
[gen] step 280/416  (K_refine=4)
[gen] step 290/416  (K_refine=4)
[gen] step 300/416  (K_refine=4)
[gen] step 310/416  (K_refine=4)
[gen] step 320/416  (K_refine=4)
[gen] step 330/416  (K_refine=4)
[gen] step 340/416  (K_refine=4)
[gen] step 350/416  (K_refine=4)
[gen] step 360/416  (K_refine=4)
[gen] step 370/416  (K_refine=4)
[gen] step 380/416  (K_refine=4)
[gen] step 390/416  (K_refine=4)
[gen] step 400/416  (K_refine=4)
[gen] step 410/416  (K_refine=4)
    -> temp/E1_v5b/A3/586/co/sample_1_temp1.0.mid
[gen] A3_REFINE_STEPS=4 (env override)
[gen] A3_FINAL_TEMP=0.9 (env override)
[gen] A3_TOP_P=0.95 (nucleus sampling)
[gen] step 0/416  (K_refine=4)
[gen] step 10/416  (K_refine=4)
[gen] step 20/416  (K_refine=4)
[gen] step 30/416  (K_refine=4)
[gen] step 40/416  (K_refine=4)
[gen] step 50/416  (K_refine=4)
[gen] step 60/416  (K_refine=4)
[gen] step 70/416  (K_refine=4)
[gen] step 80/416  (K_refine=4)
[gen] step 90/416  (K_refine=4)
[gen] step 100/416  (K_refine=4)
[gen] step 110/416  (K_refine=4)
[gen] step 120/416  (K_refine=4)
[gen] step 130/416  (K_refine=4)
[gen] step 140/416  (K_refine=4)
[gen] step 150/416  (K_refine=4)
[gen] step 160/416  (K_refine=4)
[gen] step 170/416  (K_refine=4)
[gen] step 180/416  (K_refine=4)
[gen] step 190/416  (K_refine=4)
[gen] step 200/416  (K_refine=4)
[gen] step 210/416  (K_refine=4)
[gen] step 220/416  (K_refine=4)
[gen] step 230/416  (K_refine=4)
[gen] step 240/416  (K_refine=4)
[gen] step 250/416  (K_refine=4)
[gen] step 260/416  (K_refine=4)
[gen] step 270/416  (K_refine=4)
[gen] step 280/416  (K_refine=4)
[gen] step 290/416  (K_refine=4)
[gen] step 300/416  (K_refine=4)
[gen] step 310/416  (K_refine=4)
[gen] step 320/416  (K_refine=4)
[gen] step 330/416  (K_refine=4)
[gen] step 340/416  (K_refine=4)
[gen] step 350/416  (K_refine=4)
[gen] step 360/416  (K_refine=4)
[gen] step 370/416  (K_refine=4)
[gen] step 380/416  (K_refine=4)
[gen] step 390/416  (K_refine=4)
[gen] step 400/416  (K_refine=4)
[gen] step 410/416  (K_refine=4)
    -> temp/E1_v5b/A3/586/co/sample_2_temp1.0.mid

[64/95] 596
  mode=co
[gen] A3_REFINE_STEPS=4 (env override)
[gen] A3_FINAL_TEMP=0.9 (env override)
[gen] A3_TOP_P=0.95 (nucleus sampling)
[gen] step 0/416  (K_refine=4)
[gen] step 10/416  (K_refine=4)
[gen] step 20/416  (K_refine=4)
[gen] step 30/416  (K_refine=4)
[gen] step 40/416  (K_refine=4)
[gen] step 50/416  (K_refine=4)
[gen] step 60/416  (K_refine=4)
[gen] step 70/416  (K_refine=4)
[gen] step 80/416  (K_refine=4)
[gen] step 90/416  (K_refine=4)
[gen] step 100/416  (K_refine=4)
[gen] step 110/416  (K_refine=4)
[gen] step 120/416  (K_refine=4)
[gen] step 130/416  (K_refine=4)
[gen] step 140/416  (K_refine=4)
[gen] step 150/416  (K_refine=4)
[gen] step 160/416  (K_refine=4)
[gen] step 170/416  (K_refine=4)
[gen] step 180/416  (K_refine=4)
[gen] step 190/416  (K_refine=4)
[gen] step 200/416  (K_refine=4)
[gen] step 210/416  (K_refine=4)
[gen] step 220/416  (K_refine=4)
[gen] step 230/416  (K_refine=4)
[gen] step 240/416  (K_refine=4)
[gen] step 250/416  (K_refine=4)
[gen] step 260/416  (K_refine=4)
[gen] step 270/416  (K_refine=4)
[gen] step 280/416  (K_refine=4)
[gen] step 290/416  (K_refine=4)
[gen] step 300/416  (K_refine=4)
[gen] step 310/416  (K_refine=4)
[gen] step 320/416  (K_refine=4)
[gen] step 330/416  (K_refine=4)
[gen] step 340/416  (K_refine=4)
[gen] step 350/416  (K_refine=4)
[gen] step 360/416  (K_refine=4)
[gen] step 370/416  (K_refine=4)
[gen] step 380/416  (K_refine=4)
[gen] step 390/416  (K_refine=4)
[gen] step 400/416  (K_refine=4)
[gen] step 410/416  (K_refine=4)
    -> temp/E1_v5b/A3/596/co/sample_0_temp1.0.mid
[gen] A3_REFINE_STEPS=4 (env override)
[gen] A3_FINAL_TEMP=0.9 (env override)
[gen] A3_TOP_P=0.95 (nucleus sampling)
[gen] step 0/416  (K_refine=4)
[gen] step 10/416  (K_refine=4)
[gen] step 20/416  (K_refine=4)
[gen] step 30/416  (K_refine=4)
[gen] step 40/416  (K_refine=4)
[gen] step 50/416  (K_refine=4)
[gen] step 60/416  (K_refine=4)
[gen] step 70/416  (K_refine=4)
[gen] step 80/416  (K_refine=4)
[gen] step 90/416  (K_refine=4)
[gen] step 100/416  (K_refine=4)
[gen] step 110/416  (K_refine=4)
[gen] step 120/416  (K_refine=4)
[gen] step 130/416  (K_refine=4)
[gen] step 140/416  (K_refine=4)
[gen] step 150/416  (K_refine=4)
[gen] step 160/416  (K_refine=4)
[gen] step 170/416  (K_refine=4)
[gen] step 180/416  (K_refine=4)
[gen] step 190/416  (K_refine=4)
[gen] step 200/416  (K_refine=4)
[gen] step 210/416  (K_refine=4)
[gen] step 220/416  (K_refine=4)
[gen] step 230/416  (K_refine=4)
[gen] step 240/416  (K_refine=4)
[gen] step 250/416  (K_refine=4)
[gen] step 260/416  (K_refine=4)
[gen] step 270/416  (K_refine=4)
[gen] step 280/416  (K_refine=4)
[gen] step 290/416  (K_refine=4)
[gen] step 300/416  (K_refine=4)
[gen] step 310/416  (K_refine=4)
[gen] step 320/416  (K_refine=4)
[gen] step 330/416  (K_refine=4)
[gen] step 340/416  (K_refine=4)
[gen] step 350/416  (K_refine=4)
[gen] step 360/416  (K_refine=4)
[gen] step 370/416  (K_refine=4)
[gen] step 380/416  (K_refine=4)
[gen] step 390/416  (K_refine=4)
[gen] step 400/416  (K_refine=4)
[gen] step 410/416  (K_refine=4)
    -> temp/E1_v5b/A3/596/co/sample_1_temp1.0.mid
[gen] A3_REFINE_STEPS=4 (env override)
[gen] A3_FINAL_TEMP=0.9 (env override)
[gen] A3_TOP_P=0.95 (nucleus sampling)
[gen] step 0/416  (K_refine=4)
[gen] step 10/416  (K_refine=4)
[gen] step 20/416  (K_refine=4)
[gen] step 30/416  (K_refine=4)
[gen] step 40/416  (K_refine=4)
[gen] step 50/416  (K_refine=4)
[gen] step 60/416  (K_refine=4)
[gen] step 70/416  (K_refine=4)
[gen] step 80/416  (K_refine=4)
[gen] step 90/416  (K_refine=4)
[gen] step 100/416  (K_refine=4)
[gen] step 110/416  (K_refine=4)
[gen] step 120/416  (K_refine=4)
[gen] step 130/416  (K_refine=4)
[gen] step 140/416  (K_refine=4)
[gen] step 150/416  (K_refine=4)
[gen] step 160/416  (K_refine=4)
[gen] step 170/416  (K_refine=4)
[gen] step 180/416  (K_refine=4)
[gen] step 190/416  (K_refine=4)
[gen] step 200/416  (K_refine=4)
[gen] step 210/416  (K_refine=4)
[gen] step 220/416  (K_refine=4)
[gen] step 230/416  (K_refine=4)
[gen] step 240/416  (K_refine=4)
[gen] step 250/416  (K_refine=4)
[gen] step 260/416  (K_refine=4)
[gen] step 270/416  (K_refine=4)
[gen] step 280/416  (K_refine=4)
[gen] step 290/416  (K_refine=4)
[gen] step 300/416  (K_refine=4)
[gen] step 310/416  (K_refine=4)
[gen] step 320/416  (K_refine=4)
[gen] step 330/416  (K_refine=4)
[gen] step 340/416  (K_refine=4)
[gen] step 350/416  (K_refine=4)
[gen] step 360/416  (K_refine=4)
[gen] step 370/416  (K_refine=4)
[gen] step 380/416  (K_refine=4)
[gen] step 390/416  (K_refine=4)
[gen] step 400/416  (K_refine=4)
[gen] step 410/416  (K_refine=4)
    -> temp/E1_v5b/A3/596/co/sample_2_temp1.0.mid

[65/95] 606
  mode=co
[gen] A3_REFINE_STEPS=4 (env override)
[gen] A3_FINAL_TEMP=0.9 (env override)
[gen] A3_TOP_P=0.95 (nucleus sampling)
[gen] step 0/416  (K_refine=4)
[gen] step 10/416  (K_refine=4)
[gen] step 20/416  (K_refine=4)
[gen] step 30/416  (K_refine=4)
[gen] step 40/416  (K_refine=4)
[gen] step 50/416  (K_refine=4)
[gen] step 60/416  (K_refine=4)
[gen] step 70/416  (K_refine=4)
[gen] step 80/416  (K_refine=4)
[gen] step 90/416  (K_refine=4)
[gen] step 100/416  (K_refine=4)
[gen] step 110/416  (K_refine=4)
[gen] step 120/416  (K_refine=4)
[gen] step 130/416  (K_refine=4)
[gen] step 140/416  (K_refine=4)
[gen] step 150/416  (K_refine=4)
[gen] step 160/416  (K_refine=4)
[gen] step 170/416  (K_refine=4)
[gen] step 180/416  (K_refine=4)
[gen] step 190/416  (K_refine=4)
[gen] step 200/416  (K_refine=4)
[gen] step 210/416  (K_refine=4)
[gen] step 220/416  (K_refine=4)
[gen] step 230/416  (K_refine=4)
[gen] step 240/416  (K_refine=4)
[gen] step 250/416  (K_refine=4)
[gen] step 260/416  (K_refine=4)
[gen] step 270/416  (K_refine=4)
[gen] step 280/416  (K_refine=4)
[gen] step 290/416  (K_refine=4)
[gen] step 300/416  (K_refine=4)
[gen] step 310/416  (K_refine=4)
[gen] step 320/416  (K_refine=4)
[gen] step 330/416  (K_refine=4)
[gen] step 340/416  (K_refine=4)
[gen] step 350/416  (K_refine=4)
[gen] step 360/416  (K_refine=4)
[gen] step 370/416  (K_refine=4)
[gen] step 380/416  (K_refine=4)
[gen] step 390/416  (K_refine=4)
[gen] step 400/416  (K_refine=4)
[gen] step 410/416  (K_refine=4)
    -> temp/E1_v5b/A3/606/co/sample_0_temp1.0.mid
[gen] A3_REFINE_STEPS=4 (env override)
[gen] A3_FINAL_TEMP=0.9 (env override)
[gen] A3_TOP_P=0.95 (nucleus sampling)
[gen] step 0/416  (K_refine=4)
[gen] step 10/416  (K_refine=4)
[gen] step 20/416  (K_refine=4)
[gen] step 30/416  (K_refine=4)
[gen] step 40/416  (K_refine=4)
[gen] step 50/416  (K_refine=4)
[gen] step 60/416  (K_refine=4)
[gen] step 70/416  (K_refine=4)
[gen] step 80/416  (K_refine=4)
[gen] step 90/416  (K_refine=4)
[gen] step 100/416  (K_refine=4)
[gen] step 110/416  (K_refine=4)
[gen] step 120/416  (K_refine=4)
[gen] step 130/416  (K_refine=4)
[gen] step 140/416  (K_refine=4)
[gen] step 150/416  (K_refine=4)
[gen] step 160/416  (K_refine=4)
[gen] step 170/416  (K_refine=4)
[gen] step 180/416  (K_refine=4)
[gen] step 190/416  (K_refine=4)
[gen] step 200/416  (K_refine=4)
[gen] step 210/416  (K_refine=4)
[gen] step 220/416  (K_refine=4)
[gen] step 230/416  (K_refine=4)
[gen] step 240/416  (K_refine=4)
[gen] step 250/416  (K_refine=4)
[gen] step 260/416  (K_refine=4)
[gen] step 270/416  (K_refine=4)
[gen] step 280/416  (K_refine=4)
[gen] step 290/416  (K_refine=4)
[gen] step 300/416  (K_refine=4)
[gen] step 310/416  (K_refine=4)
[gen] step 320/416  (K_refine=4)
[gen] step 330/416  (K_refine=4)
[gen] step 340/416  (K_refine=4)
[gen] step 350/416  (K_refine=4)
[gen] step 360/416  (K_refine=4)
[gen] step 370/416  (K_refine=4)
[gen] step 380/416  (K_refine=4)
[gen] step 390/416  (K_refine=4)
[gen] step 400/416  (K_refine=4)
[gen] step 410/416  (K_refine=4)
    -> temp/E1_v5b/A3/606/co/sample_1_temp1.0.mid
[gen] A3_REFINE_STEPS=4 (env override)
[gen] A3_FINAL_TEMP=0.9 (env override)
[gen] A3_TOP_P=0.95 (nucleus sampling)
[gen] step 0/416  (K_refine=4)
[gen] step 10/416  (K_refine=4)
[gen] step 20/416  (K_refine=4)
[gen] step 30/416  (K_refine=4)
[gen] step 40/416  (K_refine=4)
[gen] step 50/416  (K_refine=4)
[gen] step 60/416  (K_refine=4)
[gen] step 70/416  (K_refine=4)
[gen] step 80/416  (K_refine=4)
[gen] step 90/416  (K_refine=4)
[gen] step 100/416  (K_refine=4)
[gen] step 110/416  (K_refine=4)
[gen] step 120/416  (K_refine=4)
[gen] step 130/416  (K_refine=4)
[gen] step 140/416  (K_refine=4)
[gen] step 150/416  (K_refine=4)
[gen] step 160/416  (K_refine=4)
[gen] step 170/416  (K_refine=4)
[gen] step 180/416  (K_refine=4)
[gen] step 190/416  (K_refine=4)
[gen] step 200/416  (K_refine=4)
[gen] step 210/416  (K_refine=4)
[gen] step 220/416  (K_refine=4)
[gen] step 230/416  (K_refine=4)
[gen] step 240/416  (K_refine=4)
[gen] step 250/416  (K_refine=4)
[gen] step 260/416  (K_refine=4)
[gen] step 270/416  (K_refine=4)
[gen] step 280/416  (K_refine=4)
[gen] step 290/416  (K_refine=4)
[gen] step 300/416  (K_refine=4)
[gen] step 310/416  (K_refine=4)
[gen] step 320/416  (K_refine=4)
[gen] step 330/416  (K_refine=4)
[gen] step 340/416  (K_refine=4)
[gen] step 350/416  (K_refine=4)
[gen] step 360/416  (K_refine=4)
[gen] step 370/416  (K_refine=4)
[gen] step 380/416  (K_refine=4)
[gen] step 390/416  (K_refine=4)
[gen] step 400/416  (K_refine=4)
[gen] step 410/416  (K_refine=4)
    -> temp/E1_v5b/A3/606/co/sample_2_temp1.0.mid

[66/95] 616
  mode=co
[gen] A3_REFINE_STEPS=4 (env override)
[gen] A3_FINAL_TEMP=0.9 (env override)
[gen] A3_TOP_P=0.95 (nucleus sampling)
[gen] step 0/416  (K_refine=4)
[gen] step 10/416  (K_refine=4)
[gen] step 20/416  (K_refine=4)
[gen] step 30/416  (K_refine=4)
[gen] step 40/416  (K_refine=4)
[gen] step 50/416  (K_refine=4)
[gen] step 60/416  (K_refine=4)
[gen] step 70/416  (K_refine=4)
[gen] step 80/416  (K_refine=4)
[gen] step 90/416  (K_refine=4)
[gen] step 100/416  (K_refine=4)
[gen] step 110/416  (K_refine=4)
[gen] step 120/416  (K_refine=4)
[gen] step 130/416  (K_refine=4)
[gen] step 140/416  (K_refine=4)
[gen] step 150/416  (K_refine=4)
[gen] step 160/416  (K_refine=4)
[gen] step 170/416  (K_refine=4)
[gen] step 180/416  (K_refine=4)
[gen] step 190/416  (K_refine=4)
[gen] step 200/416  (K_refine=4)
[gen] step 210/416  (K_refine=4)
[gen] step 220/416  (K_refine=4)
[gen] step 230/416  (K_refine=4)
[gen] step 240/416  (K_refine=4)
[gen] step 250/416  (K_refine=4)
[gen] step 260/416  (K_refine=4)
[gen] step 270/416  (K_refine=4)
[gen] step 280/416  (K_refine=4)
[gen] step 290/416  (K_refine=4)
[gen] step 300/416  (K_refine=4)
[gen] step 310/416  (K_refine=4)
[gen] step 320/416  (K_refine=4)
[gen] step 330/416  (K_refine=4)
[gen] step 340/416  (K_refine=4)
[gen] step 350/416  (K_refine=4)
[gen] step 360/416  (K_refine=4)
[gen] step 370/416  (K_refine=4)
[gen] step 380/416  (K_refine=4)
[gen] step 390/416  (K_refine=4)
[gen] step 400/416  (K_refine=4)
[gen] step 410/416  (K_refine=4)
    -> temp/E1_v5b/A3/616/co/sample_0_temp1.0.mid
[gen] A3_REFINE_STEPS=4 (env override)
[gen] A3_FINAL_TEMP=0.9 (env override)
[gen] A3_TOP_P=0.95 (nucleus sampling)
[gen] step 0/416  (K_refine=4)
[gen] step 10/416  (K_refine=4)
[gen] step 20/416  (K_refine=4)
[gen] step 30/416  (K_refine=4)
[gen] step 40/416  (K_refine=4)
[gen] step 50/416  (K_refine=4)
[gen] step 60/416  (K_refine=4)
[gen] step 70/416  (K_refine=4)
[gen] step 80/416  (K_refine=4)
[gen] step 90/416  (K_refine=4)
[gen] step 100/416  (K_refine=4)
[gen] step 110/416  (K_refine=4)
[gen] step 120/416  (K_refine=4)
[gen] step 130/416  (K_refine=4)
[gen] step 140/416  (K_refine=4)
[gen] step 150/416  (K_refine=4)
[gen] step 160/416  (K_refine=4)
[gen] step 170/416  (K_refine=4)
[gen] step 180/416  (K_refine=4)
[gen] step 190/416  (K_refine=4)
[gen] step 200/416  (K_refine=4)
[gen] step 210/416  (K_refine=4)
[gen] step 220/416  (K_refine=4)
[gen] step 230/416  (K_refine=4)
[gen] step 240/416  (K_refine=4)
[gen] step 250/416  (K_refine=4)
[gen] step 260/416  (K_refine=4)
[gen] step 270/416  (K_refine=4)
[gen] step 280/416  (K_refine=4)
[gen] step 290/416  (K_refine=4)
[gen] step 300/416  (K_refine=4)
[gen] step 310/416  (K_refine=4)
[gen] step 320/416  (K_refine=4)
[gen] step 330/416  (K_refine=4)
[gen] step 340/416  (K_refine=4)
[gen] step 350/416  (K_refine=4)
[gen] step 360/416  (K_refine=4)
[gen] step 370/416  (K_refine=4)
[gen] step 380/416  (K_refine=4)
[gen] step 390/416  (K_refine=4)
[gen] step 400/416  (K_refine=4)
[gen] step 410/416  (K_refine=4)
    -> temp/E1_v5b/A3/616/co/sample_1_temp1.0.mid
[gen] A3_REFINE_STEPS=4 (env override)
[gen] A3_FINAL_TEMP=0.9 (env override)
[gen] A3_TOP_P=0.95 (nucleus sampling)
[gen] step 0/416  (K_refine=4)
[gen] step 10/416  (K_refine=4)
[gen] step 20/416  (K_refine=4)
[gen] step 30/416  (K_refine=4)
[gen] step 40/416  (K_refine=4)
[gen] step 50/416  (K_refine=4)
[gen] step 60/416  (K_refine=4)
[gen] step 70/416  (K_refine=4)
[gen] step 80/416  (K_refine=4)
[gen] step 90/416  (K_refine=4)
[gen] step 100/416  (K_refine=4)
[gen] step 110/416  (K_refine=4)
[gen] step 120/416  (K_refine=4)
[gen] step 130/416  (K_refine=4)
[gen] step 140/416  (K_refine=4)
[gen] step 150/416  (K_refine=4)
[gen] step 160/416  (K_refine=4)
[gen] step 170/416  (K_refine=4)
[gen] step 180/416  (K_refine=4)
[gen] step 190/416  (K_refine=4)
[gen] step 200/416  (K_refine=4)
[gen] step 210/416  (K_refine=4)
[gen] step 220/416  (K_refine=4)
[gen] step 230/416  (K_refine=4)
[gen] step 240/416  (K_refine=4)
[gen] step 250/416  (K_refine=4)
[gen] step 260/416  (K_refine=4)
[gen] step 270/416  (K_refine=4)
[gen] step 280/416  (K_refine=4)
[gen] step 290/416  (K_refine=4)
[gen] step 300/416  (K_refine=4)
[gen] step 310/416  (K_refine=4)
[gen] step 320/416  (K_refine=4)
[gen] step 330/416  (K_refine=4)
[gen] step 340/416  (K_refine=4)
[gen] step 350/416  (K_refine=4)
[gen] step 360/416  (K_refine=4)
[gen] step 370/416  (K_refine=4)
[gen] step 380/416  (K_refine=4)
[gen] step 390/416  (K_refine=4)
[gen] step 400/416  (K_refine=4)
[gen] step 410/416  (K_refine=4)
    -> temp/E1_v5b/A3/616/co/sample_2_temp1.0.mid

[67/95] 626
  mode=co
[gen] A3_REFINE_STEPS=4 (env override)
[gen] A3_FINAL_TEMP=0.9 (env override)
[gen] A3_TOP_P=0.95 (nucleus sampling)
[gen] step 0/416  (K_refine=4)
[gen] step 10/416  (K_refine=4)
[gen] step 20/416  (K_refine=4)
[gen] step 30/416  (K_refine=4)
[gen] step 40/416  (K_refine=4)
[gen] step 50/416  (K_refine=4)
[gen] step 60/416  (K_refine=4)
[gen] step 70/416  (K_refine=4)
[gen] step 80/416  (K_refine=4)
[gen] step 90/416  (K_refine=4)
[gen] step 100/416  (K_refine=4)
[gen] step 110/416  (K_refine=4)
[gen] step 120/416  (K_refine=4)
[gen] step 130/416  (K_refine=4)
[gen] step 140/416  (K_refine=4)
[gen] step 150/416  (K_refine=4)
[gen] step 160/416  (K_refine=4)
[gen] step 170/416  (K_refine=4)
[gen] step 180/416  (K_refine=4)
[gen] step 190/416  (K_refine=4)
[gen] step 200/416  (K_refine=4)
[gen] step 210/416  (K_refine=4)
[gen] step 220/416  (K_refine=4)
[gen] step 230/416  (K_refine=4)
[gen] step 240/416  (K_refine=4)
[gen] step 250/416  (K_refine=4)
[gen] step 260/416  (K_refine=4)
[gen] step 270/416  (K_refine=4)
[gen] step 280/416  (K_refine=4)
[gen] step 290/416  (K_refine=4)
[gen] step 300/416  (K_refine=4)
[gen] step 310/416  (K_refine=4)
[gen] step 320/416  (K_refine=4)
[gen] step 330/416  (K_refine=4)
[gen] step 340/416  (K_refine=4)
[gen] step 350/416  (K_refine=4)
[gen] step 360/416  (K_refine=4)
[gen] step 370/416  (K_refine=4)
[gen] step 380/416  (K_refine=4)
[gen] step 390/416  (K_refine=4)
[gen] step 400/416  (K_refine=4)
[gen] step 410/416  (K_refine=4)
    -> temp/E1_v5b/A3/626/co/sample_0_temp1.0.mid
[gen] A3_REFINE_STEPS=4 (env override)
[gen] A3_FINAL_TEMP=0.9 (env override)
[gen] A3_TOP_P=0.95 (nucleus sampling)
[gen] step 0/416  (K_refine=4)
[gen] step 10/416  (K_refine=4)
[gen] step 20/416  (K_refine=4)
[gen] step 30/416  (K_refine=4)
[gen] step 40/416  (K_refine=4)
[gen] step 50/416  (K_refine=4)
[gen] step 60/416  (K_refine=4)
[gen] step 70/416  (K_refine=4)
[gen] step 80/416  (K_refine=4)
[gen] step 90/416  (K_refine=4)
[gen] step 100/416  (K_refine=4)
[gen] step 110/416  (K_refine=4)
[gen] step 120/416  (K_refine=4)
[gen] step 130/416  (K_refine=4)
[gen] step 140/416  (K_refine=4)
[gen] step 150/416  (K_refine=4)
[gen] step 160/416  (K_refine=4)
[gen] step 170/416  (K_refine=4)
[gen] step 180/416  (K_refine=4)
[gen] step 190/416  (K_refine=4)
[gen] step 200/416  (K_refine=4)
[gen] step 210/416  (K_refine=4)
[gen] step 220/416  (K_refine=4)
[gen] step 230/416  (K_refine=4)
[gen] step 240/416  (K_refine=4)
[gen] step 250/416  (K_refine=4)
[gen] step 260/416  (K_refine=4)
[gen] step 270/416  (K_refine=4)
[gen] step 280/416  (K_refine=4)
[gen] step 290/416  (K_refine=4)
[gen] step 300/416  (K_refine=4)
[gen] step 310/416  (K_refine=4)
[gen] step 320/416  (K_refine=4)
[gen] step 330/416  (K_refine=4)
[gen] step 340/416  (K_refine=4)
[gen] step 350/416  (K_refine=4)
[gen] step 360/416  (K_refine=4)
[gen] step 370/416  (K_refine=4)
[gen] step 380/416  (K_refine=4)
[gen] step 390/416  (K_refine=4)
[gen] step 400/416  (K_refine=4)
[gen] step 410/416  (K_refine=4)
    -> temp/E1_v5b/A3/626/co/sample_1_temp1.0.mid
[gen] A3_REFINE_STEPS=4 (env override)
[gen] A3_FINAL_TEMP=0.9 (env override)
[gen] A3_TOP_P=0.95 (nucleus sampling)
[gen] step 0/416  (K_refine=4)
[gen] step 10/416  (K_refine=4)
[gen] step 20/416  (K_refine=4)
[gen] step 30/416  (K_refine=4)
[gen] step 40/416  (K_refine=4)
[gen] step 50/416  (K_refine=4)
[gen] step 60/416  (K_refine=4)
[gen] step 70/416  (K_refine=4)
[gen] step 80/416  (K_refine=4)
[gen] step 90/416  (K_refine=4)
[gen] step 100/416  (K_refine=4)
[gen] step 110/416  (K_refine=4)
[gen] step 120/416  (K_refine=4)
[gen] step 130/416  (K_refine=4)
[gen] step 140/416  (K_refine=4)
[gen] step 150/416  (K_refine=4)
[gen] step 160/416  (K_refine=4)
[gen] step 170/416  (K_refine=4)
[gen] step 180/416  (K_refine=4)
[gen] step 190/416  (K_refine=4)
[gen] step 200/416  (K_refine=4)
[gen] step 210/416  (K_refine=4)
[gen] step 220/416  (K_refine=4)
[gen] step 230/416  (K_refine=4)
[gen] step 240/416  (K_refine=4)
[gen] step 250/416  (K_refine=4)
[gen] step 260/416  (K_refine=4)
[gen] step 270/416  (K_refine=4)
[gen] step 280/416  (K_refine=4)
[gen] step 290/416  (K_refine=4)
[gen] step 300/416  (K_refine=4)
[gen] step 310/416  (K_refine=4)
[gen] step 320/416  (K_refine=4)
[gen] step 330/416  (K_refine=4)
[gen] step 340/416  (K_refine=4)
[gen] step 350/416  (K_refine=4)
[gen] step 360/416  (K_refine=4)
[gen] step 370/416  (K_refine=4)
[gen] step 380/416  (K_refine=4)
[gen] step 390/416  (K_refine=4)
[gen] step 400/416  (K_refine=4)
[gen] step 410/416  (K_refine=4)
    -> temp/E1_v5b/A3/626/co/sample_2_temp1.0.mid

[68/95] 636
  mode=co
[gen] A3_REFINE_STEPS=4 (env override)
[gen] A3_FINAL_TEMP=0.9 (env override)
[gen] A3_TOP_P=0.95 (nucleus sampling)
[gen] step 0/416  (K_refine=4)
[gen] step 10/416  (K_refine=4)
[gen] step 20/416  (K_refine=4)
[gen] step 30/416  (K_refine=4)
[gen] step 40/416  (K_refine=4)
[gen] step 50/416  (K_refine=4)
[gen] step 60/416  (K_refine=4)
[gen] step 70/416  (K_refine=4)
[gen] step 80/416  (K_refine=4)
[gen] step 90/416  (K_refine=4)
[gen] step 100/416  (K_refine=4)
[gen] step 110/416  (K_refine=4)
[gen] step 120/416  (K_refine=4)
[gen] step 130/416  (K_refine=4)
[gen] step 140/416  (K_refine=4)
[gen] step 150/416  (K_refine=4)
[gen] step 160/416  (K_refine=4)
[gen] step 170/416  (K_refine=4)
[gen] step 180/416  (K_refine=4)
[gen] step 190/416  (K_refine=4)
[gen] step 200/416  (K_refine=4)
[gen] step 210/416  (K_refine=4)
[gen] step 220/416  (K_refine=4)
[gen] step 230/416  (K_refine=4)
[gen] step 240/416  (K_refine=4)
[gen] step 250/416  (K_refine=4)
[gen] step 260/416  (K_refine=4)
[gen] step 270/416  (K_refine=4)
[gen] step 280/416  (K_refine=4)
[gen] step 290/416  (K_refine=4)
[gen] step 300/416  (K_refine=4)
[gen] step 310/416  (K_refine=4)
[gen] step 320/416  (K_refine=4)
[gen] step 330/416  (K_refine=4)
[gen] step 340/416  (K_refine=4)
[gen] step 350/416  (K_refine=4)
[gen] step 360/416  (K_refine=4)
[gen] step 370/416  (K_refine=4)
[gen] step 380/416  (K_refine=4)
[gen] step 390/416  (K_refine=4)
[gen] step 400/416  (K_refine=4)
[gen] step 410/416  (K_refine=4)
    -> temp/E1_v5b/A3/636/co/sample_0_temp1.0.mid
[gen] A3_REFINE_STEPS=4 (env override)
[gen] A3_FINAL_TEMP=0.9 (env override)
[gen] A3_TOP_P=0.95 (nucleus sampling)
[gen] step 0/416  (K_refine=4)
[gen] step 10/416  (K_refine=4)
[gen] step 20/416  (K_refine=4)
[gen] step 30/416  (K_refine=4)
[gen] step 40/416  (K_refine=4)
[gen] step 50/416  (K_refine=4)
[gen] step 60/416  (K_refine=4)
[gen] step 70/416  (K_refine=4)
[gen] step 80/416  (K_refine=4)
[gen] step 90/416  (K_refine=4)
[gen] step 100/416  (K_refine=4)
[gen] step 110/416  (K_refine=4)
[gen] step 120/416  (K_refine=4)
[gen] step 130/416  (K_refine=4)
[gen] step 140/416  (K_refine=4)
[gen] step 150/416  (K_refine=4)
[gen] step 160/416  (K_refine=4)
[gen] step 170/416  (K_refine=4)
[gen] step 180/416  (K_refine=4)
[gen] step 190/416  (K_refine=4)
[gen] step 200/416  (K_refine=4)
[gen] step 210/416  (K_refine=4)
[gen] step 220/416  (K_refine=4)
[gen] step 230/416  (K_refine=4)
[gen] step 240/416  (K_refine=4)
[gen] step 250/416  (K_refine=4)
[gen] step 260/416  (K_refine=4)
[gen] step 270/416  (K_refine=4)
[gen] step 280/416  (K_refine=4)
[gen] step 290/416  (K_refine=4)
[gen] step 300/416  (K_refine=4)
[gen] step 310/416  (K_refine=4)
[gen] step 320/416  (K_refine=4)
[gen] step 330/416  (K_refine=4)
[gen] step 340/416  (K_refine=4)
[gen] step 350/416  (K_refine=4)
[gen] step 360/416  (K_refine=4)
[gen] step 370/416  (K_refine=4)
[gen] step 380/416  (K_refine=4)
[gen] step 390/416  (K_refine=4)
[gen] step 400/416  (K_refine=4)
[gen] step 410/416  (K_refine=4)
    -> temp/E1_v5b/A3/636/co/sample_1_temp1.0.mid
[gen] A3_REFINE_STEPS=4 (env override)
[gen] A3_FINAL_TEMP=0.9 (env override)
[gen] A3_TOP_P=0.95 (nucleus sampling)
[gen] step 0/416  (K_refine=4)
[gen] step 10/416  (K_refine=4)
[gen] step 20/416  (K_refine=4)
[gen] step 30/416  (K_refine=4)
[gen] step 40/416  (K_refine=4)
[gen] step 50/416  (K_refine=4)
[gen] step 60/416  (K_refine=4)
[gen] step 70/416  (K_refine=4)
[gen] step 80/416  (K_refine=4)
[gen] step 90/416  (K_refine=4)
[gen] step 100/416  (K_refine=4)
[gen] step 110/416  (K_refine=4)
[gen] step 120/416  (K_refine=4)
[gen] step 130/416  (K_refine=4)
[gen] step 140/416  (K_refine=4)
[gen] step 150/416  (K_refine=4)
[gen] step 160/416  (K_refine=4)
[gen] step 170/416  (K_refine=4)
[gen] step 180/416  (K_refine=4)
[gen] step 190/416  (K_refine=4)
[gen] step 200/416  (K_refine=4)
[gen] step 210/416  (K_refine=4)
[gen] step 220/416  (K_refine=4)
[gen] step 230/416  (K_refine=4)
[gen] step 240/416  (K_refine=4)
[gen] step 250/416  (K_refine=4)
[gen] step 260/416  (K_refine=4)
[gen] step 270/416  (K_refine=4)
[gen] step 280/416  (K_refine=4)
[gen] step 290/416  (K_refine=4)
[gen] step 300/416  (K_refine=4)
[gen] step 310/416  (K_refine=4)
[gen] step 320/416  (K_refine=4)
[gen] step 330/416  (K_refine=4)
[gen] step 340/416  (K_refine=4)
[gen] step 350/416  (K_refine=4)
[gen] step 360/416  (K_refine=4)
[gen] step 370/416  (K_refine=4)
[gen] step 380/416  (K_refine=4)
[gen] step 390/416  (K_refine=4)
[gen] step 400/416  (K_refine=4)
[gen] step 410/416  (K_refine=4)
    -> temp/E1_v5b/A3/636/co/sample_2_temp1.0.mid

[69/95] 646
  mode=co
[gen] A3_REFINE_STEPS=4 (env override)
[gen] A3_FINAL_TEMP=0.9 (env override)
[gen] A3_TOP_P=0.95 (nucleus sampling)
[gen] step 0/416  (K_refine=4)
[gen] step 10/416  (K_refine=4)
[gen] step 20/416  (K_refine=4)
[gen] step 30/416  (K_refine=4)
[gen] step 40/416  (K_refine=4)
[gen] step 50/416  (K_refine=4)
[gen] step 60/416  (K_refine=4)
[gen] step 70/416  (K_refine=4)
[gen] step 80/416  (K_refine=4)
[gen] step 90/416  (K_refine=4)
[gen] step 100/416  (K_refine=4)
[gen] step 110/416  (K_refine=4)
[gen] step 120/416  (K_refine=4)
[gen] step 130/416  (K_refine=4)
[gen] step 140/416  (K_refine=4)
[gen] step 150/416  (K_refine=4)
[gen] step 160/416  (K_refine=4)
[gen] step 170/416  (K_refine=4)
[gen] step 180/416  (K_refine=4)
[gen] step 190/416  (K_refine=4)
[gen] step 200/416  (K_refine=4)
[gen] step 210/416  (K_refine=4)
[gen] step 220/416  (K_refine=4)
[gen] step 230/416  (K_refine=4)
[gen] step 240/416  (K_refine=4)
[gen] step 250/416  (K_refine=4)
[gen] step 260/416  (K_refine=4)
[gen] step 270/416  (K_refine=4)
[gen] step 280/416  (K_refine=4)
[gen] step 290/416  (K_refine=4)
[gen] step 300/416  (K_refine=4)
[gen] step 310/416  (K_refine=4)
[gen] step 320/416  (K_refine=4)
[gen] step 330/416  (K_refine=4)
[gen] step 340/416  (K_refine=4)
[gen] step 350/416  (K_refine=4)
[gen] step 360/416  (K_refine=4)
[gen] step 370/416  (K_refine=4)
[gen] step 380/416  (K_refine=4)
[gen] step 390/416  (K_refine=4)
[gen] step 400/416  (K_refine=4)
[gen] step 410/416  (K_refine=4)
    -> temp/E1_v5b/A3/646/co/sample_0_temp1.0.mid
[gen] A3_REFINE_STEPS=4 (env override)
[gen] A3_FINAL_TEMP=0.9 (env override)
[gen] A3_TOP_P=0.95 (nucleus sampling)
[gen] step 0/416  (K_refine=4)
[gen] step 10/416  (K_refine=4)
[gen] step 20/416  (K_refine=4)
[gen] step 30/416  (K_refine=4)
[gen] step 40/416  (K_refine=4)
[gen] step 50/416  (K_refine=4)
[gen] step 60/416  (K_refine=4)
[gen] step 70/416  (K_refine=4)
[gen] step 80/416  (K_refine=4)
[gen] step 90/416  (K_refine=4)
[gen] step 100/416  (K_refine=4)
[gen] step 110/416  (K_refine=4)
[gen] step 120/416  (K_refine=4)
[gen] step 130/416  (K_refine=4)
[gen] step 140/416  (K_refine=4)
[gen] step 150/416  (K_refine=4)
[gen] step 160/416  (K_refine=4)
[gen] step 170/416  (K_refine=4)
[gen] step 180/416  (K_refine=4)
[gen] step 190/416  (K_refine=4)
[gen] step 200/416  (K_refine=4)
[gen] step 210/416  (K_refine=4)
[gen] step 220/416  (K_refine=4)
[gen] step 230/416  (K_refine=4)
[gen] step 240/416  (K_refine=4)
[gen] step 250/416  (K_refine=4)
[gen] step 260/416  (K_refine=4)
[gen] step 270/416  (K_refine=4)
[gen] step 280/416  (K_refine=4)
[gen] step 290/416  (K_refine=4)
[gen] step 300/416  (K_refine=4)
[gen] step 310/416  (K_refine=4)
[gen] step 320/416  (K_refine=4)
[gen] step 330/416  (K_refine=4)
[gen] step 340/416  (K_refine=4)
[gen] step 350/416  (K_refine=4)
[gen] step 360/416  (K_refine=4)
[gen] step 370/416  (K_refine=4)
[gen] step 380/416  (K_refine=4)
[gen] step 390/416  (K_refine=4)
[gen] step 400/416  (K_refine=4)
[gen] step 410/416  (K_refine=4)
    -> temp/E1_v5b/A3/646/co/sample_1_temp1.0.mid
[gen] A3_REFINE_STEPS=4 (env override)
[gen] A3_FINAL_TEMP=0.9 (env override)
[gen] A3_TOP_P=0.95 (nucleus sampling)
[gen] step 0/416  (K_refine=4)
[gen] step 10/416  (K_refine=4)
[gen] step 20/416  (K_refine=4)
[gen] step 30/416  (K_refine=4)
[gen] step 40/416  (K_refine=4)
[gen] step 50/416  (K_refine=4)
[gen] step 60/416  (K_refine=4)
[gen] step 70/416  (K_refine=4)
[gen] step 80/416  (K_refine=4)
[gen] step 90/416  (K_refine=4)
[gen] step 100/416  (K_refine=4)
[gen] step 110/416  (K_refine=4)
[gen] step 120/416  (K_refine=4)
[gen] step 130/416  (K_refine=4)
[gen] step 140/416  (K_refine=4)
[gen] step 150/416  (K_refine=4)
[gen] step 160/416  (K_refine=4)
[gen] step 170/416  (K_refine=4)
[gen] step 180/416  (K_refine=4)
[gen] step 190/416  (K_refine=4)
[gen] step 200/416  (K_refine=4)
[gen] step 210/416  (K_refine=4)
[gen] step 220/416  (K_refine=4)
[gen] step 230/416  (K_refine=4)
[gen] step 240/416  (K_refine=4)
[gen] step 250/416  (K_refine=4)
[gen] step 260/416  (K_refine=4)
[gen] step 270/416  (K_refine=4)
[gen] step 280/416  (K_refine=4)
[gen] step 290/416  (K_refine=4)
[gen] step 300/416  (K_refine=4)
[gen] step 310/416  (K_refine=4)
[gen] step 320/416  (K_refine=4)
[gen] step 330/416  (K_refine=4)
[gen] step 340/416  (K_refine=4)
[gen] step 350/416  (K_refine=4)
[gen] step 360/416  (K_refine=4)
[gen] step 370/416  (K_refine=4)
[gen] step 380/416  (K_refine=4)
[gen] step 390/416  (K_refine=4)
[gen] step 400/416  (K_refine=4)
[gen] step 410/416  (K_refine=4)
    -> temp/E1_v5b/A3/646/co/sample_2_temp1.0.mid

[70/95] 656
  mode=co
[gen] A3_REFINE_STEPS=4 (env override)
[gen] A3_FINAL_TEMP=0.9 (env override)
[gen] A3_TOP_P=0.95 (nucleus sampling)
[gen] step 0/416  (K_refine=4)
[gen] step 10/416  (K_refine=4)
[gen] step 20/416  (K_refine=4)
[gen] step 30/416  (K_refine=4)
[gen] step 40/416  (K_refine=4)
[gen] step 50/416  (K_refine=4)
[gen] step 60/416  (K_refine=4)
[gen] step 70/416  (K_refine=4)
[gen] step 80/416  (K_refine=4)
[gen] step 90/416  (K_refine=4)
[gen] step 100/416  (K_refine=4)
[gen] step 110/416  (K_refine=4)
[gen] step 120/416  (K_refine=4)
[gen] step 130/416  (K_refine=4)
[gen] step 140/416  (K_refine=4)
[gen] step 150/416  (K_refine=4)
[gen] step 160/416  (K_refine=4)
[gen] step 170/416  (K_refine=4)
[gen] step 180/416  (K_refine=4)
[gen] step 190/416  (K_refine=4)
[gen] step 200/416  (K_refine=4)
[gen] step 210/416  (K_refine=4)
[gen] step 220/416  (K_refine=4)
[gen] step 230/416  (K_refine=4)
[gen] step 240/416  (K_refine=4)
[gen] step 250/416  (K_refine=4)
[gen] step 260/416  (K_refine=4)
[gen] step 270/416  (K_refine=4)
[gen] step 280/416  (K_refine=4)
[gen] step 290/416  (K_refine=4)
[gen] step 300/416  (K_refine=4)
[gen] step 310/416  (K_refine=4)
[gen] step 320/416  (K_refine=4)
[gen] step 330/416  (K_refine=4)
[gen] step 340/416  (K_refine=4)
[gen] step 350/416  (K_refine=4)
[gen] step 360/416  (K_refine=4)
[gen] step 370/416  (K_refine=4)
[gen] step 380/416  (K_refine=4)
[gen] step 390/416  (K_refine=4)
[gen] step 400/416  (K_refine=4)
[gen] step 410/416  (K_refine=4)
    -> temp/E1_v5b/A3/656/co/sample_0_temp1.0.mid
[gen] A3_REFINE_STEPS=4 (env override)
[gen] A3_FINAL_TEMP=0.9 (env override)
[gen] A3_TOP_P=0.95 (nucleus sampling)
[gen] step 0/416  (K_refine=4)
[gen] step 10/416  (K_refine=4)
[gen] step 20/416  (K_refine=4)
[gen] step 30/416  (K_refine=4)
[gen] step 40/416  (K_refine=4)
[gen] step 50/416  (K_refine=4)
[gen] step 60/416  (K_refine=4)
[gen] step 70/416  (K_refine=4)
[gen] step 80/416  (K_refine=4)
[gen] step 90/416  (K_refine=4)
[gen] step 100/416  (K_refine=4)
[gen] step 110/416  (K_refine=4)
[gen] step 120/416  (K_refine=4)
[gen] step 130/416  (K_refine=4)
[gen] step 140/416  (K_refine=4)
[gen] step 150/416  (K_refine=4)
[gen] step 160/416  (K_refine=4)
[gen] step 170/416  (K_refine=4)
[gen] step 180/416  (K_refine=4)
[gen] step 190/416  (K_refine=4)
[gen] step 200/416  (K_refine=4)
[gen] step 210/416  (K_refine=4)
[gen] step 220/416  (K_refine=4)
[gen] step 230/416  (K_refine=4)
[gen] step 240/416  (K_refine=4)
[gen] step 250/416  (K_refine=4)
[gen] step 260/416  (K_refine=4)
[gen] step 270/416  (K_refine=4)
[gen] step 280/416  (K_refine=4)
[gen] step 290/416  (K_refine=4)
[gen] step 300/416  (K_refine=4)
[gen] step 310/416  (K_refine=4)
[gen] step 320/416  (K_refine=4)
[gen] step 330/416  (K_refine=4)
[gen] step 340/416  (K_refine=4)
[gen] step 350/416  (K_refine=4)
[gen] step 360/416  (K_refine=4)
[gen] step 370/416  (K_refine=4)
[gen] step 380/416  (K_refine=4)
[gen] step 390/416  (K_refine=4)
[gen] step 400/416  (K_refine=4)
[gen] step 410/416  (K_refine=4)
    -> temp/E1_v5b/A3/656/co/sample_1_temp1.0.mid
[gen] A3_REFINE_STEPS=4 (env override)
[gen] A3_FINAL_TEMP=0.9 (env override)
[gen] A3_TOP_P=0.95 (nucleus sampling)
[gen] step 0/416  (K_refine=4)
[gen] step 10/416  (K_refine=4)
[gen] step 20/416  (K_refine=4)
[gen] step 30/416  (K_refine=4)
[gen] step 40/416  (K_refine=4)
[gen] step 50/416  (K_refine=4)
[gen] step 60/416  (K_refine=4)
[gen] step 70/416  (K_refine=4)
[gen] step 80/416  (K_refine=4)
[gen] step 90/416  (K_refine=4)
[gen] step 100/416  (K_refine=4)
[gen] step 110/416  (K_refine=4)
[gen] step 120/416  (K_refine=4)
[gen] step 130/416  (K_refine=4)
[gen] step 140/416  (K_refine=4)
[gen] step 150/416  (K_refine=4)
[gen] step 160/416  (K_refine=4)
[gen] step 170/416  (K_refine=4)
[gen] step 180/416  (K_refine=4)
[gen] step 190/416  (K_refine=4)
[gen] step 200/416  (K_refine=4)
[gen] step 210/416  (K_refine=4)
[gen] step 220/416  (K_refine=4)
[gen] step 230/416  (K_refine=4)
[gen] step 240/416  (K_refine=4)
[gen] step 250/416  (K_refine=4)
[gen] step 260/416  (K_refine=4)
[gen] step 270/416  (K_refine=4)
[gen] step 280/416  (K_refine=4)
[gen] step 290/416  (K_refine=4)
[gen] step 300/416  (K_refine=4)
[gen] step 310/416  (K_refine=4)
[gen] step 320/416  (K_refine=4)
[gen] step 330/416  (K_refine=4)
[gen] step 340/416  (K_refine=4)
[gen] step 350/416  (K_refine=4)
[gen] step 360/416  (K_refine=4)
[gen] step 370/416  (K_refine=4)
[gen] step 380/416  (K_refine=4)
[gen] step 390/416  (K_refine=4)
[gen] step 400/416  (K_refine=4)
[gen] step 410/416  (K_refine=4)
    -> temp/E1_v5b/A3/656/co/sample_2_temp1.0.mid

[71/95] 666
  mode=co
[gen] A3_REFINE_STEPS=4 (env override)
[gen] A3_FINAL_TEMP=0.9 (env override)
[gen] A3_TOP_P=0.95 (nucleus sampling)
[gen] step 0/416  (K_refine=4)
[gen] step 10/416  (K_refine=4)
[gen] step 20/416  (K_refine=4)
[gen] step 30/416  (K_refine=4)
[gen] step 40/416  (K_refine=4)
[gen] step 50/416  (K_refine=4)
[gen] step 60/416  (K_refine=4)
[gen] step 70/416  (K_refine=4)
[gen] step 80/416  (K_refine=4)
[gen] step 90/416  (K_refine=4)
[gen] step 100/416  (K_refine=4)
[gen] step 110/416  (K_refine=4)
[gen] step 120/416  (K_refine=4)
[gen] step 130/416  (K_refine=4)
[gen] step 140/416  (K_refine=4)
[gen] step 150/416  (K_refine=4)
[gen] step 160/416  (K_refine=4)
[gen] step 170/416  (K_refine=4)
[gen] step 180/416  (K_refine=4)
[gen] step 190/416  (K_refine=4)
[gen] step 200/416  (K_refine=4)
[gen] step 210/416  (K_refine=4)
[gen] step 220/416  (K_refine=4)
[gen] step 230/416  (K_refine=4)
[gen] step 240/416  (K_refine=4)
[gen] step 250/416  (K_refine=4)
[gen] step 260/416  (K_refine=4)
[gen] step 270/416  (K_refine=4)
[gen] step 280/416  (K_refine=4)
[gen] step 290/416  (K_refine=4)
[gen] step 300/416  (K_refine=4)
[gen] step 310/416  (K_refine=4)
[gen] step 320/416  (K_refine=4)
[gen] step 330/416  (K_refine=4)
[gen] step 340/416  (K_refine=4)
[gen] step 350/416  (K_refine=4)
[gen] step 360/416  (K_refine=4)
[gen] step 370/416  (K_refine=4)
[gen] step 380/416  (K_refine=4)
[gen] step 390/416  (K_refine=4)
[gen] step 400/416  (K_refine=4)
[gen] step 410/416  (K_refine=4)
    -> temp/E1_v5b/A3/666/co/sample_0_temp1.0.mid
[gen] A3_REFINE_STEPS=4 (env override)
[gen] A3_FINAL_TEMP=0.9 (env override)
[gen] A3_TOP_P=0.95 (nucleus sampling)
[gen] step 0/416  (K_refine=4)
[gen] step 10/416  (K_refine=4)
[gen] step 20/416  (K_refine=4)
[gen] step 30/416  (K_refine=4)
[gen] step 40/416  (K_refine=4)
[gen] step 50/416  (K_refine=4)
[gen] step 60/416  (K_refine=4)
[gen] step 70/416  (K_refine=4)
[gen] step 80/416  (K_refine=4)
[gen] step 90/416  (K_refine=4)
[gen] step 100/416  (K_refine=4)
[gen] step 110/416  (K_refine=4)
[gen] step 120/416  (K_refine=4)
[gen] step 130/416  (K_refine=4)
[gen] step 140/416  (K_refine=4)
[gen] step 150/416  (K_refine=4)
[gen] step 160/416  (K_refine=4)
[gen] step 170/416  (K_refine=4)
[gen] step 180/416  (K_refine=4)
[gen] step 190/416  (K_refine=4)
[gen] step 200/416  (K_refine=4)
[gen] step 210/416  (K_refine=4)
[gen] step 220/416  (K_refine=4)
[gen] step 230/416  (K_refine=4)
[gen] step 240/416  (K_refine=4)
[gen] step 250/416  (K_refine=4)
[gen] step 260/416  (K_refine=4)
[gen] step 270/416  (K_refine=4)
[gen] step 280/416  (K_refine=4)
[gen] step 290/416  (K_refine=4)
[gen] step 300/416  (K_refine=4)
[gen] step 310/416  (K_refine=4)
[gen] step 320/416  (K_refine=4)
[gen] step 330/416  (K_refine=4)
[gen] step 340/416  (K_refine=4)
[gen] step 350/416  (K_refine=4)
[gen] step 360/416  (K_refine=4)
[gen] step 370/416  (K_refine=4)
[gen] step 380/416  (K_refine=4)
[gen] step 390/416  (K_refine=4)
[gen] step 400/416  (K_refine=4)
[gen] step 410/416  (K_refine=4)
    -> temp/E1_v5b/A3/666/co/sample_1_temp1.0.mid
[gen] A3_REFINE_STEPS=4 (env override)
[gen] A3_FINAL_TEMP=0.9 (env override)
[gen] A3_TOP_P=0.95 (nucleus sampling)
[gen] step 0/416  (K_refine=4)
[gen] step 10/416  (K_refine=4)
[gen] step 20/416  (K_refine=4)
[gen] step 30/416  (K_refine=4)
[gen] step 40/416  (K_refine=4)
[gen] step 50/416  (K_refine=4)
[gen] step 60/416  (K_refine=4)
[gen] step 70/416  (K_refine=4)
[gen] step 80/416  (K_refine=4)
[gen] step 90/416  (K_refine=4)
[gen] step 100/416  (K_refine=4)
[gen] step 110/416  (K_refine=4)
[gen] step 120/416  (K_refine=4)
[gen] step 130/416  (K_refine=4)
[gen] step 140/416  (K_refine=4)
[gen] step 150/416  (K_refine=4)
[gen] step 160/416  (K_refine=4)
[gen] step 170/416  (K_refine=4)
[gen] step 180/416  (K_refine=4)
[gen] step 190/416  (K_refine=4)
[gen] step 200/416  (K_refine=4)
[gen] step 210/416  (K_refine=4)
[gen] step 220/416  (K_refine=4)
[gen] step 230/416  (K_refine=4)
[gen] step 240/416  (K_refine=4)
[gen] step 250/416  (K_refine=4)
[gen] step 260/416  (K_refine=4)
[gen] step 270/416  (K_refine=4)
[gen] step 280/416  (K_refine=4)
[gen] step 290/416  (K_refine=4)
[gen] step 300/416  (K_refine=4)
[gen] step 310/416  (K_refine=4)
[gen] step 320/416  (K_refine=4)
[gen] step 330/416  (K_refine=4)
[gen] step 340/416  (K_refine=4)
[gen] step 350/416  (K_refine=4)
[gen] step 360/416  (K_refine=4)
[gen] step 370/416  (K_refine=4)
[gen] step 380/416  (K_refine=4)
[gen] step 390/416  (K_refine=4)
[gen] step 400/416  (K_refine=4)
[gen] step 410/416  (K_refine=4)
    -> temp/E1_v5b/A3/666/co/sample_2_temp1.0.mid

[72/95] 676
  mode=co
[gen] A3_REFINE_STEPS=4 (env override)
[gen] A3_FINAL_TEMP=0.9 (env override)
[gen] A3_TOP_P=0.95 (nucleus sampling)
[gen] step 0/416  (K_refine=4)
[gen] step 10/416  (K_refine=4)
[gen] step 20/416  (K_refine=4)
[gen] step 30/416  (K_refine=4)
[gen] step 40/416  (K_refine=4)
[gen] step 50/416  (K_refine=4)
[gen] step 60/416  (K_refine=4)
[gen] step 70/416  (K_refine=4)
[gen] step 80/416  (K_refine=4)
[gen] step 90/416  (K_refine=4)
[gen] step 100/416  (K_refine=4)
[gen] step 110/416  (K_refine=4)
[gen] step 120/416  (K_refine=4)
[gen] step 130/416  (K_refine=4)
[gen] step 140/416  (K_refine=4)
[gen] step 150/416  (K_refine=4)
[gen] step 160/416  (K_refine=4)
[gen] step 170/416  (K_refine=4)
[gen] step 180/416  (K_refine=4)
[gen] step 190/416  (K_refine=4)
[gen] step 200/416  (K_refine=4)
[gen] step 210/416  (K_refine=4)
[gen] step 220/416  (K_refine=4)
[gen] step 230/416  (K_refine=4)
[gen] step 240/416  (K_refine=4)
[gen] step 250/416  (K_refine=4)
[gen] step 260/416  (K_refine=4)
[gen] step 270/416  (K_refine=4)
[gen] step 280/416  (K_refine=4)
[gen] step 290/416  (K_refine=4)
[gen] step 300/416  (K_refine=4)
[gen] step 310/416  (K_refine=4)
[gen] step 320/416  (K_refine=4)
[gen] step 330/416  (K_refine=4)
[gen] step 340/416  (K_refine=4)
[gen] step 350/416  (K_refine=4)
[gen] step 360/416  (K_refine=4)
[gen] step 370/416  (K_refine=4)
[gen] step 380/416  (K_refine=4)
[gen] step 390/416  (K_refine=4)
[gen] step 400/416  (K_refine=4)
[gen] step 410/416  (K_refine=4)
    -> temp/E1_v5b/A3/676/co/sample_0_temp1.0.mid
[gen] A3_REFINE_STEPS=4 (env override)
[gen] A3_FINAL_TEMP=0.9 (env override)
[gen] A3_TOP_P=0.95 (nucleus sampling)
[gen] step 0/416  (K_refine=4)
[gen] step 10/416  (K_refine=4)
[gen] step 20/416  (K_refine=4)
[gen] step 30/416  (K_refine=4)
[gen] step 40/416  (K_refine=4)
[gen] step 50/416  (K_refine=4)
[gen] step 60/416  (K_refine=4)
[gen] step 70/416  (K_refine=4)
[gen] step 80/416  (K_refine=4)
[gen] step 90/416  (K_refine=4)
[gen] step 100/416  (K_refine=4)
[gen] step 110/416  (K_refine=4)
[gen] step 120/416  (K_refine=4)
[gen] step 130/416  (K_refine=4)
[gen] step 140/416  (K_refine=4)
[gen] step 150/416  (K_refine=4)
[gen] step 160/416  (K_refine=4)
[gen] step 170/416  (K_refine=4)
[gen] step 180/416  (K_refine=4)
[gen] step 190/416  (K_refine=4)
[gen] step 200/416  (K_refine=4)
[gen] step 210/416  (K_refine=4)
[gen] step 220/416  (K_refine=4)
[gen] step 230/416  (K_refine=4)
[gen] step 240/416  (K_refine=4)
[gen] step 250/416  (K_refine=4)
[gen] step 260/416  (K_refine=4)
[gen] step 270/416  (K_refine=4)
[gen] step 280/416  (K_refine=4)
[gen] step 290/416  (K_refine=4)
[gen] step 300/416  (K_refine=4)
[gen] step 310/416  (K_refine=4)
[gen] step 320/416  (K_refine=4)
[gen] step 330/416  (K_refine=4)
[gen] step 340/416  (K_refine=4)
[gen] step 350/416  (K_refine=4)
[gen] step 360/416  (K_refine=4)
[gen] step 370/416  (K_refine=4)
[gen] step 380/416  (K_refine=4)
[gen] step 390/416  (K_refine=4)
[gen] step 400/416  (K_refine=4)
[gen] step 410/416  (K_refine=4)
    -> temp/E1_v5b/A3/676/co/sample_1_temp1.0.mid
[gen] A3_REFINE_STEPS=4 (env override)
[gen] A3_FINAL_TEMP=0.9 (env override)
[gen] A3_TOP_P=0.95 (nucleus sampling)
[gen] step 0/416  (K_refine=4)
[gen] step 10/416  (K_refine=4)
[gen] step 20/416  (K_refine=4)
[gen] step 30/416  (K_refine=4)
[gen] step 40/416  (K_refine=4)
[gen] step 50/416  (K_refine=4)
[gen] step 60/416  (K_refine=4)
[gen] step 70/416  (K_refine=4)
[gen] step 80/416  (K_refine=4)
[gen] step 90/416  (K_refine=4)
[gen] step 100/416  (K_refine=4)
[gen] step 110/416  (K_refine=4)
[gen] step 120/416  (K_refine=4)
[gen] step 130/416  (K_refine=4)
[gen] step 140/416  (K_refine=4)
[gen] step 150/416  (K_refine=4)
[gen] step 160/416  (K_refine=4)
[gen] step 170/416  (K_refine=4)
[gen] step 180/416  (K_refine=4)
[gen] step 190/416  (K_refine=4)
[gen] step 200/416  (K_refine=4)
[gen] step 210/416  (K_refine=4)
[gen] step 220/416  (K_refine=4)
[gen] step 230/416  (K_refine=4)
[gen] step 240/416  (K_refine=4)
[gen] step 250/416  (K_refine=4)
[gen] step 260/416  (K_refine=4)
[gen] step 270/416  (K_refine=4)
[gen] step 280/416  (K_refine=4)
[gen] step 290/416  (K_refine=4)
[gen] step 300/416  (K_refine=4)
[gen] step 310/416  (K_refine=4)
[gen] step 320/416  (K_refine=4)
[gen] step 330/416  (K_refine=4)
[gen] step 340/416  (K_refine=4)
[gen] step 350/416  (K_refine=4)
[gen] step 360/416  (K_refine=4)
[gen] step 370/416  (K_refine=4)
[gen] step 380/416  (K_refine=4)
[gen] step 390/416  (K_refine=4)
[gen] step 400/416  (K_refine=4)
[gen] step 410/416  (K_refine=4)
    -> temp/E1_v5b/A3/676/co/sample_2_temp1.0.mid

[73/95] 686
  mode=co
[gen] A3_REFINE_STEPS=4 (env override)
[gen] A3_FINAL_TEMP=0.9 (env override)
[gen] A3_TOP_P=0.95 (nucleus sampling)
[gen] step 0/416  (K_refine=4)
[gen] step 10/416  (K_refine=4)
[gen] step 20/416  (K_refine=4)
[gen] step 30/416  (K_refine=4)
[gen] step 40/416  (K_refine=4)
[gen] step 50/416  (K_refine=4)
[gen] step 60/416  (K_refine=4)
[gen] step 70/416  (K_refine=4)
[gen] step 80/416  (K_refine=4)
[gen] step 90/416  (K_refine=4)
[gen] step 100/416  (K_refine=4)
[gen] step 110/416  (K_refine=4)
[gen] step 120/416  (K_refine=4)
[gen] step 130/416  (K_refine=4)
[gen] step 140/416  (K_refine=4)
[gen] step 150/416  (K_refine=4)
[gen] step 160/416  (K_refine=4)
[gen] step 170/416  (K_refine=4)
[gen] step 180/416  (K_refine=4)
[gen] step 190/416  (K_refine=4)
[gen] step 200/416  (K_refine=4)
[gen] step 210/416  (K_refine=4)
[gen] step 220/416  (K_refine=4)
[gen] step 230/416  (K_refine=4)
[gen] step 240/416  (K_refine=4)
[gen] step 250/416  (K_refine=4)
[gen] step 260/416  (K_refine=4)
[gen] step 270/416  (K_refine=4)
[gen] step 280/416  (K_refine=4)
[gen] step 290/416  (K_refine=4)
[gen] step 300/416  (K_refine=4)
[gen] step 310/416  (K_refine=4)
[gen] step 320/416  (K_refine=4)
[gen] step 330/416  (K_refine=4)
[gen] step 340/416  (K_refine=4)
[gen] step 350/416  (K_refine=4)
[gen] step 360/416  (K_refine=4)
[gen] step 370/416  (K_refine=4)
[gen] step 380/416  (K_refine=4)
[gen] step 390/416  (K_refine=4)
[gen] step 400/416  (K_refine=4)
[gen] step 410/416  (K_refine=4)
    -> temp/E1_v5b/A3/686/co/sample_0_temp1.0.mid
[gen] A3_REFINE_STEPS=4 (env override)
[gen] A3_FINAL_TEMP=0.9 (env override)
[gen] A3_TOP_P=0.95 (nucleus sampling)
[gen] step 0/416  (K_refine=4)
[gen] step 10/416  (K_refine=4)
[gen] step 20/416  (K_refine=4)
[gen] step 30/416  (K_refine=4)
[gen] step 40/416  (K_refine=4)
[gen] step 50/416  (K_refine=4)
[gen] step 60/416  (K_refine=4)
[gen] step 70/416  (K_refine=4)
[gen] step 80/416  (K_refine=4)
[gen] step 90/416  (K_refine=4)
[gen] step 100/416  (K_refine=4)
[gen] step 110/416  (K_refine=4)
[gen] step 120/416  (K_refine=4)
[gen] step 130/416  (K_refine=4)
[gen] step 140/416  (K_refine=4)
[gen] step 150/416  (K_refine=4)
[gen] step 160/416  (K_refine=4)
[gen] step 170/416  (K_refine=4)
[gen] step 180/416  (K_refine=4)
[gen] step 190/416  (K_refine=4)
[gen] step 200/416  (K_refine=4)
[gen] step 210/416  (K_refine=4)
[gen] step 220/416  (K_refine=4)
[gen] step 230/416  (K_refine=4)
[gen] step 240/416  (K_refine=4)
[gen] step 250/416  (K_refine=4)
[gen] step 260/416  (K_refine=4)
[gen] step 270/416  (K_refine=4)
[gen] step 280/416  (K_refine=4)
[gen] step 290/416  (K_refine=4)
[gen] step 300/416  (K_refine=4)
[gen] step 310/416  (K_refine=4)
[gen] step 320/416  (K_refine=4)
[gen] step 330/416  (K_refine=4)
[gen] step 340/416  (K_refine=4)
[gen] step 350/416  (K_refine=4)
[gen] step 360/416  (K_refine=4)
[gen] step 370/416  (K_refine=4)
[gen] step 380/416  (K_refine=4)
[gen] step 390/416  (K_refine=4)
[gen] step 400/416  (K_refine=4)
[gen] step 410/416  (K_refine=4)
    -> temp/E1_v5b/A3/686/co/sample_1_temp1.0.mid
[gen] A3_REFINE_STEPS=4 (env override)
[gen] A3_FINAL_TEMP=0.9 (env override)
[gen] A3_TOP_P=0.95 (nucleus sampling)
[gen] step 0/416  (K_refine=4)
[gen] step 10/416  (K_refine=4)
[gen] step 20/416  (K_refine=4)
[gen] step 30/416  (K_refine=4)
[gen] step 40/416  (K_refine=4)
[gen] step 50/416  (K_refine=4)
[gen] step 60/416  (K_refine=4)
[gen] step 70/416  (K_refine=4)
[gen] step 80/416  (K_refine=4)
[gen] step 90/416  (K_refine=4)
[gen] step 100/416  (K_refine=4)
[gen] step 110/416  (K_refine=4)
[gen] step 120/416  (K_refine=4)
[gen] step 130/416  (K_refine=4)
[gen] step 140/416  (K_refine=4)
[gen] step 150/416  (K_refine=4)
[gen] step 160/416  (K_refine=4)
[gen] step 170/416  (K_refine=4)
[gen] step 180/416  (K_refine=4)
[gen] step 190/416  (K_refine=4)
[gen] step 200/416  (K_refine=4)
[gen] step 210/416  (K_refine=4)
[gen] step 220/416  (K_refine=4)
[gen] step 230/416  (K_refine=4)
[gen] step 240/416  (K_refine=4)
[gen] step 250/416  (K_refine=4)
[gen] step 260/416  (K_refine=4)
[gen] step 270/416  (K_refine=4)
[gen] step 280/416  (K_refine=4)
[gen] step 290/416  (K_refine=4)
[gen] step 300/416  (K_refine=4)
[gen] step 310/416  (K_refine=4)
[gen] step 320/416  (K_refine=4)
[gen] step 330/416  (K_refine=4)
[gen] step 340/416  (K_refine=4)
[gen] step 350/416  (K_refine=4)
[gen] step 360/416  (K_refine=4)
[gen] step 370/416  (K_refine=4)
[gen] step 380/416  (K_refine=4)
[gen] step 390/416  (K_refine=4)
[gen] step 400/416  (K_refine=4)
[gen] step 410/416  (K_refine=4)
    -> temp/E1_v5b/A3/686/co/sample_2_temp1.0.mid

[74/95] 696
  mode=co
[gen] A3_REFINE_STEPS=4 (env override)
[gen] A3_FINAL_TEMP=0.9 (env override)
[gen] A3_TOP_P=0.95 (nucleus sampling)
[gen] step 0/416  (K_refine=4)
[gen] step 10/416  (K_refine=4)
[gen] step 20/416  (K_refine=4)
[gen] step 30/416  (K_refine=4)
[gen] step 40/416  (K_refine=4)
[gen] step 50/416  (K_refine=4)
[gen] step 60/416  (K_refine=4)
[gen] step 70/416  (K_refine=4)
[gen] step 80/416  (K_refine=4)
[gen] step 90/416  (K_refine=4)
[gen] step 100/416  (K_refine=4)
[gen] step 110/416  (K_refine=4)
[gen] step 120/416  (K_refine=4)
[gen] step 130/416  (K_refine=4)
[gen] step 140/416  (K_refine=4)
[gen] step 150/416  (K_refine=4)
[gen] step 160/416  (K_refine=4)
[gen] step 170/416  (K_refine=4)
[gen] step 180/416  (K_refine=4)
[gen] step 190/416  (K_refine=4)
[gen] step 200/416  (K_refine=4)
[gen] step 210/416  (K_refine=4)
[gen] step 220/416  (K_refine=4)
[gen] step 230/416  (K_refine=4)
[gen] step 240/416  (K_refine=4)
[gen] step 250/416  (K_refine=4)
[gen] step 260/416  (K_refine=4)
[gen] step 270/416  (K_refine=4)
[gen] step 280/416  (K_refine=4)
[gen] step 290/416  (K_refine=4)
[gen] step 300/416  (K_refine=4)
[gen] step 310/416  (K_refine=4)
[gen] step 320/416  (K_refine=4)
[gen] step 330/416  (K_refine=4)
[gen] step 340/416  (K_refine=4)
[gen] step 350/416  (K_refine=4)
[gen] step 360/416  (K_refine=4)
[gen] step 370/416  (K_refine=4)
[gen] step 380/416  (K_refine=4)
[gen] step 390/416  (K_refine=4)
[gen] step 400/416  (K_refine=4)
[gen] step 410/416  (K_refine=4)
    -> temp/E1_v5b/A3/696/co/sample_0_temp1.0.mid
[gen] A3_REFINE_STEPS=4 (env override)
[gen] A3_FINAL_TEMP=0.9 (env override)
[gen] A3_TOP_P=0.95 (nucleus sampling)
[gen] step 0/416  (K_refine=4)
[gen] step 10/416  (K_refine=4)
[gen] step 20/416  (K_refine=4)
[gen] step 30/416  (K_refine=4)
[gen] step 40/416  (K_refine=4)
[gen] step 50/416  (K_refine=4)
[gen] step 60/416  (K_refine=4)
[gen] step 70/416  (K_refine=4)
[gen] step 80/416  (K_refine=4)
[gen] step 90/416  (K_refine=4)
[gen] step 100/416  (K_refine=4)
[gen] step 110/416  (K_refine=4)
[gen] step 120/416  (K_refine=4)
[gen] step 130/416  (K_refine=4)
[gen] step 140/416  (K_refine=4)
[gen] step 150/416  (K_refine=4)
[gen] step 160/416  (K_refine=4)
[gen] step 170/416  (K_refine=4)
[gen] step 180/416  (K_refine=4)
[gen] step 190/416  (K_refine=4)
[gen] step 200/416  (K_refine=4)
[gen] step 210/416  (K_refine=4)
[gen] step 220/416  (K_refine=4)
[gen] step 230/416  (K_refine=4)
[gen] step 240/416  (K_refine=4)
[gen] step 250/416  (K_refine=4)
[gen] step 260/416  (K_refine=4)
[gen] step 270/416  (K_refine=4)
[gen] step 280/416  (K_refine=4)
[gen] step 290/416  (K_refine=4)
[gen] step 300/416  (K_refine=4)
[gen] step 310/416  (K_refine=4)
[gen] step 320/416  (K_refine=4)
[gen] step 330/416  (K_refine=4)
[gen] step 340/416  (K_refine=4)
[gen] step 350/416  (K_refine=4)
[gen] step 360/416  (K_refine=4)
[gen] step 370/416  (K_refine=4)
[gen] step 380/416  (K_refine=4)
[gen] step 390/416  (K_refine=4)
[gen] step 400/416  (K_refine=4)
[gen] step 410/416  (K_refine=4)
    -> temp/E1_v5b/A3/696/co/sample_1_temp1.0.mid
[gen] A3_REFINE_STEPS=4 (env override)
[gen] A3_FINAL_TEMP=0.9 (env override)
[gen] A3_TOP_P=0.95 (nucleus sampling)
[gen] step 0/416  (K_refine=4)
[gen] step 10/416  (K_refine=4)
[gen] step 20/416  (K_refine=4)
[gen] step 30/416  (K_refine=4)
[gen] step 40/416  (K_refine=4)
[gen] step 50/416  (K_refine=4)
[gen] step 60/416  (K_refine=4)
[gen] step 70/416  (K_refine=4)
[gen] step 80/416  (K_refine=4)
[gen] step 90/416  (K_refine=4)
[gen] step 100/416  (K_refine=4)
[gen] step 110/416  (K_refine=4)
[gen] step 120/416  (K_refine=4)
[gen] step 130/416  (K_refine=4)
[gen] step 140/416  (K_refine=4)
[gen] step 150/416  (K_refine=4)
[gen] step 160/416  (K_refine=4)
[gen] step 170/416  (K_refine=4)
[gen] step 180/416  (K_refine=4)
[gen] step 190/416  (K_refine=4)
[gen] step 200/416  (K_refine=4)
[gen] step 210/416  (K_refine=4)
[gen] step 220/416  (K_refine=4)
[gen] step 230/416  (K_refine=4)
[gen] step 240/416  (K_refine=4)
[gen] step 250/416  (K_refine=4)
[gen] step 260/416  (K_refine=4)
[gen] step 270/416  (K_refine=4)
[gen] step 280/416  (K_refine=4)
[gen] step 290/416  (K_refine=4)
[gen] step 300/416  (K_refine=4)
[gen] step 310/416  (K_refine=4)
[gen] step 320/416  (K_refine=4)
[gen] step 330/416  (K_refine=4)
[gen] step 340/416  (K_refine=4)
[gen] step 350/416  (K_refine=4)
[gen] step 360/416  (K_refine=4)
[gen] step 370/416  (K_refine=4)
[gen] step 380/416  (K_refine=4)
[gen] step 390/416  (K_refine=4)
[gen] step 400/416  (K_refine=4)
[gen] step 410/416  (K_refine=4)
    -> temp/E1_v5b/A3/696/co/sample_2_temp1.0.mid

[75/95] 706
  mode=co
[gen] A3_REFINE_STEPS=4 (env override)
[gen] A3_FINAL_TEMP=0.9 (env override)
[gen] A3_TOP_P=0.95 (nucleus sampling)
[gen] step 0/416  (K_refine=4)
[gen] step 10/416  (K_refine=4)
[gen] step 20/416  (K_refine=4)
[gen] step 30/416  (K_refine=4)
[gen] step 40/416  (K_refine=4)
[gen] step 50/416  (K_refine=4)
[gen] step 60/416  (K_refine=4)
[gen] step 70/416  (K_refine=4)
[gen] step 80/416  (K_refine=4)
[gen] step 90/416  (K_refine=4)
[gen] step 100/416  (K_refine=4)
[gen] step 110/416  (K_refine=4)
[gen] step 120/416  (K_refine=4)
[gen] step 130/416  (K_refine=4)
[gen] step 140/416  (K_refine=4)
[gen] step 150/416  (K_refine=4)
[gen] step 160/416  (K_refine=4)
[gen] step 170/416  (K_refine=4)
[gen] step 180/416  (K_refine=4)
[gen] step 190/416  (K_refine=4)
[gen] step 200/416  (K_refine=4)
[gen] step 210/416  (K_refine=4)
[gen] step 220/416  (K_refine=4)
[gen] step 230/416  (K_refine=4)
[gen] step 240/416  (K_refine=4)
[gen] step 250/416  (K_refine=4)
[gen] step 260/416  (K_refine=4)
[gen] step 270/416  (K_refine=4)
[gen] step 280/416  (K_refine=4)
[gen] step 290/416  (K_refine=4)
[gen] step 300/416  (K_refine=4)
[gen] step 310/416  (K_refine=4)
[gen] step 320/416  (K_refine=4)
[gen] step 330/416  (K_refine=4)
[gen] step 340/416  (K_refine=4)
[gen] step 350/416  (K_refine=4)
[gen] step 360/416  (K_refine=4)
[gen] step 370/416  (K_refine=4)
[gen] step 380/416  (K_refine=4)
[gen] step 390/416  (K_refine=4)
[gen] step 400/416  (K_refine=4)
[gen] step 410/416  (K_refine=4)
    -> temp/E1_v5b/A3/706/co/sample_0_temp1.0.mid
[gen] A3_REFINE_STEPS=4 (env override)
[gen] A3_FINAL_TEMP=0.9 (env override)
[gen] A3_TOP_P=0.95 (nucleus sampling)
[gen] step 0/416  (K_refine=4)
[gen] step 10/416  (K_refine=4)
[gen] step 20/416  (K_refine=4)
[gen] step 30/416  (K_refine=4)
[gen] step 40/416  (K_refine=4)
[gen] step 50/416  (K_refine=4)
[gen] step 60/416  (K_refine=4)
[gen] step 70/416  (K_refine=4)
[gen] step 80/416  (K_refine=4)
[gen] step 90/416  (K_refine=4)
[gen] step 100/416  (K_refine=4)
[gen] step 110/416  (K_refine=4)
[gen] step 120/416  (K_refine=4)
[gen] step 130/416  (K_refine=4)
[gen] step 140/416  (K_refine=4)
[gen] step 150/416  (K_refine=4)
[gen] step 160/416  (K_refine=4)
[gen] step 170/416  (K_refine=4)
[gen] step 180/416  (K_refine=4)
[gen] step 190/416  (K_refine=4)
[gen] step 200/416  (K_refine=4)
[gen] step 210/416  (K_refine=4)
[gen] step 220/416  (K_refine=4)
[gen] step 230/416  (K_refine=4)
[gen] step 240/416  (K_refine=4)
[gen] step 250/416  (K_refine=4)
[gen] step 260/416  (K_refine=4)
[gen] step 270/416  (K_refine=4)
[gen] step 280/416  (K_refine=4)
[gen] step 290/416  (K_refine=4)
[gen] step 300/416  (K_refine=4)
[gen] step 310/416  (K_refine=4)
[gen] step 320/416  (K_refine=4)
[gen] step 330/416  (K_refine=4)
[gen] step 340/416  (K_refine=4)
[gen] step 350/416  (K_refine=4)
[gen] step 360/416  (K_refine=4)
[gen] step 370/416  (K_refine=4)
[gen] step 380/416  (K_refine=4)
[gen] step 390/416  (K_refine=4)
[gen] step 400/416  (K_refine=4)
[gen] step 410/416  (K_refine=4)
    -> temp/E1_v5b/A3/706/co/sample_1_temp1.0.mid
[gen] A3_REFINE_STEPS=4 (env override)
[gen] A3_FINAL_TEMP=0.9 (env override)
[gen] A3_TOP_P=0.95 (nucleus sampling)
[gen] step 0/416  (K_refine=4)
[gen] step 10/416  (K_refine=4)
[gen] step 20/416  (K_refine=4)
[gen] step 30/416  (K_refine=4)
[gen] step 40/416  (K_refine=4)
[gen] step 50/416  (K_refine=4)
[gen] step 60/416  (K_refine=4)
[gen] step 70/416  (K_refine=4)
[gen] step 80/416  (K_refine=4)
[gen] step 90/416  (K_refine=4)
[gen] step 100/416  (K_refine=4)
[gen] step 110/416  (K_refine=4)
[gen] step 120/416  (K_refine=4)
[gen] step 130/416  (K_refine=4)
[gen] step 140/416  (K_refine=4)
[gen] step 150/416  (K_refine=4)
[gen] step 160/416  (K_refine=4)
[gen] step 170/416  (K_refine=4)
[gen] step 180/416  (K_refine=4)
[gen] step 190/416  (K_refine=4)
[gen] step 200/416  (K_refine=4)
[gen] step 210/416  (K_refine=4)
[gen] step 220/416  (K_refine=4)
[gen] step 230/416  (K_refine=4)
[gen] step 240/416  (K_refine=4)
[gen] step 250/416  (K_refine=4)
[gen] step 260/416  (K_refine=4)
[gen] step 270/416  (K_refine=4)
[gen] step 280/416  (K_refine=4)
[gen] step 290/416  (K_refine=4)
[gen] step 300/416  (K_refine=4)
[gen] step 310/416  (K_refine=4)
[gen] step 320/416  (K_refine=4)
[gen] step 330/416  (K_refine=4)
[gen] step 340/416  (K_refine=4)
[gen] step 350/416  (K_refine=4)
[gen] step 360/416  (K_refine=4)
[gen] step 370/416  (K_refine=4)
[gen] step 380/416  (K_refine=4)
[gen] step 390/416  (K_refine=4)
[gen] step 400/416  (K_refine=4)
[gen] step 410/416  (K_refine=4)
    -> temp/E1_v5b/A3/706/co/sample_2_temp1.0.mid

[76/95] 716
  mode=co
[gen] A3_REFINE_STEPS=4 (env override)
[gen] A3_FINAL_TEMP=0.9 (env override)
[gen] A3_TOP_P=0.95 (nucleus sampling)
[gen] step 0/416  (K_refine=4)
[gen] step 10/416  (K_refine=4)
[gen] step 20/416  (K_refine=4)
[gen] step 30/416  (K_refine=4)
[gen] step 40/416  (K_refine=4)
[gen] step 50/416  (K_refine=4)
[gen] step 60/416  (K_refine=4)
[gen] step 70/416  (K_refine=4)
[gen] step 80/416  (K_refine=4)
[gen] step 90/416  (K_refine=4)
[gen] step 100/416  (K_refine=4)
[gen] step 110/416  (K_refine=4)
[gen] step 120/416  (K_refine=4)
[gen] step 130/416  (K_refine=4)
[gen] step 140/416  (K_refine=4)
[gen] step 150/416  (K_refine=4)
[gen] step 160/416  (K_refine=4)
[gen] step 170/416  (K_refine=4)
[gen] step 180/416  (K_refine=4)
[gen] step 190/416  (K_refine=4)
[gen] step 200/416  (K_refine=4)
[gen] step 210/416  (K_refine=4)
[gen] step 220/416  (K_refine=4)
[gen] step 230/416  (K_refine=4)
[gen] step 240/416  (K_refine=4)
[gen] step 250/416  (K_refine=4)
[gen] step 260/416  (K_refine=4)
[gen] step 270/416  (K_refine=4)
[gen] step 280/416  (K_refine=4)
[gen] step 290/416  (K_refine=4)
[gen] step 300/416  (K_refine=4)
[gen] step 310/416  (K_refine=4)
[gen] step 320/416  (K_refine=4)
[gen] step 330/416  (K_refine=4)
[gen] step 340/416  (K_refine=4)
[gen] step 350/416  (K_refine=4)
[gen] step 360/416  (K_refine=4)
[gen] step 370/416  (K_refine=4)
[gen] step 380/416  (K_refine=4)
[gen] step 390/416  (K_refine=4)
[gen] step 400/416  (K_refine=4)
[gen] step 410/416  (K_refine=4)
    -> temp/E1_v5b/A3/716/co/sample_0_temp1.0.mid
[gen] A3_REFINE_STEPS=4 (env override)
[gen] A3_FINAL_TEMP=0.9 (env override)
[gen] A3_TOP_P=0.95 (nucleus sampling)
[gen] step 0/416  (K_refine=4)
[gen] step 10/416  (K_refine=4)
[gen] step 20/416  (K_refine=4)
[gen] step 30/416  (K_refine=4)
[gen] step 40/416  (K_refine=4)
[gen] step 50/416  (K_refine=4)
[gen] step 60/416  (K_refine=4)
[gen] step 70/416  (K_refine=4)
[gen] step 80/416  (K_refine=4)
[gen] step 90/416  (K_refine=4)
[gen] step 100/416  (K_refine=4)
[gen] step 110/416  (K_refine=4)
[gen] step 120/416  (K_refine=4)
[gen] step 130/416  (K_refine=4)
[gen] step 140/416  (K_refine=4)
[gen] step 150/416  (K_refine=4)
[gen] step 160/416  (K_refine=4)
[gen] step 170/416  (K_refine=4)
[gen] step 180/416  (K_refine=4)
[gen] step 190/416  (K_refine=4)
[gen] step 200/416  (K_refine=4)
[gen] step 210/416  (K_refine=4)
[gen] step 220/416  (K_refine=4)
[gen] step 230/416  (K_refine=4)
[gen] step 240/416  (K_refine=4)
[gen] step 250/416  (K_refine=4)
[gen] step 260/416  (K_refine=4)
[gen] step 270/416  (K_refine=4)
[gen] step 280/416  (K_refine=4)
[gen] step 290/416  (K_refine=4)
[gen] step 300/416  (K_refine=4)
[gen] step 310/416  (K_refine=4)
[gen] step 320/416  (K_refine=4)
[gen] step 330/416  (K_refine=4)
[gen] step 340/416  (K_refine=4)
[gen] step 350/416  (K_refine=4)
[gen] step 360/416  (K_refine=4)
[gen] step 370/416  (K_refine=4)
[gen] step 380/416  (K_refine=4)
[gen] step 390/416  (K_refine=4)
[gen] step 400/416  (K_refine=4)
[gen] step 410/416  (K_refine=4)
    -> temp/E1_v5b/A3/716/co/sample_1_temp1.0.mid
[gen] A3_REFINE_STEPS=4 (env override)
[gen] A3_FINAL_TEMP=0.9 (env override)
[gen] A3_TOP_P=0.95 (nucleus sampling)
[gen] step 0/416  (K_refine=4)
[gen] step 10/416  (K_refine=4)
[gen] step 20/416  (K_refine=4)
[gen] step 30/416  (K_refine=4)
[gen] step 40/416  (K_refine=4)
[gen] step 50/416  (K_refine=4)
[gen] step 60/416  (K_refine=4)
[gen] step 70/416  (K_refine=4)
[gen] step 80/416  (K_refine=4)
[gen] step 90/416  (K_refine=4)
[gen] step 100/416  (K_refine=4)
[gen] step 110/416  (K_refine=4)
[gen] step 120/416  (K_refine=4)
[gen] step 130/416  (K_refine=4)
[gen] step 140/416  (K_refine=4)
[gen] step 150/416  (K_refine=4)
[gen] step 160/416  (K_refine=4)
[gen] step 170/416  (K_refine=4)
[gen] step 180/416  (K_refine=4)
[gen] step 190/416  (K_refine=4)
[gen] step 200/416  (K_refine=4)
[gen] step 210/416  (K_refine=4)
[gen] step 220/416  (K_refine=4)
[gen] step 230/416  (K_refine=4)
[gen] step 240/416  (K_refine=4)
[gen] step 250/416  (K_refine=4)
[gen] step 260/416  (K_refine=4)
[gen] step 270/416  (K_refine=4)
[gen] step 280/416  (K_refine=4)
[gen] step 290/416  (K_refine=4)
[gen] step 300/416  (K_refine=4)
[gen] step 310/416  (K_refine=4)
[gen] step 320/416  (K_refine=4)
[gen] step 330/416  (K_refine=4)
[gen] step 340/416  (K_refine=4)
[gen] step 350/416  (K_refine=4)
[gen] step 360/416  (K_refine=4)
[gen] step 370/416  (K_refine=4)
[gen] step 380/416  (K_refine=4)
[gen] step 390/416  (K_refine=4)
[gen] step 400/416  (K_refine=4)
[gen] step 410/416  (K_refine=4)
    -> temp/E1_v5b/A3/716/co/sample_2_temp1.0.mid

[77/95] 726
  mode=co
[gen] A3_REFINE_STEPS=4 (env override)
[gen] A3_FINAL_TEMP=0.9 (env override)
[gen] A3_TOP_P=0.95 (nucleus sampling)
[gen] step 0/416  (K_refine=4)
[gen] step 10/416  (K_refine=4)
[gen] step 20/416  (K_refine=4)
[gen] step 30/416  (K_refine=4)
[gen] step 40/416  (K_refine=4)
[gen] step 50/416  (K_refine=4)
[gen] step 60/416  (K_refine=4)
[gen] step 70/416  (K_refine=4)
[gen] step 80/416  (K_refine=4)
[gen] step 90/416  (K_refine=4)
[gen] step 100/416  (K_refine=4)
[gen] step 110/416  (K_refine=4)
[gen] step 120/416  (K_refine=4)
[gen] step 130/416  (K_refine=4)
[gen] step 140/416  (K_refine=4)
[gen] step 150/416  (K_refine=4)
[gen] step 160/416  (K_refine=4)
[gen] step 170/416  (K_refine=4)
[gen] step 180/416  (K_refine=4)
[gen] step 190/416  (K_refine=4)
[gen] step 200/416  (K_refine=4)
[gen] step 210/416  (K_refine=4)
[gen] step 220/416  (K_refine=4)
[gen] step 230/416  (K_refine=4)
[gen] step 240/416  (K_refine=4)
[gen] step 250/416  (K_refine=4)
[gen] step 260/416  (K_refine=4)
[gen] step 270/416  (K_refine=4)
[gen] step 280/416  (K_refine=4)
[gen] step 290/416  (K_refine=4)
[gen] step 300/416  (K_refine=4)
[gen] step 310/416  (K_refine=4)
[gen] step 320/416  (K_refine=4)
[gen] step 330/416  (K_refine=4)
[gen] step 340/416  (K_refine=4)
[gen] step 350/416  (K_refine=4)
[gen] step 360/416  (K_refine=4)
[gen] step 370/416  (K_refine=4)
[gen] step 380/416  (K_refine=4)
[gen] step 390/416  (K_refine=4)
[gen] step 400/416  (K_refine=4)
[gen] step 410/416  (K_refine=4)
    -> temp/E1_v5b/A3/726/co/sample_0_temp1.0.mid
[gen] A3_REFINE_STEPS=4 (env override)
[gen] A3_FINAL_TEMP=0.9 (env override)
[gen] A3_TOP_P=0.95 (nucleus sampling)
[gen] step 0/416  (K_refine=4)
[gen] step 10/416  (K_refine=4)
[gen] step 20/416  (K_refine=4)
[gen] step 30/416  (K_refine=4)
[gen] step 40/416  (K_refine=4)
[gen] step 50/416  (K_refine=4)
[gen] step 60/416  (K_refine=4)
[gen] step 70/416  (K_refine=4)
[gen] step 80/416  (K_refine=4)
[gen] step 90/416  (K_refine=4)
[gen] step 100/416  (K_refine=4)
[gen] step 110/416  (K_refine=4)
[gen] step 120/416  (K_refine=4)
[gen] step 130/416  (K_refine=4)
[gen] step 140/416  (K_refine=4)
[gen] step 150/416  (K_refine=4)
[gen] step 160/416  (K_refine=4)
[gen] step 170/416  (K_refine=4)
[gen] step 180/416  (K_refine=4)
[gen] step 190/416  (K_refine=4)
[gen] step 200/416  (K_refine=4)
[gen] step 210/416  (K_refine=4)
[gen] step 220/416  (K_refine=4)
[gen] step 230/416  (K_refine=4)
[gen] step 240/416  (K_refine=4)
[gen] step 250/416  (K_refine=4)
[gen] step 260/416  (K_refine=4)
[gen] step 270/416  (K_refine=4)
[gen] step 280/416  (K_refine=4)
[gen] step 290/416  (K_refine=4)
[gen] step 300/416  (K_refine=4)
[gen] step 310/416  (K_refine=4)
[gen] step 320/416  (K_refine=4)
[gen] step 330/416  (K_refine=4)
[gen] step 340/416  (K_refine=4)
[gen] step 350/416  (K_refine=4)
[gen] step 360/416  (K_refine=4)
[gen] step 370/416  (K_refine=4)
[gen] step 380/416  (K_refine=4)
[gen] step 390/416  (K_refine=4)
[gen] step 400/416  (K_refine=4)
[gen] step 410/416  (K_refine=4)
    -> temp/E1_v5b/A3/726/co/sample_1_temp1.0.mid
[gen] A3_REFINE_STEPS=4 (env override)
[gen] A3_FINAL_TEMP=0.9 (env override)
[gen] A3_TOP_P=0.95 (nucleus sampling)
[gen] step 0/416  (K_refine=4)
[gen] step 10/416  (K_refine=4)
[gen] step 20/416  (K_refine=4)
[gen] step 30/416  (K_refine=4)
[gen] step 40/416  (K_refine=4)
[gen] step 50/416  (K_refine=4)
[gen] step 60/416  (K_refine=4)
[gen] step 70/416  (K_refine=4)
[gen] step 80/416  (K_refine=4)
[gen] step 90/416  (K_refine=4)
[gen] step 100/416  (K_refine=4)
[gen] step 110/416  (K_refine=4)
[gen] step 120/416  (K_refine=4)
[gen] step 130/416  (K_refine=4)
[gen] step 140/416  (K_refine=4)
[gen] step 150/416  (K_refine=4)
[gen] step 160/416  (K_refine=4)
[gen] step 170/416  (K_refine=4)
[gen] step 180/416  (K_refine=4)
[gen] step 190/416  (K_refine=4)
[gen] step 200/416  (K_refine=4)
[gen] step 210/416  (K_refine=4)
[gen] step 220/416  (K_refine=4)
[gen] step 230/416  (K_refine=4)
[gen] step 240/416  (K_refine=4)
[gen] step 250/416  (K_refine=4)
[gen] step 260/416  (K_refine=4)
[gen] step 270/416  (K_refine=4)
[gen] step 280/416  (K_refine=4)
[gen] step 290/416  (K_refine=4)
[gen] step 300/416  (K_refine=4)
[gen] step 310/416  (K_refine=4)
[gen] step 320/416  (K_refine=4)
[gen] step 330/416  (K_refine=4)
[gen] step 340/416  (K_refine=4)
[gen] step 350/416  (K_refine=4)
[gen] step 360/416  (K_refine=4)
[gen] step 370/416  (K_refine=4)
[gen] step 380/416  (K_refine=4)
[gen] step 390/416  (K_refine=4)
[gen] step 400/416  (K_refine=4)
[gen] step 410/416  (K_refine=4)
    -> temp/E1_v5b/A3/726/co/sample_2_temp1.0.mid

[78/95] 736
  mode=co
[gen] A3_REFINE_STEPS=4 (env override)
[gen] A3_FINAL_TEMP=0.9 (env override)
[gen] A3_TOP_P=0.95 (nucleus sampling)
[gen] step 0/416  (K_refine=4)
[gen] step 10/416  (K_refine=4)
[gen] step 20/416  (K_refine=4)
[gen] step 30/416  (K_refine=4)
[gen] step 40/416  (K_refine=4)
[gen] step 50/416  (K_refine=4)
[gen] step 60/416  (K_refine=4)
[gen] step 70/416  (K_refine=4)
[gen] step 80/416  (K_refine=4)
[gen] step 90/416  (K_refine=4)
[gen] step 100/416  (K_refine=4)
[gen] step 110/416  (K_refine=4)
[gen] step 120/416  (K_refine=4)
[gen] step 130/416  (K_refine=4)
[gen] step 140/416  (K_refine=4)
[gen] step 150/416  (K_refine=4)
[gen] step 160/416  (K_refine=4)
[gen] step 170/416  (K_refine=4)
[gen] step 180/416  (K_refine=4)
[gen] step 190/416  (K_refine=4)
[gen] step 200/416  (K_refine=4)
[gen] step 210/416  (K_refine=4)
[gen] step 220/416  (K_refine=4)
[gen] step 230/416  (K_refine=4)
[gen] step 240/416  (K_refine=4)
[gen] step 250/416  (K_refine=4)
[gen] step 260/416  (K_refine=4)
[gen] step 270/416  (K_refine=4)
[gen] step 280/416  (K_refine=4)
[gen] step 290/416  (K_refine=4)
[gen] step 300/416  (K_refine=4)
[gen] step 310/416  (K_refine=4)
[gen] step 320/416  (K_refine=4)
[gen] step 330/416  (K_refine=4)
[gen] step 340/416  (K_refine=4)
[gen] step 350/416  (K_refine=4)
[gen] step 360/416  (K_refine=4)
[gen] step 370/416  (K_refine=4)
[gen] step 380/416  (K_refine=4)
[gen] step 390/416  (K_refine=4)
[gen] step 400/416  (K_refine=4)
[gen] step 410/416  (K_refine=4)
    -> temp/E1_v5b/A3/736/co/sample_0_temp1.0.mid
[gen] A3_REFINE_STEPS=4 (env override)
[gen] A3_FINAL_TEMP=0.9 (env override)
[gen] A3_TOP_P=0.95 (nucleus sampling)
[gen] step 0/416  (K_refine=4)
[gen] step 10/416  (K_refine=4)
[gen] step 20/416  (K_refine=4)
[gen] step 30/416  (K_refine=4)
[gen] step 40/416  (K_refine=4)
[gen] step 50/416  (K_refine=4)
[gen] step 60/416  (K_refine=4)
[gen] step 70/416  (K_refine=4)
[gen] step 80/416  (K_refine=4)
[gen] step 90/416  (K_refine=4)
[gen] step 100/416  (K_refine=4)
[gen] step 110/416  (K_refine=4)
[gen] step 120/416  (K_refine=4)
[gen] step 130/416  (K_refine=4)
[gen] step 140/416  (K_refine=4)
[gen] step 150/416  (K_refine=4)
[gen] step 160/416  (K_refine=4)
[gen] step 170/416  (K_refine=4)
[gen] step 180/416  (K_refine=4)
[gen] step 190/416  (K_refine=4)
[gen] step 200/416  (K_refine=4)
[gen] step 210/416  (K_refine=4)
[gen] step 220/416  (K_refine=4)
[gen] step 230/416  (K_refine=4)
[gen] step 240/416  (K_refine=4)
[gen] step 250/416  (K_refine=4)
[gen] step 260/416  (K_refine=4)
[gen] step 270/416  (K_refine=4)
[gen] step 280/416  (K_refine=4)
[gen] step 290/416  (K_refine=4)
[gen] step 300/416  (K_refine=4)
[gen] step 310/416  (K_refine=4)
[gen] step 320/416  (K_refine=4)
[gen] step 330/416  (K_refine=4)
[gen] step 340/416  (K_refine=4)
[gen] step 350/416  (K_refine=4)
[gen] step 360/416  (K_refine=4)
[gen] step 370/416  (K_refine=4)
[gen] step 380/416  (K_refine=4)
[gen] step 390/416  (K_refine=4)
[gen] step 400/416  (K_refine=4)
[gen] step 410/416  (K_refine=4)
    -> temp/E1_v5b/A3/736/co/sample_1_temp1.0.mid
[gen] A3_REFINE_STEPS=4 (env override)
[gen] A3_FINAL_TEMP=0.9 (env override)
[gen] A3_TOP_P=0.95 (nucleus sampling)
[gen] step 0/416  (K_refine=4)
[gen] step 10/416  (K_refine=4)
[gen] step 20/416  (K_refine=4)
[gen] step 30/416  (K_refine=4)
[gen] step 40/416  (K_refine=4)
[gen] step 50/416  (K_refine=4)
[gen] step 60/416  (K_refine=4)
[gen] step 70/416  (K_refine=4)
[gen] step 80/416  (K_refine=4)
[gen] step 90/416  (K_refine=4)
[gen] step 100/416  (K_refine=4)
[gen] step 110/416  (K_refine=4)
[gen] step 120/416  (K_refine=4)
[gen] step 130/416  (K_refine=4)
[gen] step 140/416  (K_refine=4)
[gen] step 150/416  (K_refine=4)
[gen] step 160/416  (K_refine=4)
[gen] step 170/416  (K_refine=4)
[gen] step 180/416  (K_refine=4)
[gen] step 190/416  (K_refine=4)
[gen] step 200/416  (K_refine=4)
[gen] step 210/416  (K_refine=4)
[gen] step 220/416  (K_refine=4)
[gen] step 230/416  (K_refine=4)
[gen] step 240/416  (K_refine=4)
[gen] step 250/416  (K_refine=4)
[gen] step 260/416  (K_refine=4)
[gen] step 270/416  (K_refine=4)
[gen] step 280/416  (K_refine=4)
[gen] step 290/416  (K_refine=4)
[gen] step 300/416  (K_refine=4)
[gen] step 310/416  (K_refine=4)
[gen] step 320/416  (K_refine=4)
[gen] step 330/416  (K_refine=4)
[gen] step 340/416  (K_refine=4)
[gen] step 350/416  (K_refine=4)
[gen] step 360/416  (K_refine=4)
[gen] step 370/416  (K_refine=4)
[gen] step 380/416  (K_refine=4)
[gen] step 390/416  (K_refine=4)
[gen] step 400/416  (K_refine=4)
[gen] step 410/416  (K_refine=4)
    -> temp/E1_v5b/A3/736/co/sample_2_temp1.0.mid

[79/95] 746
  mode=co
[gen] A3_REFINE_STEPS=4 (env override)
[gen] A3_FINAL_TEMP=0.9 (env override)
[gen] A3_TOP_P=0.95 (nucleus sampling)
[gen] step 0/416  (K_refine=4)
[gen] step 10/416  (K_refine=4)
[gen] step 20/416  (K_refine=4)
[gen] step 30/416  (K_refine=4)
[gen] step 40/416  (K_refine=4)
[gen] step 50/416  (K_refine=4)
[gen] step 60/416  (K_refine=4)
[gen] step 70/416  (K_refine=4)
[gen] step 80/416  (K_refine=4)
[gen] step 90/416  (K_refine=4)
[gen] step 100/416  (K_refine=4)
[gen] step 110/416  (K_refine=4)
[gen] step 120/416  (K_refine=4)
[gen] step 130/416  (K_refine=4)
[gen] step 140/416  (K_refine=4)
[gen] step 150/416  (K_refine=4)
[gen] step 160/416  (K_refine=4)
[gen] step 170/416  (K_refine=4)
[gen] step 180/416  (K_refine=4)
[gen] step 190/416  (K_refine=4)
[gen] step 200/416  (K_refine=4)
[gen] step 210/416  (K_refine=4)
[gen] step 220/416  (K_refine=4)
[gen] step 230/416  (K_refine=4)
[gen] step 240/416  (K_refine=4)
[gen] step 250/416  (K_refine=4)
[gen] step 260/416  (K_refine=4)
[gen] step 270/416  (K_refine=4)
[gen] step 280/416  (K_refine=4)
[gen] step 290/416  (K_refine=4)
[gen] step 300/416  (K_refine=4)
[gen] step 310/416  (K_refine=4)
[gen] step 320/416  (K_refine=4)
[gen] step 330/416  (K_refine=4)
[gen] step 340/416  (K_refine=4)
[gen] step 350/416  (K_refine=4)
[gen] step 360/416  (K_refine=4)
[gen] step 370/416  (K_refine=4)
[gen] step 380/416  (K_refine=4)
[gen] step 390/416  (K_refine=4)
[gen] step 400/416  (K_refine=4)
[gen] step 410/416  (K_refine=4)
    -> temp/E1_v5b/A3/746/co/sample_0_temp1.0.mid
[gen] A3_REFINE_STEPS=4 (env override)
[gen] A3_FINAL_TEMP=0.9 (env override)
[gen] A3_TOP_P=0.95 (nucleus sampling)
[gen] step 0/416  (K_refine=4)
[gen] step 10/416  (K_refine=4)
[gen] step 20/416  (K_refine=4)
[gen] step 30/416  (K_refine=4)
[gen] step 40/416  (K_refine=4)
[gen] step 50/416  (K_refine=4)
[gen] step 60/416  (K_refine=4)
[gen] step 70/416  (K_refine=4)
[gen] step 80/416  (K_refine=4)
[gen] step 90/416  (K_refine=4)
[gen] step 100/416  (K_refine=4)
[gen] step 110/416  (K_refine=4)
[gen] step 120/416  (K_refine=4)
[gen] step 130/416  (K_refine=4)
[gen] step 140/416  (K_refine=4)
[gen] step 150/416  (K_refine=4)
[gen] step 160/416  (K_refine=4)
[gen] step 170/416  (K_refine=4)
[gen] step 180/416  (K_refine=4)
[gen] step 190/416  (K_refine=4)
[gen] step 200/416  (K_refine=4)
[gen] step 210/416  (K_refine=4)
[gen] step 220/416  (K_refine=4)
[gen] step 230/416  (K_refine=4)
[gen] step 240/416  (K_refine=4)
[gen] step 250/416  (K_refine=4)
[gen] step 260/416  (K_refine=4)
[gen] step 270/416  (K_refine=4)
[gen] step 280/416  (K_refine=4)
[gen] step 290/416  (K_refine=4)
[gen] step 300/416  (K_refine=4)
[gen] step 310/416  (K_refine=4)
[gen] step 320/416  (K_refine=4)
[gen] step 330/416  (K_refine=4)
[gen] step 340/416  (K_refine=4)
[gen] step 350/416  (K_refine=4)
[gen] step 360/416  (K_refine=4)
[gen] step 370/416  (K_refine=4)
[gen] step 380/416  (K_refine=4)
[gen] step 390/416  (K_refine=4)
[gen] step 400/416  (K_refine=4)
[gen] step 410/416  (K_refine=4)
    -> temp/E1_v5b/A3/746/co/sample_1_temp1.0.mid
[gen] A3_REFINE_STEPS=4 (env override)
[gen] A3_FINAL_TEMP=0.9 (env override)
[gen] A3_TOP_P=0.95 (nucleus sampling)
[gen] step 0/416  (K_refine=4)
[gen] step 10/416  (K_refine=4)
[gen] step 20/416  (K_refine=4)
[gen] step 30/416  (K_refine=4)
[gen] step 40/416  (K_refine=4)
[gen] step 50/416  (K_refine=4)
[gen] step 60/416  (K_refine=4)
[gen] step 70/416  (K_refine=4)
[gen] step 80/416  (K_refine=4)
[gen] step 90/416  (K_refine=4)
[gen] step 100/416  (K_refine=4)
[gen] step 110/416  (K_refine=4)
[gen] step 120/416  (K_refine=4)
[gen] step 130/416  (K_refine=4)
[gen] step 140/416  (K_refine=4)
[gen] step 150/416  (K_refine=4)
[gen] step 160/416  (K_refine=4)
[gen] step 170/416  (K_refine=4)
[gen] step 180/416  (K_refine=4)
[gen] step 190/416  (K_refine=4)
[gen] step 200/416  (K_refine=4)
[gen] step 210/416  (K_refine=4)
[gen] step 220/416  (K_refine=4)
[gen] step 230/416  (K_refine=4)
[gen] step 240/416  (K_refine=4)
[gen] step 250/416  (K_refine=4)
[gen] step 260/416  (K_refine=4)
[gen] step 270/416  (K_refine=4)
[gen] step 280/416  (K_refine=4)
[gen] step 290/416  (K_refine=4)
[gen] step 300/416  (K_refine=4)
[gen] step 310/416  (K_refine=4)
[gen] step 320/416  (K_refine=4)
[gen] step 330/416  (K_refine=4)
[gen] step 340/416  (K_refine=4)
[gen] step 350/416  (K_refine=4)
[gen] step 360/416  (K_refine=4)
[gen] step 370/416  (K_refine=4)
[gen] step 380/416  (K_refine=4)
[gen] step 390/416  (K_refine=4)
[gen] step 400/416  (K_refine=4)
[gen] step 410/416  (K_refine=4)
    -> temp/E1_v5b/A3/746/co/sample_2_temp1.0.mid

[80/95] 756
  mode=co
[gen] A3_REFINE_STEPS=4 (env override)
[gen] A3_FINAL_TEMP=0.9 (env override)
[gen] A3_TOP_P=0.95 (nucleus sampling)
[gen] step 0/416  (K_refine=4)
[gen] step 10/416  (K_refine=4)
[gen] step 20/416  (K_refine=4)
[gen] step 30/416  (K_refine=4)
[gen] step 40/416  (K_refine=4)
[gen] step 50/416  (K_refine=4)
[gen] step 60/416  (K_refine=4)
[gen] step 70/416  (K_refine=4)
[gen] step 80/416  (K_refine=4)
[gen] step 90/416  (K_refine=4)
[gen] step 100/416  (K_refine=4)
[gen] step 110/416  (K_refine=4)
[gen] step 120/416  (K_refine=4)
[gen] step 130/416  (K_refine=4)
[gen] step 140/416  (K_refine=4)
[gen] step 150/416  (K_refine=4)
[gen] step 160/416  (K_refine=4)
[gen] step 170/416  (K_refine=4)
[gen] step 180/416  (K_refine=4)
[gen] step 190/416  (K_refine=4)
[gen] step 200/416  (K_refine=4)
[gen] step 210/416  (K_refine=4)
[gen] step 220/416  (K_refine=4)
[gen] step 230/416  (K_refine=4)
[gen] step 240/416  (K_refine=4)
[gen] step 250/416  (K_refine=4)
[gen] step 260/416  (K_refine=4)
[gen] step 270/416  (K_refine=4)
[gen] step 280/416  (K_refine=4)
[gen] step 290/416  (K_refine=4)
[gen] step 300/416  (K_refine=4)
[gen] step 310/416  (K_refine=4)
[gen] step 320/416  (K_refine=4)
[gen] step 330/416  (K_refine=4)
[gen] step 340/416  (K_refine=4)
[gen] step 350/416  (K_refine=4)
[gen] step 360/416  (K_refine=4)
[gen] step 370/416  (K_refine=4)
[gen] step 380/416  (K_refine=4)
[gen] step 390/416  (K_refine=4)
[gen] step 400/416  (K_refine=4)
[gen] step 410/416  (K_refine=4)
    -> temp/E1_v5b/A3/756/co/sample_0_temp1.0.mid
[gen] A3_REFINE_STEPS=4 (env override)
[gen] A3_FINAL_TEMP=0.9 (env override)
[gen] A3_TOP_P=0.95 (nucleus sampling)
[gen] step 0/416  (K_refine=4)
[gen] step 10/416  (K_refine=4)
[gen] step 20/416  (K_refine=4)
[gen] step 30/416  (K_refine=4)
[gen] step 40/416  (K_refine=4)
[gen] step 50/416  (K_refine=4)
[gen] step 60/416  (K_refine=4)
[gen] step 70/416  (K_refine=4)
[gen] step 80/416  (K_refine=4)
[gen] step 90/416  (K_refine=4)
[gen] step 100/416  (K_refine=4)
[gen] step 110/416  (K_refine=4)
[gen] step 120/416  (K_refine=4)
[gen] step 130/416  (K_refine=4)
[gen] step 140/416  (K_refine=4)
[gen] step 150/416  (K_refine=4)
[gen] step 160/416  (K_refine=4)
[gen] step 170/416  (K_refine=4)
[gen] step 180/416  (K_refine=4)
[gen] step 190/416  (K_refine=4)
[gen] step 200/416  (K_refine=4)
[gen] step 210/416  (K_refine=4)
[gen] step 220/416  (K_refine=4)
[gen] step 230/416  (K_refine=4)
[gen] step 240/416  (K_refine=4)
[gen] step 250/416  (K_refine=4)
[gen] step 260/416  (K_refine=4)
[gen] step 270/416  (K_refine=4)
[gen] step 280/416  (K_refine=4)
[gen] step 290/416  (K_refine=4)
[gen] step 300/416  (K_refine=4)
[gen] step 310/416  (K_refine=4)
[gen] step 320/416  (K_refine=4)
[gen] step 330/416  (K_refine=4)
[gen] step 340/416  (K_refine=4)
[gen] step 350/416  (K_refine=4)
[gen] step 360/416  (K_refine=4)
[gen] step 370/416  (K_refine=4)
[gen] step 380/416  (K_refine=4)
[gen] step 390/416  (K_refine=4)
[gen] step 400/416  (K_refine=4)
[gen] step 410/416  (K_refine=4)
    -> temp/E1_v5b/A3/756/co/sample_1_temp1.0.mid
[gen] A3_REFINE_STEPS=4 (env override)
[gen] A3_FINAL_TEMP=0.9 (env override)
[gen] A3_TOP_P=0.95 (nucleus sampling)
[gen] step 0/416  (K_refine=4)
[gen] step 10/416  (K_refine=4)
[gen] step 20/416  (K_refine=4)
[gen] step 30/416  (K_refine=4)
[gen] step 40/416  (K_refine=4)
[gen] step 50/416  (K_refine=4)
[gen] step 60/416  (K_refine=4)
[gen] step 70/416  (K_refine=4)
[gen] step 80/416  (K_refine=4)
[gen] step 90/416  (K_refine=4)
[gen] step 100/416  (K_refine=4)
[gen] step 110/416  (K_refine=4)
[gen] step 120/416  (K_refine=4)
[gen] step 130/416  (K_refine=4)
[gen] step 140/416  (K_refine=4)
[gen] step 150/416  (K_refine=4)
[gen] step 160/416  (K_refine=4)
[gen] step 170/416  (K_refine=4)
[gen] step 180/416  (K_refine=4)
[gen] step 190/416  (K_refine=4)
[gen] step 200/416  (K_refine=4)
[gen] step 210/416  (K_refine=4)
[gen] step 220/416  (K_refine=4)
[gen] step 230/416  (K_refine=4)
[gen] step 240/416  (K_refine=4)
[gen] step 250/416  (K_refine=4)
[gen] step 260/416  (K_refine=4)
[gen] step 270/416  (K_refine=4)
[gen] step 280/416  (K_refine=4)
[gen] step 290/416  (K_refine=4)
[gen] step 300/416  (K_refine=4)
[gen] step 310/416  (K_refine=4)
[gen] step 320/416  (K_refine=4)
[gen] step 330/416  (K_refine=4)
[gen] step 340/416  (K_refine=4)
[gen] step 350/416  (K_refine=4)
[gen] step 360/416  (K_refine=4)
[gen] step 370/416  (K_refine=4)
[gen] step 380/416  (K_refine=4)
[gen] step 390/416  (K_refine=4)
[gen] step 400/416  (K_refine=4)
[gen] step 410/416  (K_refine=4)
    -> temp/E1_v5b/A3/756/co/sample_2_temp1.0.mid

[81/95] 766
  mode=co
[gen] A3_REFINE_STEPS=4 (env override)
[gen] A3_FINAL_TEMP=0.9 (env override)
[gen] A3_TOP_P=0.95 (nucleus sampling)
[gen] step 0/416  (K_refine=4)
[gen] step 10/416  (K_refine=4)
[gen] step 20/416  (K_refine=4)
[gen] step 30/416  (K_refine=4)
[gen] step 40/416  (K_refine=4)
[gen] step 50/416  (K_refine=4)
[gen] step 60/416  (K_refine=4)
[gen] step 70/416  (K_refine=4)
[gen] step 80/416  (K_refine=4)
[gen] step 90/416  (K_refine=4)
[gen] step 100/416  (K_refine=4)
[gen] step 110/416  (K_refine=4)
[gen] step 120/416  (K_refine=4)
[gen] step 130/416  (K_refine=4)
[gen] step 140/416  (K_refine=4)
[gen] step 150/416  (K_refine=4)
[gen] step 160/416  (K_refine=4)
[gen] step 170/416  (K_refine=4)
[gen] step 180/416  (K_refine=4)
[gen] step 190/416  (K_refine=4)
[gen] step 200/416  (K_refine=4)
[gen] step 210/416  (K_refine=4)
[gen] step 220/416  (K_refine=4)
[gen] step 230/416  (K_refine=4)
[gen] step 240/416  (K_refine=4)
[gen] step 250/416  (K_refine=4)
[gen] step 260/416  (K_refine=4)
[gen] step 270/416  (K_refine=4)
[gen] step 280/416  (K_refine=4)
[gen] step 290/416  (K_refine=4)
[gen] step 300/416  (K_refine=4)
[gen] step 310/416  (K_refine=4)
[gen] step 320/416  (K_refine=4)
[gen] step 330/416  (K_refine=4)
[gen] step 340/416  (K_refine=4)
[gen] step 350/416  (K_refine=4)
[gen] step 360/416  (K_refine=4)
[gen] step 370/416  (K_refine=4)
[gen] step 380/416  (K_refine=4)
[gen] step 390/416  (K_refine=4)
[gen] step 400/416  (K_refine=4)
[gen] step 410/416  (K_refine=4)
    -> temp/E1_v5b/A3/766/co/sample_0_temp1.0.mid
[gen] A3_REFINE_STEPS=4 (env override)
[gen] A3_FINAL_TEMP=0.9 (env override)
[gen] A3_TOP_P=0.95 (nucleus sampling)
[gen] step 0/416  (K_refine=4)
[gen] step 10/416  (K_refine=4)
[gen] step 20/416  (K_refine=4)
[gen] step 30/416  (K_refine=4)
[gen] step 40/416  (K_refine=4)
[gen] step 50/416  (K_refine=4)
[gen] step 60/416  (K_refine=4)
[gen] step 70/416  (K_refine=4)
[gen] step 80/416  (K_refine=4)
[gen] step 90/416  (K_refine=4)
[gen] step 100/416  (K_refine=4)
[gen] step 110/416  (K_refine=4)
[gen] step 120/416  (K_refine=4)
[gen] step 130/416  (K_refine=4)
[gen] step 140/416  (K_refine=4)
[gen] step 150/416  (K_refine=4)
[gen] step 160/416  (K_refine=4)
[gen] step 170/416  (K_refine=4)
[gen] step 180/416  (K_refine=4)
[gen] step 190/416  (K_refine=4)
[gen] step 200/416  (K_refine=4)
[gen] step 210/416  (K_refine=4)
[gen] step 220/416  (K_refine=4)
[gen] step 230/416  (K_refine=4)
[gen] step 240/416  (K_refine=4)
[gen] step 250/416  (K_refine=4)
[gen] step 260/416  (K_refine=4)
[gen] step 270/416  (K_refine=4)
[gen] step 280/416  (K_refine=4)
[gen] step 290/416  (K_refine=4)
[gen] step 300/416  (K_refine=4)
[gen] step 310/416  (K_refine=4)
[gen] step 320/416  (K_refine=4)
[gen] step 330/416  (K_refine=4)
[gen] step 340/416  (K_refine=4)
[gen] step 350/416  (K_refine=4)
[gen] step 360/416  (K_refine=4)
[gen] step 370/416  (K_refine=4)
[gen] step 380/416  (K_refine=4)
[gen] step 390/416  (K_refine=4)
[gen] step 400/416  (K_refine=4)
[gen] step 410/416  (K_refine=4)
    -> temp/E1_v5b/A3/766/co/sample_1_temp1.0.mid
[gen] A3_REFINE_STEPS=4 (env override)
[gen] A3_FINAL_TEMP=0.9 (env override)
[gen] A3_TOP_P=0.95 (nucleus sampling)
[gen] step 0/416  (K_refine=4)
[gen] step 10/416  (K_refine=4)
[gen] step 20/416  (K_refine=4)
[gen] step 30/416  (K_refine=4)
[gen] step 40/416  (K_refine=4)
[gen] step 50/416  (K_refine=4)
[gen] step 60/416  (K_refine=4)
[gen] step 70/416  (K_refine=4)
[gen] step 80/416  (K_refine=4)
[gen] step 90/416  (K_refine=4)
[gen] step 100/416  (K_refine=4)
[gen] step 110/416  (K_refine=4)
[gen] step 120/416  (K_refine=4)
[gen] step 130/416  (K_refine=4)
[gen] step 140/416  (K_refine=4)
[gen] step 150/416  (K_refine=4)
[gen] step 160/416  (K_refine=4)
[gen] step 170/416  (K_refine=4)
[gen] step 180/416  (K_refine=4)
[gen] step 190/416  (K_refine=4)
[gen] step 200/416  (K_refine=4)
[gen] step 210/416  (K_refine=4)
[gen] step 220/416  (K_refine=4)
[gen] step 230/416  (K_refine=4)
[gen] step 240/416  (K_refine=4)
[gen] step 250/416  (K_refine=4)
[gen] step 260/416  (K_refine=4)
[gen] step 270/416  (K_refine=4)
[gen] step 280/416  (K_refine=4)
[gen] step 290/416  (K_refine=4)
[gen] step 300/416  (K_refine=4)
[gen] step 310/416  (K_refine=4)
[gen] step 320/416  (K_refine=4)
[gen] step 330/416  (K_refine=4)
[gen] step 340/416  (K_refine=4)
[gen] step 350/416  (K_refine=4)
[gen] step 360/416  (K_refine=4)
[gen] step 370/416  (K_refine=4)
[gen] step 380/416  (K_refine=4)
[gen] step 390/416  (K_refine=4)
[gen] step 400/416  (K_refine=4)
[gen] step 410/416  (K_refine=4)
    -> temp/E1_v5b/A3/766/co/sample_2_temp1.0.mid

[82/95] 776
  mode=co
[gen] A3_REFINE_STEPS=4 (env override)
[gen] A3_FINAL_TEMP=0.9 (env override)
[gen] A3_TOP_P=0.95 (nucleus sampling)
[gen] step 0/416  (K_refine=4)
[gen] step 10/416  (K_refine=4)
[gen] step 20/416  (K_refine=4)
[gen] step 30/416  (K_refine=4)
[gen] step 40/416  (K_refine=4)
[gen] step 50/416  (K_refine=4)
[gen] step 60/416  (K_refine=4)
[gen] step 70/416  (K_refine=4)
[gen] step 80/416  (K_refine=4)
[gen] step 90/416  (K_refine=4)
[gen] step 100/416  (K_refine=4)
[gen] step 110/416  (K_refine=4)
[gen] step 120/416  (K_refine=4)
[gen] step 130/416  (K_refine=4)
[gen] step 140/416  (K_refine=4)
[gen] step 150/416  (K_refine=4)
[gen] step 160/416  (K_refine=4)
[gen] step 170/416  (K_refine=4)
[gen] step 180/416  (K_refine=4)
[gen] step 190/416  (K_refine=4)
[gen] step 200/416  (K_refine=4)
[gen] step 210/416  (K_refine=4)
[gen] step 220/416  (K_refine=4)
[gen] step 230/416  (K_refine=4)
[gen] step 240/416  (K_refine=4)
[gen] step 250/416  (K_refine=4)
[gen] step 260/416  (K_refine=4)
[gen] step 270/416  (K_refine=4)
[gen] step 280/416  (K_refine=4)
[gen] step 290/416  (K_refine=4)
[gen] step 300/416  (K_refine=4)
[gen] step 310/416  (K_refine=4)
[gen] step 320/416  (K_refine=4)
[gen] step 330/416  (K_refine=4)
[gen] step 340/416  (K_refine=4)
[gen] step 350/416  (K_refine=4)
[gen] step 360/416  (K_refine=4)
[gen] step 370/416  (K_refine=4)
[gen] step 380/416  (K_refine=4)
[gen] step 390/416  (K_refine=4)
[gen] step 400/416  (K_refine=4)
[gen] step 410/416  (K_refine=4)
    -> temp/E1_v5b/A3/776/co/sample_0_temp1.0.mid
[gen] A3_REFINE_STEPS=4 (env override)
[gen] A3_FINAL_TEMP=0.9 (env override)
[gen] A3_TOP_P=0.95 (nucleus sampling)
[gen] step 0/416  (K_refine=4)
[gen] step 10/416  (K_refine=4)
[gen] step 20/416  (K_refine=4)
[gen] step 30/416  (K_refine=4)
[gen] step 40/416  (K_refine=4)
[gen] step 50/416  (K_refine=4)
[gen] step 60/416  (K_refine=4)
[gen] step 70/416  (K_refine=4)
[gen] step 80/416  (K_refine=4)
[gen] step 90/416  (K_refine=4)
[gen] step 100/416  (K_refine=4)
[gen] step 110/416  (K_refine=4)
[gen] step 120/416  (K_refine=4)
[gen] step 130/416  (K_refine=4)
[gen] step 140/416  (K_refine=4)
[gen] step 150/416  (K_refine=4)
[gen] step 160/416  (K_refine=4)
[gen] step 170/416  (K_refine=4)
[gen] step 180/416  (K_refine=4)
[gen] step 190/416  (K_refine=4)
[gen] step 200/416  (K_refine=4)
[gen] step 210/416  (K_refine=4)
[gen] step 220/416  (K_refine=4)
[gen] step 230/416  (K_refine=4)
[gen] step 240/416  (K_refine=4)
[gen] step 250/416  (K_refine=4)
[gen] step 260/416  (K_refine=4)
[gen] step 270/416  (K_refine=4)
[gen] step 280/416  (K_refine=4)
[gen] step 290/416  (K_refine=4)
[gen] step 300/416  (K_refine=4)
[gen] step 310/416  (K_refine=4)
[gen] step 320/416  (K_refine=4)
[gen] step 330/416  (K_refine=4)
[gen] step 340/416  (K_refine=4)
[gen] step 350/416  (K_refine=4)
[gen] step 360/416  (K_refine=4)
[gen] step 370/416  (K_refine=4)
[gen] step 380/416  (K_refine=4)
[gen] step 390/416  (K_refine=4)
[gen] step 400/416  (K_refine=4)
[gen] step 410/416  (K_refine=4)
    -> temp/E1_v5b/A3/776/co/sample_1_temp1.0.mid
[gen] A3_REFINE_STEPS=4 (env override)
[gen] A3_FINAL_TEMP=0.9 (env override)
[gen] A3_TOP_P=0.95 (nucleus sampling)
[gen] step 0/416  (K_refine=4)
[gen] step 10/416  (K_refine=4)
[gen] step 20/416  (K_refine=4)
[gen] step 30/416  (K_refine=4)
[gen] step 40/416  (K_refine=4)
[gen] step 50/416  (K_refine=4)
[gen] step 60/416  (K_refine=4)
[gen] step 70/416  (K_refine=4)
[gen] step 80/416  (K_refine=4)
[gen] step 90/416  (K_refine=4)
[gen] step 100/416  (K_refine=4)
[gen] step 110/416  (K_refine=4)
[gen] step 120/416  (K_refine=4)
[gen] step 130/416  (K_refine=4)
[gen] step 140/416  (K_refine=4)
[gen] step 150/416  (K_refine=4)
[gen] step 160/416  (K_refine=4)
[gen] step 170/416  (K_refine=4)
[gen] step 180/416  (K_refine=4)
[gen] step 190/416  (K_refine=4)
[gen] step 200/416  (K_refine=4)
[gen] step 210/416  (K_refine=4)
[gen] step 220/416  (K_refine=4)
[gen] step 230/416  (K_refine=4)
[gen] step 240/416  (K_refine=4)
[gen] step 250/416  (K_refine=4)
[gen] step 260/416  (K_refine=4)
[gen] step 270/416  (K_refine=4)
[gen] step 280/416  (K_refine=4)
[gen] step 290/416  (K_refine=4)
[gen] step 300/416  (K_refine=4)
[gen] step 310/416  (K_refine=4)
[gen] step 320/416  (K_refine=4)
[gen] step 330/416  (K_refine=4)
[gen] step 340/416  (K_refine=4)
[gen] step 350/416  (K_refine=4)
[gen] step 360/416  (K_refine=4)
[gen] step 370/416  (K_refine=4)
[gen] step 380/416  (K_refine=4)
[gen] step 390/416  (K_refine=4)
[gen] step 400/416  (K_refine=4)
[gen] step 410/416  (K_refine=4)
    -> temp/E1_v5b/A3/776/co/sample_2_temp1.0.mid

[83/95] 786
  mode=co
[gen] A3_REFINE_STEPS=4 (env override)
[gen] A3_FINAL_TEMP=0.9 (env override)
[gen] A3_TOP_P=0.95 (nucleus sampling)
[gen] step 0/416  (K_refine=4)
[gen] step 10/416  (K_refine=4)
[gen] step 20/416  (K_refine=4)
[gen] step 30/416  (K_refine=4)
[gen] step 40/416  (K_refine=4)
[gen] step 50/416  (K_refine=4)
[gen] step 60/416  (K_refine=4)
[gen] step 70/416  (K_refine=4)
[gen] step 80/416  (K_refine=4)
[gen] step 90/416  (K_refine=4)
[gen] step 100/416  (K_refine=4)
[gen] step 110/416  (K_refine=4)
[gen] step 120/416  (K_refine=4)
[gen] step 130/416  (K_refine=4)
[gen] step 140/416  (K_refine=4)
[gen] step 150/416  (K_refine=4)
[gen] step 160/416  (K_refine=4)
[gen] step 170/416  (K_refine=4)
[gen] step 180/416  (K_refine=4)
[gen] step 190/416  (K_refine=4)
[gen] step 200/416  (K_refine=4)
[gen] step 210/416  (K_refine=4)
[gen] step 220/416  (K_refine=4)
[gen] step 230/416  (K_refine=4)
[gen] step 240/416  (K_refine=4)
[gen] step 250/416  (K_refine=4)
[gen] step 260/416  (K_refine=4)
[gen] step 270/416  (K_refine=4)
[gen] step 280/416  (K_refine=4)
[gen] step 290/416  (K_refine=4)
[gen] step 300/416  (K_refine=4)
[gen] step 310/416  (K_refine=4)
[gen] step 320/416  (K_refine=4)
[gen] step 330/416  (K_refine=4)
[gen] step 340/416  (K_refine=4)
[gen] step 350/416  (K_refine=4)
[gen] step 360/416  (K_refine=4)
[gen] step 370/416  (K_refine=4)
[gen] step 380/416  (K_refine=4)
[gen] step 390/416  (K_refine=4)
[gen] step 400/416  (K_refine=4)
[gen] step 410/416  (K_refine=4)
    -> temp/E1_v5b/A3/786/co/sample_0_temp1.0.mid
[gen] A3_REFINE_STEPS=4 (env override)
[gen] A3_FINAL_TEMP=0.9 (env override)
[gen] A3_TOP_P=0.95 (nucleus sampling)
[gen] step 0/416  (K_refine=4)
[gen] step 10/416  (K_refine=4)
[gen] step 20/416  (K_refine=4)
[gen] step 30/416  (K_refine=4)
[gen] step 40/416  (K_refine=4)
[gen] step 50/416  (K_refine=4)
[gen] step 60/416  (K_refine=4)
[gen] step 70/416  (K_refine=4)
[gen] step 80/416  (K_refine=4)
[gen] step 90/416  (K_refine=4)
[gen] step 100/416  (K_refine=4)
[gen] step 110/416  (K_refine=4)
[gen] step 120/416  (K_refine=4)
[gen] step 130/416  (K_refine=4)
[gen] step 140/416  (K_refine=4)
[gen] step 150/416  (K_refine=4)
[gen] step 160/416  (K_refine=4)
[gen] step 170/416  (K_refine=4)
[gen] step 180/416  (K_refine=4)
[gen] step 190/416  (K_refine=4)
[gen] step 200/416  (K_refine=4)
[gen] step 210/416  (K_refine=4)
[gen] step 220/416  (K_refine=4)
[gen] step 230/416  (K_refine=4)
[gen] step 240/416  (K_refine=4)
[gen] step 250/416  (K_refine=4)
[gen] step 260/416  (K_refine=4)
[gen] step 270/416  (K_refine=4)
[gen] step 280/416  (K_refine=4)
[gen] step 290/416  (K_refine=4)
[gen] step 300/416  (K_refine=4)
[gen] step 310/416  (K_refine=4)
[gen] step 320/416  (K_refine=4)
[gen] step 330/416  (K_refine=4)
[gen] step 340/416  (K_refine=4)
[gen] step 350/416  (K_refine=4)
[gen] step 360/416  (K_refine=4)
[gen] step 370/416  (K_refine=4)
[gen] step 380/416  (K_refine=4)
[gen] step 390/416  (K_refine=4)
[gen] step 400/416  (K_refine=4)
[gen] step 410/416  (K_refine=4)
    -> temp/E1_v5b/A3/786/co/sample_1_temp1.0.mid
[gen] A3_REFINE_STEPS=4 (env override)
[gen] A3_FINAL_TEMP=0.9 (env override)
[gen] A3_TOP_P=0.95 (nucleus sampling)
[gen] step 0/416  (K_refine=4)
[gen] step 10/416  (K_refine=4)
[gen] step 20/416  (K_refine=4)
[gen] step 30/416  (K_refine=4)
[gen] step 40/416  (K_refine=4)
[gen] step 50/416  (K_refine=4)
[gen] step 60/416  (K_refine=4)
[gen] step 70/416  (K_refine=4)
[gen] step 80/416  (K_refine=4)
[gen] step 90/416  (K_refine=4)
[gen] step 100/416  (K_refine=4)
[gen] step 110/416  (K_refine=4)
[gen] step 120/416  (K_refine=4)
[gen] step 130/416  (K_refine=4)
[gen] step 140/416  (K_refine=4)
[gen] step 150/416  (K_refine=4)
[gen] step 160/416  (K_refine=4)
[gen] step 170/416  (K_refine=4)
[gen] step 180/416  (K_refine=4)
[gen] step 190/416  (K_refine=4)
[gen] step 200/416  (K_refine=4)
[gen] step 210/416  (K_refine=4)
[gen] step 220/416  (K_refine=4)
[gen] step 230/416  (K_refine=4)
[gen] step 240/416  (K_refine=4)
[gen] step 250/416  (K_refine=4)
[gen] step 260/416  (K_refine=4)
[gen] step 270/416  (K_refine=4)
[gen] step 280/416  (K_refine=4)
[gen] step 290/416  (K_refine=4)
[gen] step 300/416  (K_refine=4)
[gen] step 310/416  (K_refine=4)
[gen] step 320/416  (K_refine=4)
[gen] step 330/416  (K_refine=4)
[gen] step 340/416  (K_refine=4)
[gen] step 350/416  (K_refine=4)
[gen] step 360/416  (K_refine=4)
[gen] step 370/416  (K_refine=4)
[gen] step 380/416  (K_refine=4)
[gen] step 390/416  (K_refine=4)
[gen] step 400/416  (K_refine=4)
[gen] step 410/416  (K_refine=4)
    -> temp/E1_v5b/A3/786/co/sample_2_temp1.0.mid

[84/95] 796
  mode=co
[gen] A3_REFINE_STEPS=4 (env override)
[gen] A3_FINAL_TEMP=0.9 (env override)
[gen] A3_TOP_P=0.95 (nucleus sampling)
[gen] step 0/416  (K_refine=4)
[gen] step 10/416  (K_refine=4)
[gen] step 20/416  (K_refine=4)
[gen] step 30/416  (K_refine=4)
[gen] step 40/416  (K_refine=4)
[gen] step 50/416  (K_refine=4)
[gen] step 60/416  (K_refine=4)
[gen] step 70/416  (K_refine=4)
[gen] step 80/416  (K_refine=4)
[gen] step 90/416  (K_refine=4)
[gen] step 100/416  (K_refine=4)
[gen] step 110/416  (K_refine=4)
[gen] step 120/416  (K_refine=4)
[gen] step 130/416  (K_refine=4)
[gen] step 140/416  (K_refine=4)
[gen] step 150/416  (K_refine=4)
[gen] step 160/416  (K_refine=4)
[gen] step 170/416  (K_refine=4)
[gen] step 180/416  (K_refine=4)
[gen] step 190/416  (K_refine=4)
[gen] step 200/416  (K_refine=4)
[gen] step 210/416  (K_refine=4)
[gen] step 220/416  (K_refine=4)
[gen] step 230/416  (K_refine=4)
[gen] step 240/416  (K_refine=4)
[gen] step 250/416  (K_refine=4)
[gen] step 260/416  (K_refine=4)
[gen] step 270/416  (K_refine=4)
[gen] step 280/416  (K_refine=4)
[gen] step 290/416  (K_refine=4)
[gen] step 300/416  (K_refine=4)
[gen] step 310/416  (K_refine=4)
[gen] step 320/416  (K_refine=4)
[gen] step 330/416  (K_refine=4)
[gen] step 340/416  (K_refine=4)
[gen] step 350/416  (K_refine=4)
[gen] step 360/416  (K_refine=4)
[gen] step 370/416  (K_refine=4)
[gen] step 380/416  (K_refine=4)
[gen] step 390/416  (K_refine=4)
[gen] step 400/416  (K_refine=4)
[gen] step 410/416  (K_refine=4)
    -> temp/E1_v5b/A3/796/co/sample_0_temp1.0.mid
[gen] A3_REFINE_STEPS=4 (env override)
[gen] A3_FINAL_TEMP=0.9 (env override)
[gen] A3_TOP_P=0.95 (nucleus sampling)
[gen] step 0/416  (K_refine=4)
[gen] step 10/416  (K_refine=4)
[gen] step 20/416  (K_refine=4)
[gen] step 30/416  (K_refine=4)
[gen] step 40/416  (K_refine=4)
[gen] step 50/416  (K_refine=4)
[gen] step 60/416  (K_refine=4)
[gen] step 70/416  (K_refine=4)
[gen] step 80/416  (K_refine=4)
[gen] step 90/416  (K_refine=4)
[gen] step 100/416  (K_refine=4)
[gen] step 110/416  (K_refine=4)
[gen] step 120/416  (K_refine=4)
[gen] step 130/416  (K_refine=4)
[gen] step 140/416  (K_refine=4)
[gen] step 150/416  (K_refine=4)
[gen] step 160/416  (K_refine=4)
[gen] step 170/416  (K_refine=4)
[gen] step 180/416  (K_refine=4)
[gen] step 190/416  (K_refine=4)
[gen] step 200/416  (K_refine=4)
[gen] step 210/416  (K_refine=4)
[gen] step 220/416  (K_refine=4)
[gen] step 230/416  (K_refine=4)
[gen] step 240/416  (K_refine=4)
[gen] step 250/416  (K_refine=4)
[gen] step 260/416  (K_refine=4)
[gen] step 270/416  (K_refine=4)
[gen] step 280/416  (K_refine=4)
[gen] step 290/416  (K_refine=4)
[gen] step 300/416  (K_refine=4)
[gen] step 310/416  (K_refine=4)
[gen] step 320/416  (K_refine=4)
[gen] step 330/416  (K_refine=4)
[gen] step 340/416  (K_refine=4)
[gen] step 350/416  (K_refine=4)
[gen] step 360/416  (K_refine=4)
[gen] step 370/416  (K_refine=4)
[gen] step 380/416  (K_refine=4)
[gen] step 390/416  (K_refine=4)
[gen] step 400/416  (K_refine=4)
[gen] step 410/416  (K_refine=4)
    -> temp/E1_v5b/A3/796/co/sample_1_temp1.0.mid
[gen] A3_REFINE_STEPS=4 (env override)
[gen] A3_FINAL_TEMP=0.9 (env override)
[gen] A3_TOP_P=0.95 (nucleus sampling)
[gen] step 0/416  (K_refine=4)
[gen] step 10/416  (K_refine=4)
[gen] step 20/416  (K_refine=4)
[gen] step 30/416  (K_refine=4)
[gen] step 40/416  (K_refine=4)
[gen] step 50/416  (K_refine=4)
[gen] step 60/416  (K_refine=4)
[gen] step 70/416  (K_refine=4)
[gen] step 80/416  (K_refine=4)
[gen] step 90/416  (K_refine=4)
[gen] step 100/416  (K_refine=4)
[gen] step 110/416  (K_refine=4)
[gen] step 120/416  (K_refine=4)
[gen] step 130/416  (K_refine=4)
[gen] step 140/416  (K_refine=4)
[gen] step 150/416  (K_refine=4)
[gen] step 160/416  (K_refine=4)
[gen] step 170/416  (K_refine=4)
[gen] step 180/416  (K_refine=4)
[gen] step 190/416  (K_refine=4)
[gen] step 200/416  (K_refine=4)
[gen] step 210/416  (K_refine=4)
[gen] step 220/416  (K_refine=4)
[gen] step 230/416  (K_refine=4)
[gen] step 240/416  (K_refine=4)
[gen] step 250/416  (K_refine=4)
[gen] step 260/416  (K_refine=4)
[gen] step 270/416  (K_refine=4)
[gen] step 280/416  (K_refine=4)
[gen] step 290/416  (K_refine=4)
[gen] step 300/416  (K_refine=4)
[gen] step 310/416  (K_refine=4)
[gen] step 320/416  (K_refine=4)
[gen] step 330/416  (K_refine=4)
[gen] step 340/416  (K_refine=4)
[gen] step 350/416  (K_refine=4)
[gen] step 360/416  (K_refine=4)
[gen] step 370/416  (K_refine=4)
[gen] step 380/416  (K_refine=4)
[gen] step 390/416  (K_refine=4)
[gen] step 400/416  (K_refine=4)
[gen] step 410/416  (K_refine=4)
    -> temp/E1_v5b/A3/796/co/sample_2_temp1.0.mid

[85/95] 806
  mode=co
[gen] A3_REFINE_STEPS=4 (env override)
[gen] A3_FINAL_TEMP=0.9 (env override)
[gen] A3_TOP_P=0.95 (nucleus sampling)
[gen] step 0/416  (K_refine=4)
[gen] step 10/416  (K_refine=4)
[gen] step 20/416  (K_refine=4)
[gen] step 30/416  (K_refine=4)
[gen] step 40/416  (K_refine=4)
[gen] step 50/416  (K_refine=4)
[gen] step 60/416  (K_refine=4)
[gen] step 70/416  (K_refine=4)
[gen] step 80/416  (K_refine=4)
[gen] step 90/416  (K_refine=4)
[gen] step 100/416  (K_refine=4)
[gen] step 110/416  (K_refine=4)
[gen] step 120/416  (K_refine=4)
[gen] step 130/416  (K_refine=4)
[gen] step 140/416  (K_refine=4)
[gen] step 150/416  (K_refine=4)
[gen] step 160/416  (K_refine=4)
[gen] step 170/416  (K_refine=4)
[gen] step 180/416  (K_refine=4)
[gen] step 190/416  (K_refine=4)
[gen] step 200/416  (K_refine=4)
[gen] step 210/416  (K_refine=4)
[gen] step 220/416  (K_refine=4)
[gen] step 230/416  (K_refine=4)
[gen] step 240/416  (K_refine=4)
[gen] step 250/416  (K_refine=4)
[gen] step 260/416  (K_refine=4)
[gen] step 270/416  (K_refine=4)
[gen] step 280/416  (K_refine=4)
[gen] step 290/416  (K_refine=4)
[gen] step 300/416  (K_refine=4)
[gen] step 310/416  (K_refine=4)
[gen] step 320/416  (K_refine=4)
[gen] step 330/416  (K_refine=4)
[gen] step 340/416  (K_refine=4)
[gen] step 350/416  (K_refine=4)
[gen] step 360/416  (K_refine=4)
[gen] step 370/416  (K_refine=4)
[gen] step 380/416  (K_refine=4)
[gen] step 390/416  (K_refine=4)
[gen] step 400/416  (K_refine=4)
[gen] step 410/416  (K_refine=4)
    -> temp/E1_v5b/A3/806/co/sample_0_temp1.0.mid
[gen] A3_REFINE_STEPS=4 (env override)
[gen] A3_FINAL_TEMP=0.9 (env override)
[gen] A3_TOP_P=0.95 (nucleus sampling)
[gen] step 0/416  (K_refine=4)
[gen] step 10/416  (K_refine=4)
[gen] step 20/416  (K_refine=4)
[gen] step 30/416  (K_refine=4)
[gen] step 40/416  (K_refine=4)
[gen] step 50/416  (K_refine=4)
[gen] step 60/416  (K_refine=4)
[gen] step 70/416  (K_refine=4)
[gen] step 80/416  (K_refine=4)
[gen] step 90/416  (K_refine=4)
[gen] step 100/416  (K_refine=4)
[gen] step 110/416  (K_refine=4)
[gen] step 120/416  (K_refine=4)
[gen] step 130/416  (K_refine=4)
[gen] step 140/416  (K_refine=4)
[gen] step 150/416  (K_refine=4)
[gen] step 160/416  (K_refine=4)
[gen] step 170/416  (K_refine=4)
[gen] step 180/416  (K_refine=4)
[gen] step 190/416  (K_refine=4)
[gen] step 200/416  (K_refine=4)
[gen] step 210/416  (K_refine=4)
[gen] step 220/416  (K_refine=4)
[gen] step 230/416  (K_refine=4)
[gen] step 240/416  (K_refine=4)
[gen] step 250/416  (K_refine=4)
[gen] step 260/416  (K_refine=4)
[gen] step 270/416  (K_refine=4)
[gen] step 280/416  (K_refine=4)
[gen] step 290/416  (K_refine=4)
[gen] step 300/416  (K_refine=4)
[gen] step 310/416  (K_refine=4)
[gen] step 320/416  (K_refine=4)
[gen] step 330/416  (K_refine=4)
[gen] step 340/416  (K_refine=4)
[gen] step 350/416  (K_refine=4)
[gen] step 360/416  (K_refine=4)
[gen] step 370/416  (K_refine=4)
[gen] step 380/416  (K_refine=4)
[gen] step 390/416  (K_refine=4)
[gen] step 400/416  (K_refine=4)
[gen] step 410/416  (K_refine=4)
    -> temp/E1_v5b/A3/806/co/sample_1_temp1.0.mid
[gen] A3_REFINE_STEPS=4 (env override)
[gen] A3_FINAL_TEMP=0.9 (env override)
[gen] A3_TOP_P=0.95 (nucleus sampling)
[gen] step 0/416  (K_refine=4)
[gen] step 10/416  (K_refine=4)
[gen] step 20/416  (K_refine=4)
[gen] step 30/416  (K_refine=4)
[gen] step 40/416  (K_refine=4)
[gen] step 50/416  (K_refine=4)
[gen] step 60/416  (K_refine=4)
[gen] step 70/416  (K_refine=4)
[gen] step 80/416  (K_refine=4)
[gen] step 90/416  (K_refine=4)
[gen] step 100/416  (K_refine=4)
[gen] step 110/416  (K_refine=4)
[gen] step 120/416  (K_refine=4)
[gen] step 130/416  (K_refine=4)
[gen] step 140/416  (K_refine=4)
[gen] step 150/416  (K_refine=4)
[gen] step 160/416  (K_refine=4)
[gen] step 170/416  (K_refine=4)
[gen] step 180/416  (K_refine=4)
[gen] step 190/416  (K_refine=4)
[gen] step 200/416  (K_refine=4)
[gen] step 210/416  (K_refine=4)
[gen] step 220/416  (K_refine=4)
[gen] step 230/416  (K_refine=4)
[gen] step 240/416  (K_refine=4)
[gen] step 250/416  (K_refine=4)
[gen] step 260/416  (K_refine=4)
[gen] step 270/416  (K_refine=4)
[gen] step 280/416  (K_refine=4)
[gen] step 290/416  (K_refine=4)
[gen] step 300/416  (K_refine=4)
[gen] step 310/416  (K_refine=4)
[gen] step 320/416  (K_refine=4)
[gen] step 330/416  (K_refine=4)
[gen] step 340/416  (K_refine=4)
[gen] step 350/416  (K_refine=4)
[gen] step 360/416  (K_refine=4)
[gen] step 370/416  (K_refine=4)
[gen] step 380/416  (K_refine=4)
[gen] step 390/416  (K_refine=4)
[gen] step 400/416  (K_refine=4)
[gen] step 410/416  (K_refine=4)
    -> temp/E1_v5b/A3/806/co/sample_2_temp1.0.mid

[86/95] 816
  mode=co
[gen] A3_REFINE_STEPS=4 (env override)
[gen] A3_FINAL_TEMP=0.9 (env override)
[gen] A3_TOP_P=0.95 (nucleus sampling)
[gen] step 0/416  (K_refine=4)
[gen] step 10/416  (K_refine=4)
[gen] step 20/416  (K_refine=4)
[gen] step 30/416  (K_refine=4)
[gen] step 40/416  (K_refine=4)
[gen] step 50/416  (K_refine=4)
[gen] step 60/416  (K_refine=4)
[gen] step 70/416  (K_refine=4)
[gen] step 80/416  (K_refine=4)
[gen] step 90/416  (K_refine=4)
[gen] step 100/416  (K_refine=4)
[gen] step 110/416  (K_refine=4)
[gen] step 120/416  (K_refine=4)
[gen] step 130/416  (K_refine=4)
[gen] step 140/416  (K_refine=4)
[gen] step 150/416  (K_refine=4)
[gen] step 160/416  (K_refine=4)
[gen] step 170/416  (K_refine=4)
[gen] step 180/416  (K_refine=4)
[gen] step 190/416  (K_refine=4)
[gen] step 200/416  (K_refine=4)
[gen] step 210/416  (K_refine=4)
[gen] step 220/416  (K_refine=4)
[gen] step 230/416  (K_refine=4)
[gen] step 240/416  (K_refine=4)
[gen] step 250/416  (K_refine=4)
[gen] step 260/416  (K_refine=4)
[gen] step 270/416  (K_refine=4)
[gen] step 280/416  (K_refine=4)
[gen] step 290/416  (K_refine=4)
[gen] step 300/416  (K_refine=4)
[gen] step 310/416  (K_refine=4)
[gen] step 320/416  (K_refine=4)
[gen] step 330/416  (K_refine=4)
[gen] step 340/416  (K_refine=4)
[gen] step 350/416  (K_refine=4)
[gen] step 360/416  (K_refine=4)
[gen] step 370/416  (K_refine=4)
[gen] step 380/416  (K_refine=4)
[gen] step 390/416  (K_refine=4)
[gen] step 400/416  (K_refine=4)
[gen] step 410/416  (K_refine=4)
    -> temp/E1_v5b/A3/816/co/sample_0_temp1.0.mid
[gen] A3_REFINE_STEPS=4 (env override)
[gen] A3_FINAL_TEMP=0.9 (env override)
[gen] A3_TOP_P=0.95 (nucleus sampling)
[gen] step 0/416  (K_refine=4)
[gen] step 10/416  (K_refine=4)
[gen] step 20/416  (K_refine=4)
[gen] step 30/416  (K_refine=4)
[gen] step 40/416  (K_refine=4)
[gen] step 50/416  (K_refine=4)
[gen] step 60/416  (K_refine=4)
[gen] step 70/416  (K_refine=4)
[gen] step 80/416  (K_refine=4)
[gen] step 90/416  (K_refine=4)
[gen] step 100/416  (K_refine=4)
[gen] step 110/416  (K_refine=4)
[gen] step 120/416  (K_refine=4)
[gen] step 130/416  (K_refine=4)
[gen] step 140/416  (K_refine=4)
[gen] step 150/416  (K_refine=4)
[gen] step 160/416  (K_refine=4)
[gen] step 170/416  (K_refine=4)
[gen] step 180/416  (K_refine=4)
[gen] step 190/416  (K_refine=4)
[gen] step 200/416  (K_refine=4)
[gen] step 210/416  (K_refine=4)
[gen] step 220/416  (K_refine=4)
[gen] step 230/416  (K_refine=4)
[gen] step 240/416  (K_refine=4)
[gen] step 250/416  (K_refine=4)
[gen] step 260/416  (K_refine=4)
[gen] step 270/416  (K_refine=4)
[gen] step 280/416  (K_refine=4)
[gen] step 290/416  (K_refine=4)
[gen] step 300/416  (K_refine=4)
[gen] step 310/416  (K_refine=4)
[gen] step 320/416  (K_refine=4)
[gen] step 330/416  (K_refine=4)
[gen] step 340/416  (K_refine=4)
[gen] step 350/416  (K_refine=4)
[gen] step 360/416  (K_refine=4)
[gen] step 370/416  (K_refine=4)
[gen] step 380/416  (K_refine=4)
[gen] step 390/416  (K_refine=4)
[gen] step 400/416  (K_refine=4)
[gen] step 410/416  (K_refine=4)
    -> temp/E1_v5b/A3/816/co/sample_1_temp1.0.mid
[gen] A3_REFINE_STEPS=4 (env override)
[gen] A3_FINAL_TEMP=0.9 (env override)
[gen] A3_TOP_P=0.95 (nucleus sampling)
[gen] step 0/416  (K_refine=4)
[gen] step 10/416  (K_refine=4)
[gen] step 20/416  (K_refine=4)
[gen] step 30/416  (K_refine=4)
[gen] step 40/416  (K_refine=4)
[gen] step 50/416  (K_refine=4)
[gen] step 60/416  (K_refine=4)
[gen] step 70/416  (K_refine=4)
[gen] step 80/416  (K_refine=4)
[gen] step 90/416  (K_refine=4)
[gen] step 100/416  (K_refine=4)
[gen] step 110/416  (K_refine=4)
[gen] step 120/416  (K_refine=4)
[gen] step 130/416  (K_refine=4)
[gen] step 140/416  (K_refine=4)
[gen] step 150/416  (K_refine=4)
[gen] step 160/416  (K_refine=4)
[gen] step 170/416  (K_refine=4)
[gen] step 180/416  (K_refine=4)
[gen] step 190/416  (K_refine=4)
[gen] step 200/416  (K_refine=4)
[gen] step 210/416  (K_refine=4)
[gen] step 220/416  (K_refine=4)
[gen] step 230/416  (K_refine=4)
[gen] step 240/416  (K_refine=4)
[gen] step 250/416  (K_refine=4)
[gen] step 260/416  (K_refine=4)
[gen] step 270/416  (K_refine=4)
[gen] step 280/416  (K_refine=4)
[gen] step 290/416  (K_refine=4)
[gen] step 300/416  (K_refine=4)
[gen] step 310/416  (K_refine=4)
[gen] step 320/416  (K_refine=4)
[gen] step 330/416  (K_refine=4)
[gen] step 340/416  (K_refine=4)
[gen] step 350/416  (K_refine=4)
[gen] step 360/416  (K_refine=4)
[gen] step 370/416  (K_refine=4)
[gen] step 380/416  (K_refine=4)
[gen] step 390/416  (K_refine=4)
[gen] step 400/416  (K_refine=4)
[gen] step 410/416  (K_refine=4)
    -> temp/E1_v5b/A3/816/co/sample_2_temp1.0.mid

[87/95] 826
  mode=co
[gen] A3_REFINE_STEPS=4 (env override)
[gen] A3_FINAL_TEMP=0.9 (env override)
[gen] A3_TOP_P=0.95 (nucleus sampling)
[gen] step 0/416  (K_refine=4)
[gen] step 10/416  (K_refine=4)
[gen] step 20/416  (K_refine=4)
[gen] step 30/416  (K_refine=4)
[gen] step 40/416  (K_refine=4)
[gen] step 50/416  (K_refine=4)
[gen] step 60/416  (K_refine=4)
[gen] step 70/416  (K_refine=4)
[gen] step 80/416  (K_refine=4)
[gen] step 90/416  (K_refine=4)
[gen] step 100/416  (K_refine=4)
[gen] step 110/416  (K_refine=4)
[gen] step 120/416  (K_refine=4)
[gen] step 130/416  (K_refine=4)
[gen] step 140/416  (K_refine=4)
[gen] step 150/416  (K_refine=4)
[gen] step 160/416  (K_refine=4)
[gen] step 170/416  (K_refine=4)
[gen] step 180/416  (K_refine=4)
[gen] step 190/416  (K_refine=4)
[gen] step 200/416  (K_refine=4)
[gen] step 210/416  (K_refine=4)
[gen] step 220/416  (K_refine=4)
[gen] step 230/416  (K_refine=4)
[gen] step 240/416  (K_refine=4)
[gen] step 250/416  (K_refine=4)
[gen] step 260/416  (K_refine=4)
[gen] step 270/416  (K_refine=4)
[gen] step 280/416  (K_refine=4)
[gen] step 290/416  (K_refine=4)
[gen] step 300/416  (K_refine=4)
[gen] step 310/416  (K_refine=4)
[gen] step 320/416  (K_refine=4)
[gen] step 330/416  (K_refine=4)
[gen] step 340/416  (K_refine=4)
[gen] step 350/416  (K_refine=4)
[gen] step 360/416  (K_refine=4)
[gen] step 370/416  (K_refine=4)
[gen] step 380/416  (K_refine=4)
[gen] step 390/416  (K_refine=4)
[gen] step 400/416  (K_refine=4)
[gen] step 410/416  (K_refine=4)
    -> temp/E1_v5b/A3/826/co/sample_0_temp1.0.mid
[gen] A3_REFINE_STEPS=4 (env override)
[gen] A3_FINAL_TEMP=0.9 (env override)
[gen] A3_TOP_P=0.95 (nucleus sampling)
[gen] step 0/416  (K_refine=4)
[gen] step 10/416  (K_refine=4)
[gen] step 20/416  (K_refine=4)
[gen] step 30/416  (K_refine=4)
[gen] step 40/416  (K_refine=4)
[gen] step 50/416  (K_refine=4)
[gen] step 60/416  (K_refine=4)
[gen] step 70/416  (K_refine=4)
[gen] step 80/416  (K_refine=4)
[gen] step 90/416  (K_refine=4)
[gen] step 100/416  (K_refine=4)
[gen] step 110/416  (K_refine=4)
[gen] step 120/416  (K_refine=4)
[gen] step 130/416  (K_refine=4)
[gen] step 140/416  (K_refine=4)
[gen] step 150/416  (K_refine=4)
[gen] step 160/416  (K_refine=4)
[gen] step 170/416  (K_refine=4)
[gen] step 180/416  (K_refine=4)
[gen] step 190/416  (K_refine=4)
[gen] step 200/416  (K_refine=4)
[gen] step 210/416  (K_refine=4)
[gen] step 220/416  (K_refine=4)
[gen] step 230/416  (K_refine=4)
[gen] step 240/416  (K_refine=4)
[gen] step 250/416  (K_refine=4)
[gen] step 260/416  (K_refine=4)
[gen] step 270/416  (K_refine=4)
[gen] step 280/416  (K_refine=4)
[gen] step 290/416  (K_refine=4)
[gen] step 300/416  (K_refine=4)
[gen] step 310/416  (K_refine=4)
[gen] step 320/416  (K_refine=4)
[gen] step 330/416  (K_refine=4)
[gen] step 340/416  (K_refine=4)
[gen] step 350/416  (K_refine=4)
[gen] step 360/416  (K_refine=4)
[gen] step 370/416  (K_refine=4)
[gen] step 380/416  (K_refine=4)
[gen] step 390/416  (K_refine=4)
[gen] step 400/416  (K_refine=4)
[gen] step 410/416  (K_refine=4)
    -> temp/E1_v5b/A3/826/co/sample_1_temp1.0.mid
[gen] A3_REFINE_STEPS=4 (env override)
[gen] A3_FINAL_TEMP=0.9 (env override)
[gen] A3_TOP_P=0.95 (nucleus sampling)
[gen] step 0/416  (K_refine=4)
[gen] step 10/416  (K_refine=4)
[gen] step 20/416  (K_refine=4)
[gen] step 30/416  (K_refine=4)
[gen] step 40/416  (K_refine=4)
[gen] step 50/416  (K_refine=4)
[gen] step 60/416  (K_refine=4)
[gen] step 70/416  (K_refine=4)
[gen] step 80/416  (K_refine=4)
[gen] step 90/416  (K_refine=4)
[gen] step 100/416  (K_refine=4)
[gen] step 110/416  (K_refine=4)
[gen] step 120/416  (K_refine=4)
[gen] step 130/416  (K_refine=4)
[gen] step 140/416  (K_refine=4)
[gen] step 150/416  (K_refine=4)
[gen] step 160/416  (K_refine=4)
[gen] step 170/416  (K_refine=4)
[gen] step 180/416  (K_refine=4)
[gen] step 190/416  (K_refine=4)
[gen] step 200/416  (K_refine=4)
[gen] step 210/416  (K_refine=4)
[gen] step 220/416  (K_refine=4)
[gen] step 230/416  (K_refine=4)
[gen] step 240/416  (K_refine=4)
[gen] step 250/416  (K_refine=4)
[gen] step 260/416  (K_refine=4)
[gen] step 270/416  (K_refine=4)
[gen] step 280/416  (K_refine=4)
[gen] step 290/416  (K_refine=4)
[gen] step 300/416  (K_refine=4)
[gen] step 310/416  (K_refine=4)
[gen] step 320/416  (K_refine=4)
[gen] step 330/416  (K_refine=4)
[gen] step 340/416  (K_refine=4)
[gen] step 350/416  (K_refine=4)
[gen] step 360/416  (K_refine=4)
[gen] step 370/416  (K_refine=4)
[gen] step 380/416  (K_refine=4)
[gen] step 390/416  (K_refine=4)
[gen] step 400/416  (K_refine=4)
[gen] step 410/416  (K_refine=4)
    -> temp/E1_v5b/A3/826/co/sample_2_temp1.0.mid

[88/95] 836
  mode=co
[gen] A3_REFINE_STEPS=4 (env override)
[gen] A3_FINAL_TEMP=0.9 (env override)
[gen] A3_TOP_P=0.95 (nucleus sampling)
[gen] step 0/416  (K_refine=4)
[gen] step 10/416  (K_refine=4)
[gen] step 20/416  (K_refine=4)
[gen] step 30/416  (K_refine=4)
[gen] step 40/416  (K_refine=4)
[gen] step 50/416  (K_refine=4)
[gen] step 60/416  (K_refine=4)
[gen] step 70/416  (K_refine=4)
[gen] step 80/416  (K_refine=4)
[gen] step 90/416  (K_refine=4)
[gen] step 100/416  (K_refine=4)
[gen] step 110/416  (K_refine=4)
[gen] step 120/416  (K_refine=4)
[gen] step 130/416  (K_refine=4)
[gen] step 140/416  (K_refine=4)
[gen] step 150/416  (K_refine=4)
[gen] step 160/416  (K_refine=4)
[gen] step 170/416  (K_refine=4)
[gen] step 180/416  (K_refine=4)
[gen] step 190/416  (K_refine=4)
[gen] step 200/416  (K_refine=4)
[gen] step 210/416  (K_refine=4)
[gen] step 220/416  (K_refine=4)
[gen] step 230/416  (K_refine=4)
[gen] step 240/416  (K_refine=4)
[gen] step 250/416  (K_refine=4)
[gen] step 260/416  (K_refine=4)
[gen] step 270/416  (K_refine=4)
[gen] step 280/416  (K_refine=4)
[gen] step 290/416  (K_refine=4)
[gen] step 300/416  (K_refine=4)
[gen] step 310/416  (K_refine=4)
[gen] step 320/416  (K_refine=4)
[gen] step 330/416  (K_refine=4)
[gen] step 340/416  (K_refine=4)
[gen] step 350/416  (K_refine=4)
[gen] step 360/416  (K_refine=4)
[gen] step 370/416  (K_refine=4)
[gen] step 380/416  (K_refine=4)
[gen] step 390/416  (K_refine=4)
[gen] step 400/416  (K_refine=4)
[gen] step 410/416  (K_refine=4)
    -> temp/E1_v5b/A3/836/co/sample_0_temp1.0.mid
[gen] A3_REFINE_STEPS=4 (env override)
[gen] A3_FINAL_TEMP=0.9 (env override)
[gen] A3_TOP_P=0.95 (nucleus sampling)
[gen] step 0/416  (K_refine=4)
[gen] step 10/416  (K_refine=4)
[gen] step 20/416  (K_refine=4)
[gen] step 30/416  (K_refine=4)
[gen] step 40/416  (K_refine=4)
[gen] step 50/416  (K_refine=4)
[gen] step 60/416  (K_refine=4)
[gen] step 70/416  (K_refine=4)
[gen] step 80/416  (K_refine=4)
[gen] step 90/416  (K_refine=4)
[gen] step 100/416  (K_refine=4)
[gen] step 110/416  (K_refine=4)
[gen] step 120/416  (K_refine=4)
[gen] step 130/416  (K_refine=4)
[gen] step 140/416  (K_refine=4)
[gen] step 150/416  (K_refine=4)
[gen] step 160/416  (K_refine=4)
[gen] step 170/416  (K_refine=4)
[gen] step 180/416  (K_refine=4)
[gen] step 190/416  (K_refine=4)
[gen] step 200/416  (K_refine=4)
[gen] step 210/416  (K_refine=4)
[gen] step 220/416  (K_refine=4)
[gen] step 230/416  (K_refine=4)
[gen] step 240/416  (K_refine=4)
[gen] step 250/416  (K_refine=4)
[gen] step 260/416  (K_refine=4)
[gen] step 270/416  (K_refine=4)
[gen] step 280/416  (K_refine=4)
[gen] step 290/416  (K_refine=4)
[gen] step 300/416  (K_refine=4)
[gen] step 310/416  (K_refine=4)
[gen] step 320/416  (K_refine=4)
[gen] step 330/416  (K_refine=4)
[gen] step 340/416  (K_refine=4)
[gen] step 350/416  (K_refine=4)
[gen] step 360/416  (K_refine=4)
[gen] step 370/416  (K_refine=4)
[gen] step 380/416  (K_refine=4)
[gen] step 390/416  (K_refine=4)
[gen] step 400/416  (K_refine=4)
[gen] step 410/416  (K_refine=4)
    -> temp/E1_v5b/A3/836/co/sample_1_temp1.0.mid
[gen] A3_REFINE_STEPS=4 (env override)
[gen] A3_FINAL_TEMP=0.9 (env override)
[gen] A3_TOP_P=0.95 (nucleus sampling)
[gen] step 0/416  (K_refine=4)
[gen] step 10/416  (K_refine=4)
[gen] step 20/416  (K_refine=4)
[gen] step 30/416  (K_refine=4)
[gen] step 40/416  (K_refine=4)
[gen] step 50/416  (K_refine=4)
[gen] step 60/416  (K_refine=4)
[gen] step 70/416  (K_refine=4)
[gen] step 80/416  (K_refine=4)
[gen] step 90/416  (K_refine=4)
[gen] step 100/416  (K_refine=4)
[gen] step 110/416  (K_refine=4)
[gen] step 120/416  (K_refine=4)
[gen] step 130/416  (K_refine=4)
[gen] step 140/416  (K_refine=4)
[gen] step 150/416  (K_refine=4)
[gen] step 160/416  (K_refine=4)
[gen] step 170/416  (K_refine=4)
[gen] step 180/416  (K_refine=4)
[gen] step 190/416  (K_refine=4)
[gen] step 200/416  (K_refine=4)
[gen] step 210/416  (K_refine=4)
[gen] step 220/416  (K_refine=4)
[gen] step 230/416  (K_refine=4)
[gen] step 240/416  (K_refine=4)
[gen] step 250/416  (K_refine=4)
[gen] step 260/416  (K_refine=4)
[gen] step 270/416  (K_refine=4)
[gen] step 280/416  (K_refine=4)
[gen] step 290/416  (K_refine=4)
[gen] step 300/416  (K_refine=4)
[gen] step 310/416  (K_refine=4)
[gen] step 320/416  (K_refine=4)
[gen] step 330/416  (K_refine=4)
[gen] step 340/416  (K_refine=4)
[gen] step 350/416  (K_refine=4)
[gen] step 360/416  (K_refine=4)
[gen] step 370/416  (K_refine=4)
[gen] step 380/416  (K_refine=4)
[gen] step 390/416  (K_refine=4)
[gen] step 400/416  (K_refine=4)
[gen] step 410/416  (K_refine=4)
    -> temp/E1_v5b/A3/836/co/sample_2_temp1.0.mid

[89/95] 846
  mode=co
[gen] A3_REFINE_STEPS=4 (env override)
[gen] A3_FINAL_TEMP=0.9 (env override)
[gen] A3_TOP_P=0.95 (nucleus sampling)
[gen] step 0/416  (K_refine=4)
[gen] step 10/416  (K_refine=4)
[gen] step 20/416  (K_refine=4)
[gen] step 30/416  (K_refine=4)
[gen] step 40/416  (K_refine=4)
[gen] step 50/416  (K_refine=4)
[gen] step 60/416  (K_refine=4)
[gen] step 70/416  (K_refine=4)
[gen] step 80/416  (K_refine=4)
[gen] step 90/416  (K_refine=4)
[gen] step 100/416  (K_refine=4)
[gen] step 110/416  (K_refine=4)
[gen] step 120/416  (K_refine=4)
[gen] step 130/416  (K_refine=4)
[gen] step 140/416  (K_refine=4)
[gen] step 150/416  (K_refine=4)
[gen] step 160/416  (K_refine=4)
[gen] step 170/416  (K_refine=4)
[gen] step 180/416  (K_refine=4)
[gen] step 190/416  (K_refine=4)
[gen] step 200/416  (K_refine=4)
[gen] step 210/416  (K_refine=4)
[gen] step 220/416  (K_refine=4)
[gen] step 230/416  (K_refine=4)
[gen] step 240/416  (K_refine=4)
[gen] step 250/416  (K_refine=4)
[gen] step 260/416  (K_refine=4)
[gen] step 270/416  (K_refine=4)
[gen] step 280/416  (K_refine=4)
[gen] step 290/416  (K_refine=4)
[gen] step 300/416  (K_refine=4)
[gen] step 310/416  (K_refine=4)
[gen] step 320/416  (K_refine=4)
[gen] step 330/416  (K_refine=4)
[gen] step 340/416  (K_refine=4)
[gen] step 350/416  (K_refine=4)
[gen] step 360/416  (K_refine=4)
[gen] step 370/416  (K_refine=4)
[gen] step 380/416  (K_refine=4)
[gen] step 390/416  (K_refine=4)
[gen] step 400/416  (K_refine=4)
[gen] step 410/416  (K_refine=4)
    -> temp/E1_v5b/A3/846/co/sample_0_temp1.0.mid
[gen] A3_REFINE_STEPS=4 (env override)
[gen] A3_FINAL_TEMP=0.9 (env override)
[gen] A3_TOP_P=0.95 (nucleus sampling)
[gen] step 0/416  (K_refine=4)
[gen] step 10/416  (K_refine=4)
[gen] step 20/416  (K_refine=4)
[gen] step 30/416  (K_refine=4)
[gen] step 40/416  (K_refine=4)
[gen] step 50/416  (K_refine=4)
[gen] step 60/416  (K_refine=4)
[gen] step 70/416  (K_refine=4)
[gen] step 80/416  (K_refine=4)
[gen] step 90/416  (K_refine=4)
[gen] step 100/416  (K_refine=4)
[gen] step 110/416  (K_refine=4)
[gen] step 120/416  (K_refine=4)
[gen] step 130/416  (K_refine=4)
[gen] step 140/416  (K_refine=4)
[gen] step 150/416  (K_refine=4)
[gen] step 160/416  (K_refine=4)
[gen] step 170/416  (K_refine=4)
[gen] step 180/416  (K_refine=4)
[gen] step 190/416  (K_refine=4)
[gen] step 200/416  (K_refine=4)
[gen] step 210/416  (K_refine=4)
[gen] step 220/416  (K_refine=4)
[gen] step 230/416  (K_refine=4)
[gen] step 240/416  (K_refine=4)
[gen] step 250/416  (K_refine=4)
[gen] step 260/416  (K_refine=4)
[gen] step 270/416  (K_refine=4)
[gen] step 280/416  (K_refine=4)
[gen] step 290/416  (K_refine=4)
[gen] step 300/416  (K_refine=4)
[gen] step 310/416  (K_refine=4)
[gen] step 320/416  (K_refine=4)
[gen] step 330/416  (K_refine=4)
[gen] step 340/416  (K_refine=4)
[gen] step 350/416  (K_refine=4)
[gen] step 360/416  (K_refine=4)
[gen] step 370/416  (K_refine=4)
[gen] step 380/416  (K_refine=4)
[gen] step 390/416  (K_refine=4)
[gen] step 400/416  (K_refine=4)
[gen] step 410/416  (K_refine=4)
    -> temp/E1_v5b/A3/846/co/sample_1_temp1.0.mid
[gen] A3_REFINE_STEPS=4 (env override)
[gen] A3_FINAL_TEMP=0.9 (env override)
[gen] A3_TOP_P=0.95 (nucleus sampling)
[gen] step 0/416  (K_refine=4)
[gen] step 10/416  (K_refine=4)
[gen] step 20/416  (K_refine=4)
[gen] step 30/416  (K_refine=4)
[gen] step 40/416  (K_refine=4)
[gen] step 50/416  (K_refine=4)
[gen] step 60/416  (K_refine=4)
[gen] step 70/416  (K_refine=4)
[gen] step 80/416  (K_refine=4)
[gen] step 90/416  (K_refine=4)
[gen] step 100/416  (K_refine=4)
[gen] step 110/416  (K_refine=4)
[gen] step 120/416  (K_refine=4)
[gen] step 130/416  (K_refine=4)
[gen] step 140/416  (K_refine=4)
[gen] step 150/416  (K_refine=4)
[gen] step 160/416  (K_refine=4)
[gen] step 170/416  (K_refine=4)
[gen] step 180/416  (K_refine=4)
[gen] step 190/416  (K_refine=4)
[gen] step 200/416  (K_refine=4)
[gen] step 210/416  (K_refine=4)
[gen] step 220/416  (K_refine=4)
[gen] step 230/416  (K_refine=4)
[gen] step 240/416  (K_refine=4)
[gen] step 250/416  (K_refine=4)
[gen] step 260/416  (K_refine=4)
[gen] step 270/416  (K_refine=4)
[gen] step 280/416  (K_refine=4)
[gen] step 290/416  (K_refine=4)
[gen] step 300/416  (K_refine=4)
[gen] step 310/416  (K_refine=4)
[gen] step 320/416  (K_refine=4)
[gen] step 330/416  (K_refine=4)
[gen] step 340/416  (K_refine=4)
[gen] step 350/416  (K_refine=4)
[gen] step 360/416  (K_refine=4)
[gen] step 370/416  (K_refine=4)
[gen] step 380/416  (K_refine=4)
[gen] step 390/416  (K_refine=4)
[gen] step 400/416  (K_refine=4)
[gen] step 410/416  (K_refine=4)
    -> temp/E1_v5b/A3/846/co/sample_2_temp1.0.mid

[90/95] 856
  mode=co
[gen] A3_REFINE_STEPS=4 (env override)
[gen] A3_FINAL_TEMP=0.9 (env override)
[gen] A3_TOP_P=0.95 (nucleus sampling)
[gen] step 0/416  (K_refine=4)
[gen] step 10/416  (K_refine=4)
[gen] step 20/416  (K_refine=4)
[gen] step 30/416  (K_refine=4)
[gen] step 40/416  (K_refine=4)
[gen] step 50/416  (K_refine=4)
[gen] step 60/416  (K_refine=4)
[gen] step 70/416  (K_refine=4)
[gen] step 80/416  (K_refine=4)
[gen] step 90/416  (K_refine=4)
[gen] step 100/416  (K_refine=4)
[gen] step 110/416  (K_refine=4)
[gen] step 120/416  (K_refine=4)
[gen] step 130/416  (K_refine=4)
[gen] step 140/416  (K_refine=4)
[gen] step 150/416  (K_refine=4)
[gen] step 160/416  (K_refine=4)
[gen] step 170/416  (K_refine=4)
[gen] step 180/416  (K_refine=4)
[gen] step 190/416  (K_refine=4)
[gen] step 200/416  (K_refine=4)
[gen] step 210/416  (K_refine=4)
[gen] step 220/416  (K_refine=4)
[gen] step 230/416  (K_refine=4)
[gen] step 240/416  (K_refine=4)
[gen] step 250/416  (K_refine=4)
[gen] step 260/416  (K_refine=4)
[gen] step 270/416  (K_refine=4)
[gen] step 280/416  (K_refine=4)
[gen] step 290/416  (K_refine=4)
[gen] step 300/416  (K_refine=4)
[gen] step 310/416  (K_refine=4)
[gen] step 320/416  (K_refine=4)
[gen] step 330/416  (K_refine=4)
[gen] step 340/416  (K_refine=4)
[gen] step 350/416  (K_refine=4)
[gen] step 360/416  (K_refine=4)
[gen] step 370/416  (K_refine=4)
[gen] step 380/416  (K_refine=4)
[gen] step 390/416  (K_refine=4)
[gen] step 400/416  (K_refine=4)
[gen] step 410/416  (K_refine=4)
    -> temp/E1_v5b/A3/856/co/sample_0_temp1.0.mid
[gen] A3_REFINE_STEPS=4 (env override)
[gen] A3_FINAL_TEMP=0.9 (env override)
[gen] A3_TOP_P=0.95 (nucleus sampling)
[gen] step 0/416  (K_refine=4)
[gen] step 10/416  (K_refine=4)
[gen] step 20/416  (K_refine=4)
[gen] step 30/416  (K_refine=4)
[gen] step 40/416  (K_refine=4)
[gen] step 50/416  (K_refine=4)
[gen] step 60/416  (K_refine=4)
[gen] step 70/416  (K_refine=4)
[gen] step 80/416  (K_refine=4)
[gen] step 90/416  (K_refine=4)
[gen] step 100/416  (K_refine=4)
[gen] step 110/416  (K_refine=4)
[gen] step 120/416  (K_refine=4)
[gen] step 130/416  (K_refine=4)
[gen] step 140/416  (K_refine=4)
[gen] step 150/416  (K_refine=4)
[gen] step 160/416  (K_refine=4)
[gen] step 170/416  (K_refine=4)
[gen] step 180/416  (K_refine=4)
[gen] step 190/416  (K_refine=4)
[gen] step 200/416  (K_refine=4)
[gen] step 210/416  (K_refine=4)
[gen] step 220/416  (K_refine=4)
[gen] step 230/416  (K_refine=4)
[gen] step 240/416  (K_refine=4)
[gen] step 250/416  (K_refine=4)
[gen] step 260/416  (K_refine=4)
[gen] step 270/416  (K_refine=4)
[gen] step 280/416  (K_refine=4)
[gen] step 290/416  (K_refine=4)
[gen] step 300/416  (K_refine=4)
[gen] step 310/416  (K_refine=4)
[gen] step 320/416  (K_refine=4)
[gen] step 330/416  (K_refine=4)
[gen] step 340/416  (K_refine=4)
[gen] step 350/416  (K_refine=4)
[gen] step 360/416  (K_refine=4)
[gen] step 370/416  (K_refine=4)
[gen] step 380/416  (K_refine=4)
[gen] step 390/416  (K_refine=4)
[gen] step 400/416  (K_refine=4)
[gen] step 410/416  (K_refine=4)
    -> temp/E1_v5b/A3/856/co/sample_1_temp1.0.mid
[gen] A3_REFINE_STEPS=4 (env override)
[gen] A3_FINAL_TEMP=0.9 (env override)
[gen] A3_TOP_P=0.95 (nucleus sampling)
[gen] step 0/416  (K_refine=4)
[gen] step 10/416  (K_refine=4)
[gen] step 20/416  (K_refine=4)
[gen] step 30/416  (K_refine=4)
[gen] step 40/416  (K_refine=4)
[gen] step 50/416  (K_refine=4)
[gen] step 60/416  (K_refine=4)
[gen] step 70/416  (K_refine=4)
[gen] step 80/416  (K_refine=4)
[gen] step 90/416  (K_refine=4)
[gen] step 100/416  (K_refine=4)
[gen] step 110/416  (K_refine=4)
[gen] step 120/416  (K_refine=4)
[gen] step 130/416  (K_refine=4)
[gen] step 140/416  (K_refine=4)
[gen] step 150/416  (K_refine=4)
[gen] step 160/416  (K_refine=4)
[gen] step 170/416  (K_refine=4)
[gen] step 180/416  (K_refine=4)
[gen] step 190/416  (K_refine=4)
[gen] step 200/416  (K_refine=4)
[gen] step 210/416  (K_refine=4)
[gen] step 220/416  (K_refine=4)
[gen] step 230/416  (K_refine=4)
[gen] step 240/416  (K_refine=4)
[gen] step 250/416  (K_refine=4)
[gen] step 260/416  (K_refine=4)
[gen] step 270/416  (K_refine=4)
[gen] step 280/416  (K_refine=4)
[gen] step 290/416  (K_refine=4)
[gen] step 300/416  (K_refine=4)
[gen] step 310/416  (K_refine=4)
[gen] step 320/416  (K_refine=4)
[gen] step 330/416  (K_refine=4)
[gen] step 340/416  (K_refine=4)
[gen] step 350/416  (K_refine=4)
[gen] step 360/416  (K_refine=4)
[gen] step 370/416  (K_refine=4)
[gen] step 380/416  (K_refine=4)
[gen] step 390/416  (K_refine=4)
[gen] step 400/416  (K_refine=4)
[gen] step 410/416  (K_refine=4)
    -> temp/E1_v5b/A3/856/co/sample_2_temp1.0.mid

[91/95] 866
  mode=co
[gen] A3_REFINE_STEPS=4 (env override)
[gen] A3_FINAL_TEMP=0.9 (env override)
[gen] A3_TOP_P=0.95 (nucleus sampling)
[gen] step 0/416  (K_refine=4)
[gen] step 10/416  (K_refine=4)
[gen] step 20/416  (K_refine=4)
[gen] step 30/416  (K_refine=4)
[gen] step 40/416  (K_refine=4)
[gen] step 50/416  (K_refine=4)
[gen] step 60/416  (K_refine=4)
[gen] step 70/416  (K_refine=4)
[gen] step 80/416  (K_refine=4)
[gen] step 90/416  (K_refine=4)
[gen] step 100/416  (K_refine=4)
[gen] step 110/416  (K_refine=4)
[gen] step 120/416  (K_refine=4)
[gen] step 130/416  (K_refine=4)
[gen] step 140/416  (K_refine=4)
[gen] step 150/416  (K_refine=4)
[gen] step 160/416  (K_refine=4)
[gen] step 170/416  (K_refine=4)
[gen] step 180/416  (K_refine=4)
[gen] step 190/416  (K_refine=4)
[gen] step 200/416  (K_refine=4)
[gen] step 210/416  (K_refine=4)
[gen] step 220/416  (K_refine=4)
[gen] step 230/416  (K_refine=4)
[gen] step 240/416  (K_refine=4)
[gen] step 250/416  (K_refine=4)
[gen] step 260/416  (K_refine=4)
[gen] step 270/416  (K_refine=4)
[gen] step 280/416  (K_refine=4)
[gen] step 290/416  (K_refine=4)
[gen] step 300/416  (K_refine=4)
[gen] step 310/416  (K_refine=4)
[gen] step 320/416  (K_refine=4)
[gen] step 330/416  (K_refine=4)
[gen] step 340/416  (K_refine=4)
[gen] step 350/416  (K_refine=4)
[gen] step 360/416  (K_refine=4)
[gen] step 370/416  (K_refine=4)
[gen] step 380/416  (K_refine=4)
[gen] step 390/416  (K_refine=4)
[gen] step 400/416  (K_refine=4)
[gen] step 410/416  (K_refine=4)
    -> temp/E1_v5b/A3/866/co/sample_0_temp1.0.mid
[gen] A3_REFINE_STEPS=4 (env override)
[gen] A3_FINAL_TEMP=0.9 (env override)
[gen] A3_TOP_P=0.95 (nucleus sampling)
[gen] step 0/416  (K_refine=4)
[gen] step 10/416  (K_refine=4)
[gen] step 20/416  (K_refine=4)
[gen] step 30/416  (K_refine=4)
[gen] step 40/416  (K_refine=4)
[gen] step 50/416  (K_refine=4)
[gen] step 60/416  (K_refine=4)
[gen] step 70/416  (K_refine=4)
[gen] step 80/416  (K_refine=4)
[gen] step 90/416  (K_refine=4)
[gen] step 100/416  (K_refine=4)
[gen] step 110/416  (K_refine=4)
[gen] step 120/416  (K_refine=4)
[gen] step 130/416  (K_refine=4)
[gen] step 140/416  (K_refine=4)
[gen] step 150/416  (K_refine=4)
[gen] step 160/416  (K_refine=4)
[gen] step 170/416  (K_refine=4)
[gen] step 180/416  (K_refine=4)
[gen] step 190/416  (K_refine=4)
[gen] step 200/416  (K_refine=4)
[gen] step 210/416  (K_refine=4)
[gen] step 220/416  (K_refine=4)
[gen] step 230/416  (K_refine=4)
[gen] step 240/416  (K_refine=4)
[gen] step 250/416  (K_refine=4)
[gen] step 260/416  (K_refine=4)
[gen] step 270/416  (K_refine=4)
[gen] step 280/416  (K_refine=4)
[gen] step 290/416  (K_refine=4)
[gen] step 300/416  (K_refine=4)
[gen] step 310/416  (K_refine=4)
[gen] step 320/416  (K_refine=4)
[gen] step 330/416  (K_refine=4)
[gen] step 340/416  (K_refine=4)
[gen] step 350/416  (K_refine=4)
[gen] step 360/416  (K_refine=4)
[gen] step 370/416  (K_refine=4)
[gen] step 380/416  (K_refine=4)
[gen] step 390/416  (K_refine=4)
[gen] step 400/416  (K_refine=4)
[gen] step 410/416  (K_refine=4)
    -> temp/E1_v5b/A3/866/co/sample_1_temp1.0.mid
[gen] A3_REFINE_STEPS=4 (env override)
[gen] A3_FINAL_TEMP=0.9 (env override)
[gen] A3_TOP_P=0.95 (nucleus sampling)
[gen] step 0/416  (K_refine=4)
[gen] step 10/416  (K_refine=4)
[gen] step 20/416  (K_refine=4)
[gen] step 30/416  (K_refine=4)
[gen] step 40/416  (K_refine=4)
[gen] step 50/416  (K_refine=4)
[gen] step 60/416  (K_refine=4)
[gen] step 70/416  (K_refine=4)
[gen] step 80/416  (K_refine=4)
[gen] step 90/416  (K_refine=4)
[gen] step 100/416  (K_refine=4)
[gen] step 110/416  (K_refine=4)
[gen] step 120/416  (K_refine=4)
[gen] step 130/416  (K_refine=4)
[gen] step 140/416  (K_refine=4)
[gen] step 150/416  (K_refine=4)
[gen] step 160/416  (K_refine=4)
[gen] step 170/416  (K_refine=4)
[gen] step 180/416  (K_refine=4)
[gen] step 190/416  (K_refine=4)
[gen] step 200/416  (K_refine=4)
[gen] step 210/416  (K_refine=4)
[gen] step 220/416  (K_refine=4)
[gen] step 230/416  (K_refine=4)
[gen] step 240/416  (K_refine=4)
[gen] step 250/416  (K_refine=4)
[gen] step 260/416  (K_refine=4)
[gen] step 270/416  (K_refine=4)
[gen] step 280/416  (K_refine=4)
[gen] step 290/416  (K_refine=4)
[gen] step 300/416  (K_refine=4)
[gen] step 310/416  (K_refine=4)
[gen] step 320/416  (K_refine=4)
[gen] step 330/416  (K_refine=4)
[gen] step 340/416  (K_refine=4)
[gen] step 350/416  (K_refine=4)
[gen] step 360/416  (K_refine=4)
[gen] step 370/416  (K_refine=4)
[gen] step 380/416  (K_refine=4)
[gen] step 390/416  (K_refine=4)
[gen] step 400/416  (K_refine=4)
[gen] step 410/416  (K_refine=4)
    -> temp/E1_v5b/A3/866/co/sample_2_temp1.0.mid

[92/95] 876
  mode=co
[gen] A3_REFINE_STEPS=4 (env override)
[gen] A3_FINAL_TEMP=0.9 (env override)
[gen] A3_TOP_P=0.95 (nucleus sampling)
[gen] step 0/416  (K_refine=4)
[gen] step 10/416  (K_refine=4)
[gen] step 20/416  (K_refine=4)
[gen] step 30/416  (K_refine=4)
[gen] step 40/416  (K_refine=4)
[gen] step 50/416  (K_refine=4)
[gen] step 60/416  (K_refine=4)
[gen] step 70/416  (K_refine=4)
[gen] step 80/416  (K_refine=4)
[gen] step 90/416  (K_refine=4)
[gen] step 100/416  (K_refine=4)
[gen] step 110/416  (K_refine=4)
[gen] step 120/416  (K_refine=4)
[gen] step 130/416  (K_refine=4)
[gen] step 140/416  (K_refine=4)
[gen] step 150/416  (K_refine=4)
[gen] step 160/416  (K_refine=4)
[gen] step 170/416  (K_refine=4)
[gen] step 180/416  (K_refine=4)
[gen] step 190/416  (K_refine=4)
[gen] step 200/416  (K_refine=4)
[gen] step 210/416  (K_refine=4)
[gen] step 220/416  (K_refine=4)
[gen] step 230/416  (K_refine=4)
[gen] step 240/416  (K_refine=4)
[gen] step 250/416  (K_refine=4)
[gen] step 260/416  (K_refine=4)
[gen] step 270/416  (K_refine=4)
[gen] step 280/416  (K_refine=4)
[gen] step 290/416  (K_refine=4)
[gen] step 300/416  (K_refine=4)
[gen] step 310/416  (K_refine=4)
[gen] step 320/416  (K_refine=4)
[gen] step 330/416  (K_refine=4)
[gen] step 340/416  (K_refine=4)
[gen] step 350/416  (K_refine=4)
[gen] step 360/416  (K_refine=4)
[gen] step 370/416  (K_refine=4)
[gen] step 380/416  (K_refine=4)
[gen] step 390/416  (K_refine=4)
[gen] step 400/416  (K_refine=4)
[gen] step 410/416  (K_refine=4)
    -> temp/E1_v5b/A3/876/co/sample_0_temp1.0.mid
[gen] A3_REFINE_STEPS=4 (env override)
[gen] A3_FINAL_TEMP=0.9 (env override)
[gen] A3_TOP_P=0.95 (nucleus sampling)
[gen] step 0/416  (K_refine=4)
[gen] step 10/416  (K_refine=4)
[gen] step 20/416  (K_refine=4)
[gen] step 30/416  (K_refine=4)
[gen] step 40/416  (K_refine=4)
[gen] step 50/416  (K_refine=4)
[gen] step 60/416  (K_refine=4)
[gen] step 70/416  (K_refine=4)
[gen] step 80/416  (K_refine=4)
[gen] step 90/416  (K_refine=4)
[gen] step 100/416  (K_refine=4)
[gen] step 110/416  (K_refine=4)
[gen] step 120/416  (K_refine=4)
[gen] step 130/416  (K_refine=4)
[gen] step 140/416  (K_refine=4)
[gen] step 150/416  (K_refine=4)
[gen] step 160/416  (K_refine=4)
[gen] step 170/416  (K_refine=4)
[gen] step 180/416  (K_refine=4)
[gen] step 190/416  (K_refine=4)
[gen] step 200/416  (K_refine=4)
[gen] step 210/416  (K_refine=4)
[gen] step 220/416  (K_refine=4)
[gen] step 230/416  (K_refine=4)
[gen] step 240/416  (K_refine=4)
[gen] step 250/416  (K_refine=4)
[gen] step 260/416  (K_refine=4)
[gen] step 270/416  (K_refine=4)
[gen] step 280/416  (K_refine=4)
[gen] step 290/416  (K_refine=4)
[gen] step 300/416  (K_refine=4)
[gen] step 310/416  (K_refine=4)
[gen] step 320/416  (K_refine=4)
[gen] step 330/416  (K_refine=4)
[gen] step 340/416  (K_refine=4)
[gen] step 350/416  (K_refine=4)
[gen] step 360/416  (K_refine=4)
[gen] step 370/416  (K_refine=4)
[gen] step 380/416  (K_refine=4)
[gen] step 390/416  (K_refine=4)
[gen] step 400/416  (K_refine=4)
[gen] step 410/416  (K_refine=4)
    -> temp/E1_v5b/A3/876/co/sample_1_temp1.0.mid
[gen] A3_REFINE_STEPS=4 (env override)
[gen] A3_FINAL_TEMP=0.9 (env override)
[gen] A3_TOP_P=0.95 (nucleus sampling)
[gen] step 0/416  (K_refine=4)
[gen] step 10/416  (K_refine=4)
[gen] step 20/416  (K_refine=4)
[gen] step 30/416  (K_refine=4)
[gen] step 40/416  (K_refine=4)
[gen] step 50/416  (K_refine=4)
[gen] step 60/416  (K_refine=4)
[gen] step 70/416  (K_refine=4)
[gen] step 80/416  (K_refine=4)
[gen] step 90/416  (K_refine=4)
[gen] step 100/416  (K_refine=4)
[gen] step 110/416  (K_refine=4)
[gen] step 120/416  (K_refine=4)
[gen] step 130/416  (K_refine=4)
[gen] step 140/416  (K_refine=4)
[gen] step 150/416  (K_refine=4)
[gen] step 160/416  (K_refine=4)
[gen] step 170/416  (K_refine=4)
[gen] step 180/416  (K_refine=4)
[gen] step 190/416  (K_refine=4)
[gen] step 200/416  (K_refine=4)
[gen] step 210/416  (K_refine=4)
[gen] step 220/416  (K_refine=4)
[gen] step 230/416  (K_refine=4)
[gen] step 240/416  (K_refine=4)
[gen] step 250/416  (K_refine=4)
[gen] step 260/416  (K_refine=4)
[gen] step 270/416  (K_refine=4)
[gen] step 280/416  (K_refine=4)
[gen] step 290/416  (K_refine=4)
[gen] step 300/416  (K_refine=4)
[gen] step 310/416  (K_refine=4)
[gen] step 320/416  (K_refine=4)
[gen] step 330/416  (K_refine=4)
[gen] step 340/416  (K_refine=4)
[gen] step 350/416  (K_refine=4)
[gen] step 360/416  (K_refine=4)
[gen] step 370/416  (K_refine=4)
[gen] step 380/416  (K_refine=4)
[gen] step 390/416  (K_refine=4)
[gen] step 400/416  (K_refine=4)
[gen] step 410/416  (K_refine=4)
    -> temp/E1_v5b/A3/876/co/sample_2_temp1.0.mid

[93/95] 886
  mode=co
[gen] A3_REFINE_STEPS=4 (env override)
[gen] A3_FINAL_TEMP=0.9 (env override)
[gen] A3_TOP_P=0.95 (nucleus sampling)
[gen] step 0/416  (K_refine=4)
[gen] step 10/416  (K_refine=4)
[gen] step 20/416  (K_refine=4)
[gen] step 30/416  (K_refine=4)
[gen] step 40/416  (K_refine=4)
[gen] step 50/416  (K_refine=4)
[gen] step 60/416  (K_refine=4)
[gen] step 70/416  (K_refine=4)
[gen] step 80/416  (K_refine=4)
[gen] step 90/416  (K_refine=4)
[gen] step 100/416  (K_refine=4)
[gen] step 110/416  (K_refine=4)
[gen] step 120/416  (K_refine=4)
[gen] step 130/416  (K_refine=4)
[gen] step 140/416  (K_refine=4)
[gen] step 150/416  (K_refine=4)
[gen] step 160/416  (K_refine=4)
[gen] step 170/416  (K_refine=4)
[gen] step 180/416  (K_refine=4)
[gen] step 190/416  (K_refine=4)
[gen] step 200/416  (K_refine=4)
[gen] step 210/416  (K_refine=4)
[gen] step 220/416  (K_refine=4)
[gen] step 230/416  (K_refine=4)
[gen] step 240/416  (K_refine=4)
[gen] step 250/416  (K_refine=4)
[gen] step 260/416  (K_refine=4)
[gen] step 270/416  (K_refine=4)
[gen] step 280/416  (K_refine=4)
[gen] step 290/416  (K_refine=4)
[gen] step 300/416  (K_refine=4)
[gen] step 310/416  (K_refine=4)
[gen] step 320/416  (K_refine=4)
[gen] step 330/416  (K_refine=4)
[gen] step 340/416  (K_refine=4)
[gen] step 350/416  (K_refine=4)
[gen] step 360/416  (K_refine=4)
[gen] step 370/416  (K_refine=4)
[gen] step 380/416  (K_refine=4)
[gen] step 390/416  (K_refine=4)
[gen] step 400/416  (K_refine=4)
[gen] step 410/416  (K_refine=4)
    -> temp/E1_v5b/A3/886/co/sample_0_temp1.0.mid
[gen] A3_REFINE_STEPS=4 (env override)
[gen] A3_FINAL_TEMP=0.9 (env override)
[gen] A3_TOP_P=0.95 (nucleus sampling)
[gen] step 0/416  (K_refine=4)
[gen] step 10/416  (K_refine=4)
[gen] step 20/416  (K_refine=4)
[gen] step 30/416  (K_refine=4)
[gen] step 40/416  (K_refine=4)
[gen] step 50/416  (K_refine=4)
[gen] step 60/416  (K_refine=4)
[gen] step 70/416  (K_refine=4)
[gen] step 80/416  (K_refine=4)
[gen] step 90/416  (K_refine=4)
[gen] step 100/416  (K_refine=4)
[gen] step 110/416  (K_refine=4)
[gen] step 120/416  (K_refine=4)
[gen] step 130/416  (K_refine=4)
[gen] step 140/416  (K_refine=4)
[gen] step 150/416  (K_refine=4)
[gen] step 160/416  (K_refine=4)
[gen] step 170/416  (K_refine=4)
[gen] step 180/416  (K_refine=4)
[gen] step 190/416  (K_refine=4)
[gen] step 200/416  (K_refine=4)
[gen] step 210/416  (K_refine=4)
[gen] step 220/416  (K_refine=4)
[gen] step 230/416  (K_refine=4)
[gen] step 240/416  (K_refine=4)
[gen] step 250/416  (K_refine=4)
[gen] step 260/416  (K_refine=4)
[gen] step 270/416  (K_refine=4)
[gen] step 280/416  (K_refine=4)
[gen] step 290/416  (K_refine=4)
[gen] step 300/416  (K_refine=4)
[gen] step 310/416  (K_refine=4)
[gen] step 320/416  (K_refine=4)
[gen] step 330/416  (K_refine=4)
[gen] step 340/416  (K_refine=4)
[gen] step 350/416  (K_refine=4)
[gen] step 360/416  (K_refine=4)
[gen] step 370/416  (K_refine=4)
[gen] step 380/416  (K_refine=4)
[gen] step 390/416  (K_refine=4)
[gen] step 400/416  (K_refine=4)
[gen] step 410/416  (K_refine=4)
    -> temp/E1_v5b/A3/886/co/sample_1_temp1.0.mid
[gen] A3_REFINE_STEPS=4 (env override)
[gen] A3_FINAL_TEMP=0.9 (env override)
[gen] A3_TOP_P=0.95 (nucleus sampling)
[gen] step 0/416  (K_refine=4)
[gen] step 10/416  (K_refine=4)
[gen] step 20/416  (K_refine=4)
[gen] step 30/416  (K_refine=4)
[gen] step 40/416  (K_refine=4)
[gen] step 50/416  (K_refine=4)
[gen] step 60/416  (K_refine=4)
[gen] step 70/416  (K_refine=4)
[gen] step 80/416  (K_refine=4)
[gen] step 90/416  (K_refine=4)
[gen] step 100/416  (K_refine=4)
[gen] step 110/416  (K_refine=4)
[gen] step 120/416  (K_refine=4)
[gen] step 130/416  (K_refine=4)
[gen] step 140/416  (K_refine=4)
[gen] step 150/416  (K_refine=4)
[gen] step 160/416  (K_refine=4)
[gen] step 170/416  (K_refine=4)
[gen] step 180/416  (K_refine=4)
[gen] step 190/416  (K_refine=4)
[gen] step 200/416  (K_refine=4)
[gen] step 210/416  (K_refine=4)
[gen] step 220/416  (K_refine=4)
[gen] step 230/416  (K_refine=4)
[gen] step 240/416  (K_refine=4)
[gen] step 250/416  (K_refine=4)
[gen] step 260/416  (K_refine=4)
[gen] step 270/416  (K_refine=4)
[gen] step 280/416  (K_refine=4)
[gen] step 290/416  (K_refine=4)
[gen] step 300/416  (K_refine=4)
[gen] step 310/416  (K_refine=4)
[gen] step 320/416  (K_refine=4)
[gen] step 330/416  (K_refine=4)
[gen] step 340/416  (K_refine=4)
[gen] step 350/416  (K_refine=4)
[gen] step 360/416  (K_refine=4)
[gen] step 370/416  (K_refine=4)
[gen] step 380/416  (K_refine=4)
[gen] step 390/416  (K_refine=4)
[gen] step 400/416  (K_refine=4)
[gen] step 410/416  (K_refine=4)
    -> temp/E1_v5b/A3/886/co/sample_2_temp1.0.mid

[94/95] 896
  mode=co
[gen] A3_REFINE_STEPS=4 (env override)
[gen] A3_FINAL_TEMP=0.9 (env override)
[gen] A3_TOP_P=0.95 (nucleus sampling)
[gen] step 0/416  (K_refine=4)
[gen] step 10/416  (K_refine=4)
[gen] step 20/416  (K_refine=4)
[gen] step 30/416  (K_refine=4)
[gen] step 40/416  (K_refine=4)
[gen] step 50/416  (K_refine=4)
[gen] step 60/416  (K_refine=4)
[gen] step 70/416  (K_refine=4)
[gen] step 80/416  (K_refine=4)
[gen] step 90/416  (K_refine=4)
[gen] step 100/416  (K_refine=4)
[gen] step 110/416  (K_refine=4)
[gen] step 120/416  (K_refine=4)
[gen] step 130/416  (K_refine=4)
[gen] step 140/416  (K_refine=4)
[gen] step 150/416  (K_refine=4)
[gen] step 160/416  (K_refine=4)
[gen] step 170/416  (K_refine=4)
[gen] step 180/416  (K_refine=4)
[gen] step 190/416  (K_refine=4)
[gen] step 200/416  (K_refine=4)
[gen] step 210/416  (K_refine=4)
[gen] step 220/416  (K_refine=4)
[gen] step 230/416  (K_refine=4)
[gen] step 240/416  (K_refine=4)
[gen] step 250/416  (K_refine=4)
[gen] step 260/416  (K_refine=4)
[gen] step 270/416  (K_refine=4)
[gen] step 280/416  (K_refine=4)
[gen] step 290/416  (K_refine=4)
[gen] step 300/416  (K_refine=4)
[gen] step 310/416  (K_refine=4)
[gen] step 320/416  (K_refine=4)
[gen] step 330/416  (K_refine=4)
[gen] step 340/416  (K_refine=4)
[gen] step 350/416  (K_refine=4)
[gen] step 360/416  (K_refine=4)
[gen] step 370/416  (K_refine=4)
[gen] step 380/416  (K_refine=4)
[gen] step 390/416  (K_refine=4)
[gen] step 400/416  (K_refine=4)
[gen] step 410/416  (K_refine=4)
    -> temp/E1_v5b/A3/896/co/sample_0_temp1.0.mid
[gen] A3_REFINE_STEPS=4 (env override)
[gen] A3_FINAL_TEMP=0.9 (env override)
[gen] A3_TOP_P=0.95 (nucleus sampling)
[gen] step 0/416  (K_refine=4)
[gen] step 10/416  (K_refine=4)
[gen] step 20/416  (K_refine=4)
[gen] step 30/416  (K_refine=4)
[gen] step 40/416  (K_refine=4)
[gen] step 50/416  (K_refine=4)
[gen] step 60/416  (K_refine=4)
[gen] step 70/416  (K_refine=4)
[gen] step 80/416  (K_refine=4)
[gen] step 90/416  (K_refine=4)
[gen] step 100/416  (K_refine=4)
[gen] step 110/416  (K_refine=4)
[gen] step 120/416  (K_refine=4)
[gen] step 130/416  (K_refine=4)
[gen] step 140/416  (K_refine=4)
[gen] step 150/416  (K_refine=4)
[gen] step 160/416  (K_refine=4)
[gen] step 170/416  (K_refine=4)
[gen] step 180/416  (K_refine=4)
[gen] step 190/416  (K_refine=4)
[gen] step 200/416  (K_refine=4)
[gen] step 210/416  (K_refine=4)
[gen] step 220/416  (K_refine=4)
[gen] step 230/416  (K_refine=4)
[gen] step 240/416  (K_refine=4)
[gen] step 250/416  (K_refine=4)
[gen] step 260/416  (K_refine=4)
[gen] step 270/416  (K_refine=4)
[gen] step 280/416  (K_refine=4)
[gen] step 290/416  (K_refine=4)
[gen] step 300/416  (K_refine=4)
[gen] step 310/416  (K_refine=4)
[gen] step 320/416  (K_refine=4)
[gen] step 330/416  (K_refine=4)
[gen] step 340/416  (K_refine=4)
[gen] step 350/416  (K_refine=4)
[gen] step 360/416  (K_refine=4)
[gen] step 370/416  (K_refine=4)
[gen] step 380/416  (K_refine=4)
[gen] step 390/416  (K_refine=4)
[gen] step 400/416  (K_refine=4)
[gen] step 410/416  (K_refine=4)
    -> temp/E1_v5b/A3/896/co/sample_1_temp1.0.mid
[gen] A3_REFINE_STEPS=4 (env override)
[gen] A3_FINAL_TEMP=0.9 (env override)
[gen] A3_TOP_P=0.95 (nucleus sampling)
[gen] step 0/416  (K_refine=4)
[gen] step 10/416  (K_refine=4)
[gen] step 20/416  (K_refine=4)
[gen] step 30/416  (K_refine=4)
[gen] step 40/416  (K_refine=4)
[gen] step 50/416  (K_refine=4)
[gen] step 60/416  (K_refine=4)
[gen] step 70/416  (K_refine=4)
[gen] step 80/416  (K_refine=4)
[gen] step 90/416  (K_refine=4)
[gen] step 100/416  (K_refine=4)
[gen] step 110/416  (K_refine=4)
[gen] step 120/416  (K_refine=4)
[gen] step 130/416  (K_refine=4)
[gen] step 140/416  (K_refine=4)
[gen] step 150/416  (K_refine=4)
[gen] step 160/416  (K_refine=4)
[gen] step 170/416  (K_refine=4)
[gen] step 180/416  (K_refine=4)
[gen] step 190/416  (K_refine=4)
[gen] step 200/416  (K_refine=4)
[gen] step 210/416  (K_refine=4)
[gen] step 220/416  (K_refine=4)
[gen] step 230/416  (K_refine=4)
[gen] step 240/416  (K_refine=4)
[gen] step 250/416  (K_refine=4)
[gen] step 260/416  (K_refine=4)
[gen] step 270/416  (K_refine=4)
[gen] step 280/416  (K_refine=4)
[gen] step 290/416  (K_refine=4)
[gen] step 300/416  (K_refine=4)
[gen] step 310/416  (K_refine=4)
[gen] step 320/416  (K_refine=4)
[gen] step 330/416  (K_refine=4)
[gen] step 340/416  (K_refine=4)
[gen] step 350/416  (K_refine=4)
[gen] step 360/416  (K_refine=4)
[gen] step 370/416  (K_refine=4)
[gen] step 380/416  (K_refine=4)
[gen] step 390/416  (K_refine=4)
[gen] step 400/416  (K_refine=4)
[gen] step 410/416  (K_refine=4)
    -> temp/E1_v5b/A3/896/co/sample_2_temp1.0.mid

[95/95] 906
  mode=co
[gen] A3_REFINE_STEPS=4 (env override)
[gen] A3_FINAL_TEMP=0.9 (env override)
[gen] A3_TOP_P=0.95 (nucleus sampling)
[gen] step 0/416  (K_refine=4)
[gen] step 10/416  (K_refine=4)
[gen] step 20/416  (K_refine=4)
[gen] step 30/416  (K_refine=4)
[gen] step 40/416  (K_refine=4)
[gen] step 50/416  (K_refine=4)
[gen] step 60/416  (K_refine=4)
[gen] step 70/416  (K_refine=4)
[gen] step 80/416  (K_refine=4)
[gen] step 90/416  (K_refine=4)
[gen] step 100/416  (K_refine=4)
[gen] step 110/416  (K_refine=4)
[gen] step 120/416  (K_refine=4)
[gen] step 130/416  (K_refine=4)
[gen] step 140/416  (K_refine=4)
[gen] step 150/416  (K_refine=4)
[gen] step 160/416  (K_refine=4)
[gen] step 170/416  (K_refine=4)
[gen] step 180/416  (K_refine=4)
[gen] step 190/416  (K_refine=4)
[gen] step 200/416  (K_refine=4)
[gen] step 210/416  (K_refine=4)
[gen] step 220/416  (K_refine=4)
[gen] step 230/416  (K_refine=4)
[gen] step 240/416  (K_refine=4)
[gen] step 250/416  (K_refine=4)
[gen] step 260/416  (K_refine=4)
[gen] step 270/416  (K_refine=4)
[gen] step 280/416  (K_refine=4)
[gen] step 290/416  (K_refine=4)
[gen] step 300/416  (K_refine=4)
[gen] step 310/416  (K_refine=4)
[gen] step 320/416  (K_refine=4)
[gen] step 330/416  (K_refine=4)
[gen] step 340/416  (K_refine=4)
[gen] step 350/416  (K_refine=4)
[gen] step 360/416  (K_refine=4)
[gen] step 370/416  (K_refine=4)
[gen] step 380/416  (K_refine=4)
[gen] step 390/416  (K_refine=4)
[gen] step 400/416  (K_refine=4)
[gen] step 410/416  (K_refine=4)
    -> temp/E1_v5b/A3/906/co/sample_0_temp1.0.mid
[gen] A3_REFINE_STEPS=4 (env override)
[gen] A3_FINAL_TEMP=0.9 (env override)
[gen] A3_TOP_P=0.95 (nucleus sampling)
[gen] step 0/416  (K_refine=4)
[gen] step 10/416  (K_refine=4)
[gen] step 20/416  (K_refine=4)
[gen] step 30/416  (K_refine=4)
[gen] step 40/416  (K_refine=4)
[gen] step 50/416  (K_refine=4)
[gen] step 60/416  (K_refine=4)
[gen] step 70/416  (K_refine=4)
[gen] step 80/416  (K_refine=4)
[gen] step 90/416  (K_refine=4)
[gen] step 100/416  (K_refine=4)
[gen] step 110/416  (K_refine=4)
[gen] step 120/416  (K_refine=4)
[gen] step 130/416  (K_refine=4)
[gen] step 140/416  (K_refine=4)
[gen] step 150/416  (K_refine=4)
[gen] step 160/416  (K_refine=4)
[gen] step 170/416  (K_refine=4)
[gen] step 180/416  (K_refine=4)
[gen] step 190/416  (K_refine=4)
[gen] step 200/416  (K_refine=4)
[gen] step 210/416  (K_refine=4)
[gen] step 220/416  (K_refine=4)
[gen] step 230/416  (K_refine=4)
[gen] step 240/416  (K_refine=4)
[gen] step 250/416  (K_refine=4)
[gen] step 260/416  (K_refine=4)
[gen] step 270/416  (K_refine=4)
[gen] step 280/416  (K_refine=4)
[gen] step 290/416  (K_refine=4)
[gen] step 300/416  (K_refine=4)
[gen] step 310/416  (K_refine=4)
[gen] step 320/416  (K_refine=4)
[gen] step 330/416  (K_refine=4)
[gen] step 340/416  (K_refine=4)
[gen] step 350/416  (K_refine=4)
[gen] step 360/416  (K_refine=4)
[gen] step 370/416  (K_refine=4)
[gen] step 380/416  (K_refine=4)
[gen] step 390/416  (K_refine=4)
[gen] step 400/416  (K_refine=4)
[gen] step 410/416  (K_refine=4)
    -> temp/E1_v5b/A3/906/co/sample_1_temp1.0.mid
[gen] A3_REFINE_STEPS=4 (env override)
[gen] A3_FINAL_TEMP=0.9 (env override)
[gen] A3_TOP_P=0.95 (nucleus sampling)
[gen] step 0/416  (K_refine=4)
[gen] step 10/416  (K_refine=4)
[gen] step 20/416  (K_refine=4)
[gen] step 30/416  (K_refine=4)
[gen] step 40/416  (K_refine=4)
[gen] step 50/416  (K_refine=4)
[gen] step 60/416  (K_refine=4)
[gen] step 70/416  (K_refine=4)
[gen] step 80/416  (K_refine=4)
[gen] step 90/416  (K_refine=4)
[gen] step 100/416  (K_refine=4)
[gen] step 110/416  (K_refine=4)
[gen] step 120/416  (K_refine=4)
[gen] step 130/416  (K_refine=4)
[gen] step 140/416  (K_refine=4)
[gen] step 150/416  (K_refine=4)
[gen] step 160/416  (K_refine=4)
[gen] step 170/416  (K_refine=4)
[gen] step 180/416  (K_refine=4)
[gen] step 190/416  (K_refine=4)
[gen] step 200/416  (K_refine=4)
[gen] step 210/416  (K_refine=4)
[gen] step 220/416  (K_refine=4)
[gen] step 230/416  (K_refine=4)
[gen] step 240/416  (K_refine=4)
[gen] step 250/416  (K_refine=4)
[gen] step 260/416  (K_refine=4)
[gen] step 270/416  (K_refine=4)
[gen] step 280/416  (K_refine=4)
[gen] step 290/416  (K_refine=4)
[gen] step 300/416  (K_refine=4)
[gen] step 310/416  (K_refine=4)
[gen] step 320/416  (K_refine=4)
[gen] step 330/416  (K_refine=4)
[gen] step 340/416  (K_refine=4)
[gen] step 350/416  (K_refine=4)
[gen] step 360/416  (K_refine=4)
[gen] step 370/416  (K_refine=4)
[gen] step 380/416  (K_refine=4)
[gen] step 390/416  (K_refine=4)
[gen] step 400/416  (K_refine=4)
[gen] step 410/416  (K_refine=4)
    -> temp/E1_v5b/A3/906/co/sample_2_temp1.0.mid
