[ckpt] auto-selected cp_transformer_yinyang_v5.1_lora_batch_8_pop909_cp8_v2_chord_mel_mask0.25-10-step1.epoch=00.val_loss=0.35882.ckpt (val_loss=0.35882) from 1 val_loss-tagged ckpt(s) in ckpt/cp_transformer_yinyang_v5.1_lora_batch_8_pop909_cp8_v2_chord_mel_mask0.25-10-step1
[ckpt_y] run dir -> ckpt/cp_transformer_yinyang_v5.1_lora_batch_8_pop909_cp8_v2_chord_mel_mask0.25-10-step1/cp_transformer_yinyang_v5.1_lora_batch_8_pop909_cp8_v2_chord_mel_mask0.25-10-step1.epoch=00.val_loss=0.35882.ckpt
================================================================
Job 232496  node=gpu-03
PIPELINE CO-GENERATION BASELINE  P-cm
stage A: ckpt/cp_transformer_v0.42_size1_pop909ft_chord_cp4_batch_24_schedule continues chord from temp/E1_v5b/prompts/chord
stage B: YinYang ckpt/cp_transformer_yinyang_v5.1_lora_batch_8_pop909_cp8_v2_chord_mel_mask0.25-10-step1/cp_transformer_yinyang_v5.1_lora_batch_8_pop909_cp8_v2_chord_mel_mask0.25-10-step1.epoch=00.val_loss=0.35882.ckpt (POP909-trained, DOMAIN MATCHED), direction=chord2mel
partner prompts from temp/E1_v5b/prompts/mel
PROMPT_LENGTH=80 GEN_LENGTH=416 N_SAMPLES=3
OUT_ROOT=temp/E1_v5b/P-cm
================================================================
[gpu] NVIDIA A100-SXM4-40GB
--- stage A: specialist continues the chord stream ---
/home/xinyue.li/Mitosis/midi_yinyang/transformers_roformer_moe/src/transformers/models/roformer/grouped_gemm_util.py:3: UserWarning: pkg_resources is deprecated as an API. See https://setuptools.pypa.io/en/latest/pkg_resources.html. The pkg_resources package is slated for removal as early as 2025-11-30. Refrain from using this package or pin to Setuptools<81.
  from pkg_resources import packaging
/home/xinyue.li/Mitosis/midi_yinyang/cp_transformer_inference.py:75: UserWarning: To copy construct from a tensor, it is recommended to use sourceTensor.clone().detach() or sourceTensor.clone().detach().requires_grad_(True), rather than torch.tensor(sourceTensor).
  x = torch.tensor(byte_arr).unsqueeze(0)
[ckpt] auto-selected cp_transformer_v0.42_size1_pop909ft_chord_cp4_batch_24_schedule.epoch=00.val_loss=0.15827.ckpt (val_loss=0.15827) from 1 val_loss-tagged ckpt(s) in ckpt/cp_transformer_v0.42_size1_pop909ft_chord_cp4_batch_24_schedule
[main] ckpt = ckpt/cp_transformer_v0.42_size1_pop909ft_chord_cp4_batch_24_schedule/cp_transformer_v0.42_size1_pop909ft_chord_cp4_batch_24_schedule.epoch=00.val_loss=0.15827.ckpt
95 prompt MIDIs in temp/E1_v5b/prompts/chord
=== [1/95] temp/E1_v5b/prompts/chord/001.mid
torch.Size([1, 1120, 8])
Sampling 80 / 416
Sampling 90 / 416
Sampling 100 / 416
Sampling 110 / 416
Sampling 120 / 416
Sampling 130 / 416
Sampling 140 / 416
Sampling 150 / 416
Sampling 160 / 416
Sampling 170 / 416
Sampling 180 / 416
Sampling 190 / 416
Sampling 200 / 416
Sampling 210 / 416
Sampling 220 / 416
Sampling 230 / 416
Sampling 240 / 416
Sampling 250 / 416
Sampling 260 / 416
Sampling 270 / 416
Sampling 280 / 416
Sampling 290 / 416
Sampling 300 / 416
Sampling 310 / 416
Sampling 320 / 416
Sampling 330 / 416
Sampling 340 / 416
Sampling 350 / 416
Sampling 360 / 416
Sampling 370 / 416
Sampling 380 / 416
Sampling 390 / 416
Sampling 400 / 416
Sampling 410 / 416
=== [2/95] temp/E1_v5b/prompts/chord/002.mid
torch.Size([1, 920, 8])
Sampling 80 / 416
Sampling 90 / 416
Sampling 100 / 416
Sampling 110 / 416
Sampling 120 / 416
Sampling 130 / 416
Sampling 140 / 416
Sampling 150 / 416
Sampling 160 / 416
Sampling 170 / 416
Sampling 180 / 416
Sampling 190 / 416
Sampling 200 / 416
Sampling 210 / 416
Sampling 220 / 416
Sampling 230 / 416
Sampling 240 / 416
Sampling 250 / 416
Sampling 260 / 416
Sampling 270 / 416
Sampling 280 / 416
Sampling 290 / 416
Sampling 300 / 416
Sampling 310 / 416
Sampling 320 / 416
Sampling 330 / 416
Sampling 340 / 416
Sampling 350 / 416
Sampling 360 / 416
Sampling 370 / 416
Sampling 380 / 416
Sampling 390 / 416
Sampling 400 / 416
Sampling 410 / 416
=== [3/95] temp/E1_v5b/prompts/chord/003.mid
torch.Size([1, 1132, 8])
Sampling 80 / 416
Sampling 90 / 416
Sampling 100 / 416
Sampling 110 / 416
Sampling 120 / 416
Sampling 130 / 416
Sampling 140 / 416
Sampling 150 / 416
Sampling 160 / 416
Sampling 170 / 416
Sampling 180 / 416
Sampling 190 / 416
Sampling 200 / 416
Sampling 210 / 416
Sampling 220 / 416
Sampling 230 / 416
Sampling 240 / 416
Sampling 250 / 416
Sampling 260 / 416
Sampling 270 / 416
Sampling 280 / 416
Sampling 290 / 416
Sampling 300 / 416
Sampling 310 / 416
Sampling 320 / 416
Sampling 330 / 416
Sampling 340 / 416
Sampling 350 / 416
Sampling 360 / 416
Sampling 370 / 416
Sampling 380 / 416
Sampling 390 / 416
Sampling 400 / 416
Sampling 410 / 416
=== [4/95] temp/E1_v5b/prompts/chord/004.mid
torch.Size([1, 928, 8])
Sampling 80 / 416
Sampling 90 / 416
Sampling 100 / 416
Sampling 110 / 416
Sampling 120 / 416
Sampling 130 / 416
Sampling 140 / 416
Sampling 150 / 416
Sampling 160 / 416
Sampling 170 / 416
Sampling 180 / 416
Sampling 190 / 416
Sampling 200 / 416
Sampling 210 / 416
Sampling 220 / 416
Sampling 230 / 416
Sampling 240 / 416
Sampling 250 / 416
Sampling 260 / 416
Sampling 270 / 416
Sampling 280 / 416
Sampling 290 / 416
Sampling 300 / 416
Sampling 310 / 416
Sampling 320 / 416
Sampling 330 / 416
Sampling 340 / 416
Sampling 350 / 416
Sampling 360 / 416
Sampling 370 / 416
Sampling 380 / 416
Sampling 390 / 416
Sampling 400 / 416
Sampling 410 / 416
=== [5/95] temp/E1_v5b/prompts/chord/005.mid
torch.Size([1, 1168, 8])
Sampling 80 / 416
Sampling 90 / 416
Sampling 100 / 416
Sampling 110 / 416
Sampling 120 / 416
Sampling 130 / 416
Sampling 140 / 416
Sampling 150 / 416
Sampling 160 / 416
Sampling 170 / 416
Sampling 180 / 416
Sampling 190 / 416
Sampling 200 / 416
Sampling 210 / 416
Sampling 220 / 416
Sampling 230 / 416
Sampling 240 / 416
Sampling 250 / 416
Sampling 260 / 416
Sampling 270 / 416
Sampling 280 / 416
Sampling 290 / 416
Sampling 300 / 416
Sampling 310 / 416
Sampling 320 / 416
Sampling 330 / 416
Sampling 340 / 416
Sampling 350 / 416
Sampling 360 / 416
Sampling 370 / 416
Sampling 380 / 416
Sampling 390 / 416
Sampling 400 / 416
Sampling 410 / 416
=== [6/95] temp/E1_v5b/prompts/chord/006.mid
torch.Size([1, 1760, 8])
Sampling 80 / 416
Sampling 90 / 416
Sampling 100 / 416
Sampling 110 / 416
Sampling 120 / 416
Sampling 130 / 416
Sampling 140 / 416
Sampling 150 / 416
Sampling 160 / 416
Sampling 170 / 416
Sampling 180 / 416
Sampling 190 / 416
Sampling 200 / 416
Sampling 210 / 416
Sampling 220 / 416
Sampling 230 / 416
Sampling 240 / 416
Sampling 250 / 416
Sampling 260 / 416
Sampling 270 / 416
Sampling 280 / 416
Sampling 290 / 416
Sampling 300 / 416
Sampling 310 / 416
Sampling 320 / 416
Sampling 330 / 416
Sampling 340 / 416
Sampling 350 / 416
Sampling 360 / 416
Sampling 370 / 416
Sampling 380 / 416
Sampling 390 / 416
Sampling 400 / 416
Sampling 410 / 416
=== [7/95] temp/E1_v5b/prompts/chord/016.mid
torch.Size([1, 1104, 8])
Sampling 80 / 416
Sampling 90 / 416
Sampling 100 / 416
Sampling 110 / 416
Sampling 120 / 416
Sampling 130 / 416
Sampling 140 / 416
Sampling 150 / 416
Sampling 160 / 416
Sampling 170 / 416
Sampling 180 / 416
Sampling 190 / 416
Sampling 200 / 416
Sampling 210 / 416
Sampling 220 / 416
Sampling 230 / 416
Sampling 240 / 416
Sampling 250 / 416
Sampling 260 / 416
Sampling 270 / 416
Sampling 280 / 416
Sampling 290 / 416
Sampling 300 / 416
Sampling 310 / 416
Sampling 320 / 416
Sampling 330 / 416
Sampling 340 / 416
Sampling 350 / 416
Sampling 360 / 416
Sampling 370 / 416
Sampling 380 / 416
Sampling 390 / 416
Sampling 400 / 416
Sampling 410 / 416
=== [8/95] temp/E1_v5b/prompts/chord/026.mid
torch.Size([1, 988, 8])
Sampling 80 / 416
Sampling 90 / 416
Sampling 100 / 416
Sampling 110 / 416
Sampling 120 / 416
Sampling 130 / 416
Sampling 140 / 416
Sampling 150 / 416
Sampling 160 / 416
Sampling 170 / 416
Sampling 180 / 416
Sampling 190 / 416
Sampling 200 / 416
Sampling 210 / 416
Sampling 220 / 416
Sampling 230 / 416
Sampling 240 / 416
Sampling 250 / 416
Sampling 260 / 416
Sampling 270 / 416
Sampling 280 / 416
Sampling 290 / 416
Sampling 300 / 416
Sampling 310 / 416
Sampling 320 / 416
Sampling 330 / 416
Sampling 340 / 416
Sampling 350 / 416
Sampling 360 / 416
Sampling 370 / 416
Sampling 380 / 416
Sampling 390 / 416
Sampling 400 / 416
Sampling 410 / 416
=== [9/95] temp/E1_v5b/prompts/chord/036.mid
torch.Size([1, 1512, 8])
Sampling 80 / 416
Sampling 90 / 416
Sampling 100 / 416
Sampling 110 / 416
Sampling 120 / 416
Sampling 130 / 416
Sampling 140 / 416
Sampling 150 / 416
Sampling 160 / 416
Sampling 170 / 416
Sampling 180 / 416
Sampling 190 / 416
Sampling 200 / 416
Sampling 210 / 416
Sampling 220 / 416
Sampling 230 / 416
Sampling 240 / 416
Sampling 250 / 416
Sampling 260 / 416
Sampling 270 / 416
Sampling 280 / 416
Sampling 290 / 416
Sampling 300 / 416
Sampling 310 / 416
Sampling 320 / 416
Sampling 330 / 416
Sampling 340 / 416
Sampling 350 / 416
Sampling 360 / 416
Sampling 370 / 416
Sampling 380 / 416
Sampling 390 / 416
Sampling 400 / 416
Sampling 410 / 416
=== [10/95] temp/E1_v5b/prompts/chord/046.mid
torch.Size([1, 1732, 8])
Sampling 80 / 416
Sampling 90 / 416
Sampling 100 / 416
Sampling 110 / 416
Sampling 120 / 416
Sampling 130 / 416
Sampling 140 / 416
Sampling 150 / 416
Sampling 160 / 416
Sampling 170 / 416
Sampling 180 / 416
Sampling 190 / 416
Sampling 200 / 416
Sampling 210 / 416
Sampling 220 / 416
Sampling 230 / 416
Sampling 240 / 416
Sampling 250 / 416
Sampling 260 / 416
Sampling 270 / 416
Sampling 280 / 416
Sampling 290 / 416
Sampling 300 / 416
Sampling 310 / 416
Sampling 320 / 416
Sampling 330 / 416
Sampling 340 / 416
Sampling 350 / 416
Sampling 360 / 416
Sampling 370 / 416
Sampling 380 / 416
Sampling 390 / 416
Sampling 400 / 416
Sampling 410 / 416
=== [11/95] temp/E1_v5b/prompts/chord/056.mid
torch.Size([1, 1516, 8])
Sampling 80 / 416
Sampling 90 / 416
Sampling 100 / 416
Sampling 110 / 416
Sampling 120 / 416
Sampling 130 / 416
Sampling 140 / 416
Sampling 150 / 416
Sampling 160 / 416
Sampling 170 / 416
Sampling 180 / 416
Sampling 190 / 416
Sampling 200 / 416
Sampling 210 / 416
Sampling 220 / 416
Sampling 230 / 416
Sampling 240 / 416
Sampling 250 / 416
Sampling 260 / 416
Sampling 270 / 416
Sampling 280 / 416
Sampling 290 / 416
Sampling 300 / 416
Sampling 310 / 416
Sampling 320 / 416
Sampling 330 / 416
Sampling 340 / 416
Sampling 350 / 416
Sampling 360 / 416
Sampling 370 / 416
Sampling 380 / 416
Sampling 390 / 416
Sampling 400 / 416
Sampling 410 / 416
=== [12/95] temp/E1_v5b/prompts/chord/066.mid
torch.Size([1, 1620, 8])
Sampling 80 / 416
Sampling 90 / 416
Sampling 100 / 416
Sampling 110 / 416
Sampling 120 / 416
Sampling 130 / 416
Sampling 140 / 416
Sampling 150 / 416
Sampling 160 / 416
Sampling 170 / 416
Sampling 180 / 416
Sampling 190 / 416
Sampling 200 / 416
Sampling 210 / 416
Sampling 220 / 416
Sampling 230 / 416
Sampling 240 / 416
Sampling 250 / 416
Sampling 260 / 416
Sampling 270 / 416
Sampling 280 / 416
Sampling 290 / 416
Sampling 300 / 416
Sampling 310 / 416
Sampling 320 / 416
Sampling 330 / 416
Sampling 340 / 416
Sampling 350 / 416
Sampling 360 / 416
Sampling 370 / 416
Sampling 380 / 416
Sampling 390 / 416
Sampling 400 / 416
Sampling 410 / 416
=== [13/95] temp/E1_v5b/prompts/chord/076.mid
torch.Size([1, 1544, 8])
Sampling 80 / 416
Sampling 90 / 416
Sampling 100 / 416
Sampling 110 / 416
Sampling 120 / 416
Sampling 130 / 416
Sampling 140 / 416
Sampling 150 / 416
Sampling 160 / 416
Sampling 170 / 416
Sampling 180 / 416
Sampling 190 / 416
Sampling 200 / 416
Sampling 210 / 416
Sampling 220 / 416
Sampling 230 / 416
Sampling 240 / 416
Sampling 250 / 416
Sampling 260 / 416
Sampling 270 / 416
Sampling 280 / 416
Sampling 290 / 416
Sampling 300 / 416
Sampling 310 / 416
Sampling 320 / 416
Sampling 330 / 416
Sampling 340 / 416
Sampling 350 / 416
Sampling 360 / 416
Sampling 370 / 416
Sampling 380 / 416
Sampling 390 / 416
Sampling 400 / 416
Sampling 410 / 416
=== [14/95] temp/E1_v5b/prompts/chord/086.mid
torch.Size([1, 1016, 8])
Sampling 80 / 416
Sampling 90 / 416
Sampling 100 / 416
Sampling 110 / 416
Sampling 120 / 416
Sampling 130 / 416
Sampling 140 / 416
Sampling 150 / 416
Sampling 160 / 416
Sampling 170 / 416
Sampling 180 / 416
Sampling 190 / 416
Sampling 200 / 416
Sampling 210 / 416
Sampling 220 / 416
Sampling 230 / 416
Sampling 240 / 416
Sampling 250 / 416
Sampling 260 / 416
Sampling 270 / 416
Sampling 280 / 416
Sampling 290 / 416
Sampling 300 / 416
Sampling 310 / 416
Sampling 320 / 416
Sampling 330 / 416
Sampling 340 / 416
Sampling 350 / 416
Sampling 360 / 416
Sampling 370 / 416
Sampling 380 / 416
Sampling 390 / 416
Sampling 400 / 416
Sampling 410 / 416
=== [15/95] temp/E1_v5b/prompts/chord/096.mid
torch.Size([1, 1444, 8])
Sampling 80 / 416
Sampling 90 / 416
Sampling 100 / 416
Sampling 110 / 416
Sampling 120 / 416
Sampling 130 / 416
Sampling 140 / 416
Sampling 150 / 416
Sampling 160 / 416
Sampling 170 / 416
Sampling 180 / 416
Sampling 190 / 416
Sampling 200 / 416
Sampling 210 / 416
Sampling 220 / 416
Sampling 230 / 416
Sampling 240 / 416
Sampling 250 / 416
Sampling 260 / 416
Sampling 270 / 416
Sampling 280 / 416
Sampling 290 / 416
Sampling 300 / 416
Sampling 310 / 416
Sampling 320 / 416
Sampling 330 / 416
Sampling 340 / 416
Sampling 350 / 416
Sampling 360 / 416
Sampling 370 / 416
Sampling 380 / 416
Sampling 390 / 416
Sampling 400 / 416
Sampling 410 / 416
=== [16/95] temp/E1_v5b/prompts/chord/106.mid
torch.Size([1, 1344, 8])
Sampling 80 / 416
Sampling 90 / 416
Sampling 100 / 416
Sampling 110 / 416
Sampling 120 / 416
Sampling 130 / 416
Sampling 140 / 416
Sampling 150 / 416
Sampling 160 / 416
Sampling 170 / 416
Sampling 180 / 416
Sampling 190 / 416
Sampling 200 / 416
Sampling 210 / 416
Sampling 220 / 416
Sampling 230 / 416
Sampling 240 / 416
Sampling 250 / 416
Sampling 260 / 416
Sampling 270 / 416
Sampling 280 / 416
Sampling 290 / 416
Sampling 300 / 416
Sampling 310 / 416
Sampling 320 / 416
Sampling 330 / 416
Sampling 340 / 416
Sampling 350 / 416
Sampling 360 / 416
Sampling 370 / 416
Sampling 380 / 416
Sampling 390 / 416
Sampling 400 / 416
Sampling 410 / 416
=== [17/95] temp/E1_v5b/prompts/chord/116.mid
torch.Size([1, 800, 8])
Sampling 80 / 416
Sampling 90 / 416
Sampling 100 / 416
Sampling 110 / 416
Sampling 120 / 416
Sampling 130 / 416
Sampling 140 / 416
Sampling 150 / 416
Sampling 160 / 416
Sampling 170 / 416
Sampling 180 / 416
Sampling 190 / 416
Sampling 200 / 416
Sampling 210 / 416
Sampling 220 / 416
Sampling 230 / 416
Sampling 240 / 416
Sampling 250 / 416
Sampling 260 / 416
Sampling 270 / 416
Sampling 280 / 416
Sampling 290 / 416
Sampling 300 / 416
Sampling 310 / 416
Sampling 320 / 416
Sampling 330 / 416
Sampling 340 / 416
Sampling 350 / 416
Sampling 360 / 416
Sampling 370 / 416
Sampling 380 / 416
Sampling 390 / 416
Sampling 400 / 416
Sampling 410 / 416
=== [18/95] temp/E1_v5b/prompts/chord/126.mid
torch.Size([1, 1344, 8])
Sampling 80 / 416
Sampling 90 / 416
Sampling 100 / 416
Sampling 110 / 416
Sampling 120 / 416
Sampling 130 / 416
Sampling 140 / 416
Sampling 150 / 416
Sampling 160 / 416
Sampling 170 / 416
Sampling 180 / 416
Sampling 190 / 416
Sampling 200 / 416
Sampling 210 / 416
Sampling 220 / 416
Sampling 230 / 416
Sampling 240 / 416
Sampling 250 / 416
Sampling 260 / 416
Sampling 270 / 416
Sampling 280 / 416
Sampling 290 / 416
Sampling 300 / 416
Sampling 310 / 416
Sampling 320 / 416
Sampling 330 / 416
Sampling 340 / 416
Sampling 350 / 416
Sampling 360 / 416
Sampling 370 / 416
Sampling 380 / 416
Sampling 390 / 416
Sampling 400 / 416
Sampling 410 / 416
=== [19/95] temp/E1_v5b/prompts/chord/136.mid
torch.Size([1, 1124, 8])
Sampling 80 / 416
Sampling 90 / 416
Sampling 100 / 416
Sampling 110 / 416
Sampling 120 / 416
Sampling 130 / 416
Sampling 140 / 416
Sampling 150 / 416
Sampling 160 / 416
Sampling 170 / 416
Sampling 180 / 416
Sampling 190 / 416
Sampling 200 / 416
Sampling 210 / 416
Sampling 220 / 416
Sampling 230 / 416
Sampling 240 / 416
Sampling 250 / 416
Sampling 260 / 416
Sampling 270 / 416
Sampling 280 / 416
Sampling 290 / 416
Sampling 300 / 416
Sampling 310 / 416
Sampling 320 / 416
Sampling 330 / 416
Sampling 340 / 416
Sampling 350 / 416
Sampling 360 / 416
Sampling 370 / 416
Sampling 380 / 416
Sampling 390 / 416
Sampling 400 / 416
Sampling 410 / 416
=== [20/95] temp/E1_v5b/prompts/chord/146.mid
torch.Size([1, 1440, 8])
Sampling 80 / 416
Sampling 90 / 416
Sampling 100 / 416
Sampling 110 / 416
Sampling 120 / 416
Sampling 130 / 416
Sampling 140 / 416
Sampling 150 / 416
Sampling 160 / 416
Sampling 170 / 416
Sampling 180 / 416
Sampling 190 / 416
Sampling 200 / 416
Sampling 210 / 416
Sampling 220 / 416
Sampling 230 / 416
Sampling 240 / 416
Sampling 250 / 416
Sampling 260 / 416
Sampling 270 / 416
Sampling 280 / 416
Sampling 290 / 416
Sampling 300 / 416
Sampling 310 / 416
Sampling 320 / 416
Sampling 330 / 416
Sampling 340 / 416
Sampling 350 / 416
Sampling 360 / 416
Sampling 370 / 416
Sampling 380 / 416
Sampling 390 / 416
Sampling 400 / 416
Sampling 410 / 416
=== [21/95] temp/E1_v5b/prompts/chord/156.mid
torch.Size([1, 1664, 8])
Sampling 80 / 416
Sampling 90 / 416
Sampling 100 / 416
Sampling 110 / 416
Sampling 120 / 416
Sampling 130 / 416
Sampling 140 / 416
Sampling 150 / 416
Sampling 160 / 416
Sampling 170 / 416
Sampling 180 / 416
Sampling 190 / 416
Sampling 200 / 416
Sampling 210 / 416
Sampling 220 / 416
Sampling 230 / 416
Sampling 240 / 416
Sampling 250 / 416
Sampling 260 / 416
Sampling 270 / 416
Sampling 280 / 416
Sampling 290 / 416
Sampling 300 / 416
Sampling 310 / 416
Sampling 320 / 416
Sampling 330 / 416
Sampling 340 / 416
Sampling 350 / 416
Sampling 360 / 416
Sampling 370 / 416
Sampling 380 / 416
Sampling 390 / 416
Sampling 400 / 416
Sampling 410 / 416
=== [22/95] temp/E1_v5b/prompts/chord/166.mid
torch.Size([1, 1208, 8])
Sampling 80 / 416
Sampling 90 / 416
Sampling 100 / 416
Sampling 110 / 416
Sampling 120 / 416
Sampling 130 / 416
Sampling 140 / 416
Sampling 150 / 416
Sampling 160 / 416
Sampling 170 / 416
Sampling 180 / 416
Sampling 190 / 416
Sampling 200 / 416
Sampling 210 / 416
Sampling 220 / 416
Sampling 230 / 416
Sampling 240 / 416
Sampling 250 / 416
Sampling 260 / 416
Sampling 270 / 416
Sampling 280 / 416
Sampling 290 / 416
Sampling 300 / 416
Sampling 310 / 416
Sampling 320 / 416
Sampling 330 / 416
Sampling 340 / 416
Sampling 350 / 416
Sampling 360 / 416
Sampling 370 / 416
Sampling 380 / 416
Sampling 390 / 416
Sampling 400 / 416
Sampling 410 / 416
=== [23/95] temp/E1_v5b/prompts/chord/176.mid
torch.Size([1, 992, 8])
Sampling 80 / 416
Sampling 90 / 416
Sampling 100 / 416
Sampling 110 / 416
Sampling 120 / 416
Sampling 130 / 416
Sampling 140 / 416
Sampling 150 / 416
Sampling 160 / 416
Sampling 170 / 416
Sampling 180 / 416
Sampling 190 / 416
Sampling 200 / 416
Sampling 210 / 416
Sampling 220 / 416
Sampling 230 / 416
Sampling 240 / 416
Sampling 250 / 416
Sampling 260 / 416
Sampling 270 / 416
Sampling 280 / 416
Sampling 290 / 416
Sampling 300 / 416
Sampling 310 / 416
Sampling 320 / 416
Sampling 330 / 416
Sampling 340 / 416
Sampling 350 / 416
Sampling 360 / 416
Sampling 370 / 416
Sampling 380 / 416
Sampling 390 / 416
Sampling 400 / 416
Sampling 410 / 416
=== [24/95] temp/E1_v5b/prompts/chord/186.mid
torch.Size([1, 992, 8])
Sampling 80 / 416
Sampling 90 / 416
Sampling 100 / 416
Sampling 110 / 416
Sampling 120 / 416
Sampling 130 / 416
Sampling 140 / 416
Sampling 150 / 416
Sampling 160 / 416
Sampling 170 / 416
Sampling 180 / 416
Sampling 190 / 416
Sampling 200 / 416
Sampling 210 / 416
Sampling 220 / 416
Sampling 230 / 416
Sampling 240 / 416
Sampling 250 / 416
Sampling 260 / 416
Sampling 270 / 416
Sampling 280 / 416
Sampling 290 / 416
Sampling 300 / 416
Sampling 310 / 416
Sampling 320 / 416
Sampling 330 / 416
Sampling 340 / 416
Sampling 350 / 416
Sampling 360 / 416
Sampling 370 / 416
Sampling 380 / 416
Sampling 390 / 416
Sampling 400 / 416
Sampling 410 / 416
=== [25/95] temp/E1_v5b/prompts/chord/196.mid
torch.Size([1, 3036, 8])
Sampling 80 / 416
Sampling 90 / 416
Sampling 100 / 416
Sampling 110 / 416
Sampling 120 / 416
Sampling 130 / 416
Sampling 140 / 416
Sampling 150 / 416
Sampling 160 / 416
Sampling 170 / 416
Sampling 180 / 416
Sampling 190 / 416
Sampling 200 / 416
Sampling 210 / 416
Sampling 220 / 416
Sampling 230 / 416
Sampling 240 / 416
Sampling 250 / 416
Sampling 260 / 416
Sampling 270 / 416
Sampling 280 / 416
Sampling 290 / 416
Sampling 300 / 416
Sampling 310 / 416
Sampling 320 / 416
Sampling 330 / 416
Sampling 340 / 416
Sampling 350 / 416
Sampling 360 / 416
Sampling 370 / 416
Sampling 380 / 416
Sampling 390 / 416
Sampling 400 / 416
Sampling 410 / 416
=== [26/95] temp/E1_v5b/prompts/chord/206.mid
torch.Size([1, 1420, 8])
Sampling 80 / 416
Sampling 90 / 416
Sampling 100 / 416
Sampling 110 / 416
Sampling 120 / 416
Sampling 130 / 416
Sampling 140 / 416
Sampling 150 / 416
Sampling 160 / 416
Sampling 170 / 416
Sampling 180 / 416
Sampling 190 / 416
Sampling 200 / 416
Sampling 210 / 416
Sampling 220 / 416
Sampling 230 / 416
Sampling 240 / 416
Sampling 250 / 416
Sampling 260 / 416
Sampling 270 / 416
Sampling 280 / 416
Sampling 290 / 416
Sampling 300 / 416
Sampling 310 / 416
Sampling 320 / 416
Sampling 330 / 416
Sampling 340 / 416
Sampling 350 / 416
Sampling 360 / 416
Sampling 370 / 416
Sampling 380 / 416
Sampling 390 / 416
Sampling 400 / 416
Sampling 410 / 416
=== [27/95] temp/E1_v5b/prompts/chord/216.mid
torch.Size([1, 1852, 8])
Sampling 80 / 416
Sampling 90 / 416
Sampling 100 / 416
Sampling 110 / 416
Sampling 120 / 416
Sampling 130 / 416
Sampling 140 / 416
Sampling 150 / 416
Sampling 160 / 416
Sampling 170 / 416
Sampling 180 / 416
Sampling 190 / 416
Sampling 200 / 416
Sampling 210 / 416
Sampling 220 / 416
Sampling 230 / 416
Sampling 240 / 416
Sampling 250 / 416
Sampling 260 / 416
Sampling 270 / 416
Sampling 280 / 416
Sampling 290 / 416
Sampling 300 / 416
Sampling 310 / 416
Sampling 320 / 416
Sampling 330 / 416
Sampling 340 / 416
Sampling 350 / 416
Sampling 360 / 416
Sampling 370 / 416
Sampling 380 / 416
Sampling 390 / 416
Sampling 400 / 416
Sampling 410 / 416
=== [28/95] temp/E1_v5b/prompts/chord/226.mid
torch.Size([1, 1112, 8])
Sampling 80 / 416
Sampling 90 / 416
Sampling 100 / 416
Sampling 110 / 416
Sampling 120 / 416
Sampling 130 / 416
Sampling 140 / 416
Sampling 150 / 416
Sampling 160 / 416
Sampling 170 / 416
Sampling 180 / 416
Sampling 190 / 416
Sampling 200 / 416
Sampling 210 / 416
Sampling 220 / 416
Sampling 230 / 416
Sampling 240 / 416
Sampling 250 / 416
Sampling 260 / 416
Sampling 270 / 416
Sampling 280 / 416
Sampling 290 / 416
Sampling 300 / 416
Sampling 310 / 416
Sampling 320 / 416
Sampling 330 / 416
Sampling 340 / 416
Sampling 350 / 416
Sampling 360 / 416
Sampling 370 / 416
Sampling 380 / 416
Sampling 390 / 416
Sampling 400 / 416
Sampling 410 / 416
=== [29/95] temp/E1_v5b/prompts/chord/236.mid
torch.Size([1, 2080, 8])
Sampling 80 / 416
Sampling 90 / 416
Sampling 100 / 416
Sampling 110 / 416
Sampling 120 / 416
Sampling 130 / 416
Sampling 140 / 416
Sampling 150 / 416
Sampling 160 / 416
Sampling 170 / 416
Sampling 180 / 416
Sampling 190 / 416
Sampling 200 / 416
Sampling 210 / 416
Sampling 220 / 416
Sampling 230 / 416
Sampling 240 / 416
Sampling 250 / 416
Sampling 260 / 416
Sampling 270 / 416
Sampling 280 / 416
Sampling 290 / 416
Sampling 300 / 416
Sampling 310 / 416
Sampling 320 / 416
Sampling 330 / 416
Sampling 340 / 416
Sampling 350 / 416
Sampling 360 / 416
Sampling 370 / 416
Sampling 380 / 416
Sampling 390 / 416
Sampling 400 / 416
Sampling 410 / 416
=== [30/95] temp/E1_v5b/prompts/chord/246.mid
torch.Size([1, 1420, 8])
Sampling 80 / 416
Sampling 90 / 416
Sampling 100 / 416
Sampling 110 / 416
Sampling 120 / 416
Sampling 130 / 416
Sampling 140 / 416
Sampling 150 / 416
Sampling 160 / 416
Sampling 170 / 416
Sampling 180 / 416
Sampling 190 / 416
Sampling 200 / 416
Sampling 210 / 416
Sampling 220 / 416
Sampling 230 / 416
Sampling 240 / 416
Sampling 250 / 416
Sampling 260 / 416
Sampling 270 / 416
Sampling 280 / 416
Sampling 290 / 416
Sampling 300 / 416
Sampling 310 / 416
Sampling 320 / 416
Sampling 330 / 416
Sampling 340 / 416
Sampling 350 / 416
Sampling 360 / 416
Sampling 370 / 416
Sampling 380 / 416
Sampling 390 / 416
Sampling 400 / 416
Sampling 410 / 416
=== [31/95] temp/E1_v5b/prompts/chord/256.mid
torch.Size([1, 864, 8])
Sampling 80 / 416
Sampling 90 / 416
Sampling 100 / 416
Sampling 110 / 416
Sampling 120 / 416
Sampling 130 / 416
Sampling 140 / 416
Sampling 150 / 416
Sampling 160 / 416
Sampling 170 / 416
Sampling 180 / 416
Sampling 190 / 416
Sampling 200 / 416
Sampling 210 / 416
Sampling 220 / 416
Sampling 230 / 416
Sampling 240 / 416
Sampling 250 / 416
Sampling 260 / 416
Sampling 270 / 416
Sampling 280 / 416
Sampling 290 / 416
Sampling 300 / 416
Sampling 310 / 416
Sampling 320 / 416
Sampling 330 / 416
Sampling 340 / 416
Sampling 350 / 416
Sampling 360 / 416
Sampling 370 / 416
Sampling 380 / 416
Sampling 390 / 416
Sampling 400 / 416
Sampling 410 / 416
=== [32/95] temp/E1_v5b/prompts/chord/266.mid
torch.Size([1, 1424, 8])
Sampling 80 / 416
Sampling 90 / 416
Sampling 100 / 416
Sampling 110 / 416
Sampling 120 / 416
Sampling 130 / 416
Sampling 140 / 416
Sampling 150 / 416
Sampling 160 / 416
Sampling 170 / 416
Sampling 180 / 416
Sampling 190 / 416
Sampling 200 / 416
Sampling 210 / 416
Sampling 220 / 416
Sampling 230 / 416
Sampling 240 / 416
Sampling 250 / 416
Sampling 260 / 416
Sampling 270 / 416
Sampling 280 / 416
Sampling 290 / 416
Sampling 300 / 416
Sampling 310 / 416
Sampling 320 / 416
Sampling 330 / 416
Sampling 340 / 416
Sampling 350 / 416
Sampling 360 / 416
Sampling 370 / 416
Sampling 380 / 416
Sampling 390 / 416
Sampling 400 / 416
Sampling 410 / 416
=== [33/95] temp/E1_v5b/prompts/chord/276.mid
torch.Size([1, 1048, 8])
Sampling 80 / 416
Sampling 90 / 416
Sampling 100 / 416
Sampling 110 / 416
Sampling 120 / 416
Sampling 130 / 416
Sampling 140 / 416
Sampling 150 / 416
Sampling 160 / 416
Sampling 170 / 416
Sampling 180 / 416
Sampling 190 / 416
Sampling 200 / 416
Sampling 210 / 416
Sampling 220 / 416
Sampling 230 / 416
Sampling 240 / 416
Sampling 250 / 416
Sampling 260 / 416
Sampling 270 / 416
Sampling 280 / 416
Sampling 290 / 416
Sampling 300 / 416
Sampling 310 / 416
Sampling 320 / 416
Sampling 330 / 416
Sampling 340 / 416
Sampling 350 / 416
Sampling 360 / 416
Sampling 370 / 416
Sampling 380 / 416
Sampling 390 / 416
Sampling 400 / 416
Sampling 410 / 416
=== [34/95] temp/E1_v5b/prompts/chord/286.mid
torch.Size([1, 932, 8])
Sampling 80 / 416
Sampling 90 / 416
Sampling 100 / 416
Sampling 110 / 416
Sampling 120 / 416
Sampling 130 / 416
Sampling 140 / 416
Sampling 150 / 416
Sampling 160 / 416
Sampling 170 / 416
Sampling 180 / 416
Sampling 190 / 416
Sampling 200 / 416
Sampling 210 / 416
Sampling 220 / 416
Sampling 230 / 416
Sampling 240 / 416
Sampling 250 / 416
Sampling 260 / 416
Sampling 270 / 416
Sampling 280 / 416
Sampling 290 / 416
Sampling 300 / 416
Sampling 310 / 416
Sampling 320 / 416
Sampling 330 / 416
Sampling 340 / 416
Sampling 350 / 416
Sampling 360 / 416
Sampling 370 / 416
Sampling 380 / 416
Sampling 390 / 416
Sampling 400 / 416
Sampling 410 / 416
=== [35/95] temp/E1_v5b/prompts/chord/296.mid
torch.Size([1, 808, 8])
Sampling 80 / 416
Sampling 90 / 416
Sampling 100 / 416
Sampling 110 / 416
Sampling 120 / 416
Sampling 130 / 416
Sampling 140 / 416
Sampling 150 / 416
Sampling 160 / 416
Sampling 170 / 416
Sampling 180 / 416
Sampling 190 / 416
Sampling 200 / 416
Sampling 210 / 416
Sampling 220 / 416
Sampling 230 / 416
Sampling 240 / 416
Sampling 250 / 416
Sampling 260 / 416
Sampling 270 / 416
Sampling 280 / 416
Sampling 290 / 416
Sampling 300 / 416
Sampling 310 / 416
Sampling 320 / 416
Sampling 330 / 416
Sampling 340 / 416
Sampling 350 / 416
Sampling 360 / 416
Sampling 370 / 416
Sampling 380 / 416
Sampling 390 / 416
Sampling 400 / 416
Sampling 410 / 416
=== [36/95] temp/E1_v5b/prompts/chord/306.mid
torch.Size([1, 1452, 8])
Sampling 80 / 416
Sampling 90 / 416
Sampling 100 / 416
Sampling 110 / 416
Sampling 120 / 416
Sampling 130 / 416
Sampling 140 / 416
Sampling 150 / 416
Sampling 160 / 416
Sampling 170 / 416
Sampling 180 / 416
Sampling 190 / 416
Sampling 200 / 416
Sampling 210 / 416
Sampling 220 / 416
Sampling 230 / 416
Sampling 240 / 416
Sampling 250 / 416
Sampling 260 / 416
Sampling 270 / 416
Sampling 280 / 416
Sampling 290 / 416
Sampling 300 / 416
Sampling 310 / 416
Sampling 320 / 416
Sampling 330 / 416
Sampling 340 / 416
Sampling 350 / 416
Sampling 360 / 416
Sampling 370 / 416
Sampling 380 / 416
Sampling 390 / 416
Sampling 400 / 416
Sampling 410 / 416
=== [37/95] temp/E1_v5b/prompts/chord/316.mid
torch.Size([1, 1088, 8])
Sampling 80 / 416
Sampling 90 / 416
Sampling 100 / 416
Sampling 110 / 416
Sampling 120 / 416
Sampling 130 / 416
Sampling 140 / 416
Sampling 150 / 416
Sampling 160 / 416
Sampling 170 / 416
Sampling 180 / 416
Sampling 190 / 416
Sampling 200 / 416
Sampling 210 / 416
Sampling 220 / 416
Sampling 230 / 416
Sampling 240 / 416
Sampling 250 / 416
Sampling 260 / 416
Sampling 270 / 416
Sampling 280 / 416
Sampling 290 / 416
Sampling 300 / 416
Sampling 310 / 416
Sampling 320 / 416
Sampling 330 / 416
Sampling 340 / 416
Sampling 350 / 416
Sampling 360 / 416
Sampling 370 / 416
Sampling 380 / 416
Sampling 390 / 416
Sampling 400 / 416
Sampling 410 / 416
=== [38/95] temp/E1_v5b/prompts/chord/336.mid
torch.Size([1, 1652, 8])
Sampling 80 / 416
Sampling 90 / 416
Sampling 100 / 416
Sampling 110 / 416
Sampling 120 / 416
Sampling 130 / 416
Sampling 140 / 416
Sampling 150 / 416
Sampling 160 / 416
Sampling 170 / 416
Sampling 180 / 416
Sampling 190 / 416
Sampling 200 / 416
Sampling 210 / 416
Sampling 220 / 416
Sampling 230 / 416
Sampling 240 / 416
Sampling 250 / 416
Sampling 260 / 416
Sampling 270 / 416
Sampling 280 / 416
Sampling 290 / 416
Sampling 300 / 416
Sampling 310 / 416
Sampling 320 / 416
Sampling 330 / 416
Sampling 340 / 416
Sampling 350 / 416
Sampling 360 / 416
Sampling 370 / 416
Sampling 380 / 416
Sampling 390 / 416
Sampling 400 / 416
Sampling 410 / 416
=== [39/95] temp/E1_v5b/prompts/chord/346.mid
torch.Size([1, 1616, 8])
Sampling 80 / 416
Sampling 90 / 416
Sampling 100 / 416
Sampling 110 / 416
Sampling 120 / 416
Sampling 130 / 416
Sampling 140 / 416
Sampling 150 / 416
Sampling 160 / 416
Sampling 170 / 416
Sampling 180 / 416
Sampling 190 / 416
Sampling 200 / 416
Sampling 210 / 416
Sampling 220 / 416
Sampling 230 / 416
Sampling 240 / 416
Sampling 250 / 416
Sampling 260 / 416
Sampling 270 / 416
Sampling 280 / 416
Sampling 290 / 416
Sampling 300 / 416
Sampling 310 / 416
Sampling 320 / 416
Sampling 330 / 416
Sampling 340 / 416
Sampling 350 / 416
Sampling 360 / 416
Sampling 370 / 416
Sampling 380 / 416
Sampling 390 / 416
Sampling 400 / 416
Sampling 410 / 416
=== [40/95] temp/E1_v5b/prompts/chord/356.mid
torch.Size([1, 1052, 8])
Sampling 80 / 416
Sampling 90 / 416
Sampling 100 / 416
Sampling 110 / 416
Sampling 120 / 416
Sampling 130 / 416
Sampling 140 / 416
Sampling 150 / 416
Sampling 160 / 416
Sampling 170 / 416
Sampling 180 / 416
Sampling 190 / 416
Sampling 200 / 416
Sampling 210 / 416
Sampling 220 / 416
Sampling 230 / 416
Sampling 240 / 416
Sampling 250 / 416
Sampling 260 / 416
Sampling 270 / 416
Sampling 280 / 416
Sampling 290 / 416
Sampling 300 / 416
Sampling 310 / 416
Sampling 320 / 416
Sampling 330 / 416
Sampling 340 / 416
Sampling 350 / 416
Sampling 360 / 416
Sampling 370 / 416
Sampling 380 / 416
Sampling 390 / 416
Sampling 400 / 416
Sampling 410 / 416
=== [41/95] temp/E1_v5b/prompts/chord/366.mid
torch.Size([1, 1444, 8])
Sampling 80 / 416
Sampling 90 / 416
Sampling 100 / 416
Sampling 110 / 416
Sampling 120 / 416
Sampling 130 / 416
Sampling 140 / 416
Sampling 150 / 416
Sampling 160 / 416
Sampling 170 / 416
Sampling 180 / 416
Sampling 190 / 416
Sampling 200 / 416
Sampling 210 / 416
Sampling 220 / 416
Sampling 230 / 416
Sampling 240 / 416
Sampling 250 / 416
Sampling 260 / 416
Sampling 270 / 416
Sampling 280 / 416
Sampling 290 / 416
Sampling 300 / 416
Sampling 310 / 416
Sampling 320 / 416
Sampling 330 / 416
Sampling 340 / 416
Sampling 350 / 416
Sampling 360 / 416
Sampling 370 / 416
Sampling 380 / 416
Sampling 390 / 416
Sampling 400 / 416
Sampling 410 / 416
=== [42/95] temp/E1_v5b/prompts/chord/376.mid
torch.Size([1, 952, 8])
Sampling 80 / 416
Sampling 90 / 416
Sampling 100 / 416
Sampling 110 / 416
Sampling 120 / 416
Sampling 130 / 416
Sampling 140 / 416
Sampling 150 / 416
Sampling 160 / 416
Sampling 170 / 416
Sampling 180 / 416
Sampling 190 / 416
Sampling 200 / 416
Sampling 210 / 416
Sampling 220 / 416
Sampling 230 / 416
Sampling 240 / 416
Sampling 250 / 416
Sampling 260 / 416
Sampling 270 / 416
Sampling 280 / 416
Sampling 290 / 416
Sampling 300 / 416
Sampling 310 / 416
Sampling 320 / 416
Sampling 330 / 416
Sampling 340 / 416
Sampling 350 / 416
Sampling 360 / 416
Sampling 370 / 416
Sampling 380 / 416
Sampling 390 / 416
Sampling 400 / 416
Sampling 410 / 416
=== [43/95] temp/E1_v5b/prompts/chord/386.mid
torch.Size([1, 2136, 8])
Sampling 80 / 416
Sampling 90 / 416
Sampling 100 / 416
Sampling 110 / 416
Sampling 120 / 416
Sampling 130 / 416
Sampling 140 / 416
Sampling 150 / 416
Sampling 160 / 416
Sampling 170 / 416
Sampling 180 / 416
Sampling 190 / 416
Sampling 200 / 416
Sampling 210 / 416
Sampling 220 / 416
Sampling 230 / 416
Sampling 240 / 416
Sampling 250 / 416
Sampling 260 / 416
Sampling 270 / 416
Sampling 280 / 416
Sampling 290 / 416
Sampling 300 / 416
Sampling 310 / 416
Sampling 320 / 416
Sampling 330 / 416
Sampling 340 / 416
Sampling 350 / 416
Sampling 360 / 416
Sampling 370 / 416
Sampling 380 / 416
Sampling 390 / 416
Sampling 400 / 416
Sampling 410 / 416
=== [44/95] temp/E1_v5b/prompts/chord/396.mid
torch.Size([1, 1244, 8])
Sampling 80 / 416
Sampling 90 / 416
Sampling 100 / 416
Sampling 110 / 416
Sampling 120 / 416
Sampling 130 / 416
Sampling 140 / 416
Sampling 150 / 416
Sampling 160 / 416
Sampling 170 / 416
Sampling 180 / 416
Sampling 190 / 416
Sampling 200 / 416
Sampling 210 / 416
Sampling 220 / 416
Sampling 230 / 416
Sampling 240 / 416
Sampling 250 / 416
Sampling 260 / 416
Sampling 270 / 416
Sampling 280 / 416
Sampling 290 / 416
Sampling 300 / 416
Sampling 310 / 416
Sampling 320 / 416
Sampling 330 / 416
Sampling 340 / 416
Sampling 350 / 416
Sampling 360 / 416
Sampling 370 / 416
Sampling 380 / 416
Sampling 390 / 416
Sampling 400 / 416
Sampling 410 / 416
=== [45/95] temp/E1_v5b/prompts/chord/406.mid
torch.Size([1, 1316, 8])
Sampling 80 / 416
Sampling 90 / 416
Sampling 100 / 416
Sampling 110 / 416
Sampling 120 / 416
Sampling 130 / 416
Sampling 140 / 416
Sampling 150 / 416
Sampling 160 / 416
Sampling 170 / 416
Sampling 180 / 416
Sampling 190 / 416
Sampling 200 / 416
Sampling 210 / 416
Sampling 220 / 416
Sampling 230 / 416
Sampling 240 / 416
Sampling 250 / 416
Sampling 260 / 416
Sampling 270 / 416
Sampling 280 / 416
Sampling 290 / 416
Sampling 300 / 416
Sampling 310 / 416
Sampling 320 / 416
Sampling 330 / 416
Sampling 340 / 416
Sampling 350 / 416
Sampling 360 / 416
Sampling 370 / 416
Sampling 380 / 416
Sampling 390 / 416
Sampling 400 / 416
Sampling 410 / 416
=== [46/95] temp/E1_v5b/prompts/chord/416.mid
torch.Size([1, 1212, 8])
Sampling 80 / 416
Sampling 90 / 416
Sampling 100 / 416
Sampling 110 / 416
Sampling 120 / 416
Sampling 130 / 416
Sampling 140 / 416
Sampling 150 / 416
Sampling 160 / 416
Sampling 170 / 416
Sampling 180 / 416
Sampling 190 / 416
Sampling 200 / 416
Sampling 210 / 416
Sampling 220 / 416
Sampling 230 / 416
Sampling 240 / 416
Sampling 250 / 416
Sampling 260 / 416
Sampling 270 / 416
Sampling 280 / 416
Sampling 290 / 416
Sampling 300 / 416
Sampling 310 / 416
Sampling 320 / 416
Sampling 330 / 416
Sampling 340 / 416
Sampling 350 / 416
Sampling 360 / 416
Sampling 370 / 416
Sampling 380 / 416
Sampling 390 / 416
Sampling 400 / 416
Sampling 410 / 416
=== [47/95] temp/E1_v5b/prompts/chord/426.mid
torch.Size([1, 1112, 8])
Sampling 80 / 416
Sampling 90 / 416
Sampling 100 / 416
Sampling 110 / 416
Sampling 120 / 416
Sampling 130 / 416
Sampling 140 / 416
Sampling 150 / 416
Sampling 160 / 416
Sampling 170 / 416
Sampling 180 / 416
Sampling 190 / 416
Sampling 200 / 416
Sampling 210 / 416
Sampling 220 / 416
Sampling 230 / 416
Sampling 240 / 416
Sampling 250 / 416
Sampling 260 / 416
Sampling 270 / 416
Sampling 280 / 416
Sampling 290 / 416
Sampling 300 / 416
Sampling 310 / 416
Sampling 320 / 416
Sampling 330 / 416
Sampling 340 / 416
Sampling 350 / 416
Sampling 360 / 416
Sampling 370 / 416
Sampling 380 / 416
Sampling 390 / 416
Sampling 400 / 416
Sampling 410 / 416
=== [48/95] temp/E1_v5b/prompts/chord/436.mid
torch.Size([1, 1176, 8])
Sampling 80 / 416
Sampling 90 / 416
Sampling 100 / 416
Sampling 110 / 416
Sampling 120 / 416
Sampling 130 / 416
Sampling 140 / 416
Sampling 150 / 416
Sampling 160 / 416
Sampling 170 / 416
Sampling 180 / 416
Sampling 190 / 416
Sampling 200 / 416
Sampling 210 / 416
Sampling 220 / 416
Sampling 230 / 416
Sampling 240 / 416
Sampling 250 / 416
Sampling 260 / 416
Sampling 270 / 416
Sampling 280 / 416
Sampling 290 / 416
Sampling 300 / 416
Sampling 310 / 416
Sampling 320 / 416
Sampling 330 / 416
Sampling 340 / 416
Sampling 350 / 416
Sampling 360 / 416
Sampling 370 / 416
Sampling 380 / 416
Sampling 390 / 416
Sampling 400 / 416
Sampling 410 / 416
=== [49/95] temp/E1_v5b/prompts/chord/446.mid
torch.Size([1, 1148, 8])
Sampling 80 / 416
Sampling 90 / 416
Sampling 100 / 416
Sampling 110 / 416
Sampling 120 / 416
Sampling 130 / 416
Sampling 140 / 416
Sampling 150 / 416
Sampling 160 / 416
Sampling 170 / 416
Sampling 180 / 416
Sampling 190 / 416
Sampling 200 / 416
Sampling 210 / 416
Sampling 220 / 416
Sampling 230 / 416
Sampling 240 / 416
Sampling 250 / 416
Sampling 260 / 416
Sampling 270 / 416
Sampling 280 / 416
Sampling 290 / 416
Sampling 300 / 416
Sampling 310 / 416
Sampling 320 / 416
Sampling 330 / 416
Sampling 340 / 416
Sampling 350 / 416
Sampling 360 / 416
Sampling 370 / 416
Sampling 380 / 416
Sampling 390 / 416
Sampling 400 / 416
Sampling 410 / 416
=== [50/95] temp/E1_v5b/prompts/chord/456.mid
torch.Size([1, 1088, 8])
Sampling 80 / 416
Sampling 90 / 416
Sampling 100 / 416
Sampling 110 / 416
Sampling 120 / 416
Sampling 130 / 416
Sampling 140 / 416
Sampling 150 / 416
Sampling 160 / 416
Sampling 170 / 416
Sampling 180 / 416
Sampling 190 / 416
Sampling 200 / 416
Sampling 210 / 416
Sampling 220 / 416
Sampling 230 / 416
Sampling 240 / 416
Sampling 250 / 416
Sampling 260 / 416
Sampling 270 / 416
Sampling 280 / 416
Sampling 290 / 416
Sampling 300 / 416
Sampling 310 / 416
Sampling 320 / 416
Sampling 330 / 416
Sampling 340 / 416
Sampling 350 / 416
Sampling 360 / 416
Sampling 370 / 416
Sampling 380 / 416
Sampling 390 / 416
Sampling 400 / 416
Sampling 410 / 416
=== [51/95] temp/E1_v5b/prompts/chord/466.mid
torch.Size([1, 1176, 8])
Sampling 80 / 416
Sampling 90 / 416
Sampling 100 / 416
Sampling 110 / 416
Sampling 120 / 416
Sampling 130 / 416
Sampling 140 / 416
Sampling 150 / 416
Sampling 160 / 416
Sampling 170 / 416
Sampling 180 / 416
Sampling 190 / 416
Sampling 200 / 416
Sampling 210 / 416
Sampling 220 / 416
Sampling 230 / 416
Sampling 240 / 416
Sampling 250 / 416
Sampling 260 / 416
Sampling 270 / 416
Sampling 280 / 416
Sampling 290 / 416
Sampling 300 / 416
Sampling 310 / 416
Sampling 320 / 416
Sampling 330 / 416
Sampling 340 / 416
Sampling 350 / 416
Sampling 360 / 416
Sampling 370 / 416
Sampling 380 / 416
Sampling 390 / 416
Sampling 400 / 416
Sampling 410 / 416
=== [52/95] temp/E1_v5b/prompts/chord/476.mid
torch.Size([1, 908, 8])
Sampling 80 / 416
Sampling 90 / 416
Sampling 100 / 416
Sampling 110 / 416
Sampling 120 / 416
Sampling 130 / 416
Sampling 140 / 416
Sampling 150 / 416
Sampling 160 / 416
Sampling 170 / 416
Sampling 180 / 416
Sampling 190 / 416
Sampling 200 / 416
Sampling 210 / 416
Sampling 220 / 416
Sampling 230 / 416
Sampling 240 / 416
Sampling 250 / 416
Sampling 260 / 416
Sampling 270 / 416
Sampling 280 / 416
Sampling 290 / 416
Sampling 300 / 416
Sampling 310 / 416
Sampling 320 / 416
Sampling 330 / 416
Sampling 340 / 416
Sampling 350 / 416
Sampling 360 / 416
Sampling 370 / 416
Sampling 380 / 416
Sampling 390 / 416
Sampling 400 / 416
Sampling 410 / 416
=== [53/95] temp/E1_v5b/prompts/chord/486.mid
torch.Size([1, 1392, 8])
Sampling 80 / 416
Sampling 90 / 416
Sampling 100 / 416
Sampling 110 / 416
Sampling 120 / 416
Sampling 130 / 416
Sampling 140 / 416
Sampling 150 / 416
Sampling 160 / 416
Sampling 170 / 416
Sampling 180 / 416
Sampling 190 / 416
Sampling 200 / 416
Sampling 210 / 416
Sampling 220 / 416
Sampling 230 / 416
Sampling 240 / 416
Sampling 250 / 416
Sampling 260 / 416
Sampling 270 / 416
Sampling 280 / 416
Sampling 290 / 416
Sampling 300 / 416
Sampling 310 / 416
Sampling 320 / 416
Sampling 330 / 416
Sampling 340 / 416
Sampling 350 / 416
Sampling 360 / 416
Sampling 370 / 416
Sampling 380 / 416
Sampling 390 / 416
Sampling 400 / 416
Sampling 410 / 416
=== [54/95] temp/E1_v5b/prompts/chord/496.mid
torch.Size([1, 1220, 8])
Sampling 80 / 416
Sampling 90 / 416
Sampling 100 / 416
Sampling 110 / 416
Sampling 120 / 416
Sampling 130 / 416
Sampling 140 / 416
Sampling 150 / 416
Sampling 160 / 416
Sampling 170 / 416
Sampling 180 / 416
Sampling 190 / 416
Sampling 200 / 416
Sampling 210 / 416
Sampling 220 / 416
Sampling 230 / 416
Sampling 240 / 416
Sampling 250 / 416
Sampling 260 / 416
Sampling 270 / 416
Sampling 280 / 416
Sampling 290 / 416
Sampling 300 / 416
Sampling 310 / 416
Sampling 320 / 416
Sampling 330 / 416
Sampling 340 / 416
Sampling 350 / 416
Sampling 360 / 416
Sampling 370 / 416
Sampling 380 / 416
Sampling 390 / 416
Sampling 400 / 416
Sampling 410 / 416
=== [55/95] temp/E1_v5b/prompts/chord/506.mid
torch.Size([1, 1188, 8])
Sampling 80 / 416
Sampling 90 / 416
Sampling 100 / 416
Sampling 110 / 416
Sampling 120 / 416
Sampling 130 / 416
Sampling 140 / 416
Sampling 150 / 416
Sampling 160 / 416
Sampling 170 / 416
Sampling 180 / 416
Sampling 190 / 416
Sampling 200 / 416
Sampling 210 / 416
Sampling 220 / 416
Sampling 230 / 416
Sampling 240 / 416
Sampling 250 / 416
Sampling 260 / 416
Sampling 270 / 416
Sampling 280 / 416
Sampling 290 / 416
Sampling 300 / 416
Sampling 310 / 416
Sampling 320 / 416
Sampling 330 / 416
Sampling 340 / 416
Sampling 350 / 416
Sampling 360 / 416
Sampling 370 / 416
Sampling 380 / 416
Sampling 390 / 416
Sampling 400 / 416
Sampling 410 / 416
=== [56/95] temp/E1_v5b/prompts/chord/516.mid
torch.Size([1, 1108, 8])
Sampling 80 / 416
Sampling 90 / 416
Sampling 100 / 416
Sampling 110 / 416
Sampling 120 / 416
Sampling 130 / 416
Sampling 140 / 416
Sampling 150 / 416
Sampling 160 / 416
Sampling 170 / 416
Sampling 180 / 416
Sampling 190 / 416
Sampling 200 / 416
Sampling 210 / 416
Sampling 220 / 416
Sampling 230 / 416
Sampling 240 / 416
Sampling 250 / 416
Sampling 260 / 416
Sampling 270 / 416
Sampling 280 / 416
Sampling 290 / 416
Sampling 300 / 416
Sampling 310 / 416
Sampling 320 / 416
Sampling 330 / 416
Sampling 340 / 416
Sampling 350 / 416
Sampling 360 / 416
Sampling 370 / 416
Sampling 380 / 416
Sampling 390 / 416
Sampling 400 / 416
Sampling 410 / 416
=== [57/95] temp/E1_v5b/prompts/chord/526.mid
torch.Size([1, 1036, 8])
Sampling 80 / 416
Sampling 90 / 416
Sampling 100 / 416
Sampling 110 / 416
Sampling 120 / 416
Sampling 130 / 416
Sampling 140 / 416
Sampling 150 / 416
Sampling 160 / 416
Sampling 170 / 416
Sampling 180 / 416
Sampling 190 / 416
Sampling 200 / 416
Sampling 210 / 416
Sampling 220 / 416
Sampling 230 / 416
Sampling 240 / 416
Sampling 250 / 416
Sampling 260 / 416
Sampling 270 / 416
Sampling 280 / 416
Sampling 290 / 416
Sampling 300 / 416
Sampling 310 / 416
Sampling 320 / 416
Sampling 330 / 416
Sampling 340 / 416
Sampling 350 / 416
Sampling 360 / 416
Sampling 370 / 416
Sampling 380 / 416
Sampling 390 / 416
Sampling 400 / 416
Sampling 410 / 416
=== [58/95] temp/E1_v5b/prompts/chord/536.mid
torch.Size([1, 1240, 8])
Sampling 80 / 416
Sampling 90 / 416
Sampling 100 / 416
Sampling 110 / 416
Sampling 120 / 416
Sampling 130 / 416
Sampling 140 / 416
Sampling 150 / 416
Sampling 160 / 416
Sampling 170 / 416
Sampling 180 / 416
Sampling 190 / 416
Sampling 200 / 416
Sampling 210 / 416
Sampling 220 / 416
Sampling 230 / 416
Sampling 240 / 416
Sampling 250 / 416
Sampling 260 / 416
Sampling 270 / 416
Sampling 280 / 416
Sampling 290 / 416
Sampling 300 / 416
Sampling 310 / 416
Sampling 320 / 416
Sampling 330 / 416
Sampling 340 / 416
Sampling 350 / 416
Sampling 360 / 416
Sampling 370 / 416
Sampling 380 / 416
Sampling 390 / 416
Sampling 400 / 416
Sampling 410 / 416
=== [59/95] temp/E1_v5b/prompts/chord/546.mid
torch.Size([1, 1040, 8])
Sampling 80 / 416
Sampling 90 / 416
Sampling 100 / 416
Sampling 110 / 416
Sampling 120 / 416
Sampling 130 / 416
Sampling 140 / 416
Sampling 150 / 416
Sampling 160 / 416
Sampling 170 / 416
Sampling 180 / 416
Sampling 190 / 416
Sampling 200 / 416
Sampling 210 / 416
Sampling 220 / 416
Sampling 230 / 416
Sampling 240 / 416
Sampling 250 / 416
Sampling 260 / 416
Sampling 270 / 416
Sampling 280 / 416
Sampling 290 / 416
Sampling 300 / 416
Sampling 310 / 416
Sampling 320 / 416
Sampling 330 / 416
Sampling 340 / 416
Sampling 350 / 416
Sampling 360 / 416
Sampling 370 / 416
Sampling 380 / 416
Sampling 390 / 416
Sampling 400 / 416
Sampling 410 / 416
=== [60/95] temp/E1_v5b/prompts/chord/556.mid
torch.Size([1, 1784, 8])
Sampling 80 / 416
Sampling 90 / 416
Sampling 100 / 416
Sampling 110 / 416
Sampling 120 / 416
Sampling 130 / 416
Sampling 140 / 416
Sampling 150 / 416
Sampling 160 / 416
Sampling 170 / 416
Sampling 180 / 416
Sampling 190 / 416
Sampling 200 / 416
Sampling 210 / 416
Sampling 220 / 416
Sampling 230 / 416
Sampling 240 / 416
Sampling 250 / 416
Sampling 260 / 416
Sampling 270 / 416
Sampling 280 / 416
Sampling 290 / 416
Sampling 300 / 416
Sampling 310 / 416
Sampling 320 / 416
Sampling 330 / 416
Sampling 340 / 416
Sampling 350 / 416
Sampling 360 / 416
Sampling 370 / 416
Sampling 380 / 416
Sampling 390 / 416
Sampling 400 / 416
Sampling 410 / 416
=== [61/95] temp/E1_v5b/prompts/chord/566.mid
torch.Size([1, 1448, 8])
Sampling 80 / 416
Sampling 90 / 416
Sampling 100 / 416
Sampling 110 / 416
Sampling 120 / 416
Sampling 130 / 416
Sampling 140 / 416
Sampling 150 / 416
Sampling 160 / 416
Sampling 170 / 416
Sampling 180 / 416
Sampling 190 / 416
Sampling 200 / 416
Sampling 210 / 416
Sampling 220 / 416
Sampling 230 / 416
Sampling 240 / 416
Sampling 250 / 416
Sampling 260 / 416
Sampling 270 / 416
Sampling 280 / 416
Sampling 290 / 416
Sampling 300 / 416
Sampling 310 / 416
Sampling 320 / 416
Sampling 330 / 416
Sampling 340 / 416
Sampling 350 / 416
Sampling 360 / 416
Sampling 370 / 416
Sampling 380 / 416
Sampling 390 / 416
Sampling 400 / 416
Sampling 410 / 416
=== [62/95] temp/E1_v5b/prompts/chord/576.mid
torch.Size([1, 1036, 8])
Sampling 80 / 416
Sampling 90 / 416
Sampling 100 / 416
Sampling 110 / 416
Sampling 120 / 416
Sampling 130 / 416
Sampling 140 / 416
Sampling 150 / 416
Sampling 160 / 416
Sampling 170 / 416
Sampling 180 / 416
Sampling 190 / 416
Sampling 200 / 416
Sampling 210 / 416
Sampling 220 / 416
Sampling 230 / 416
Sampling 240 / 416
Sampling 250 / 416
Sampling 260 / 416
Sampling 270 / 416
Sampling 280 / 416
Sampling 290 / 416
Sampling 300 / 416
Sampling 310 / 416
Sampling 320 / 416
Sampling 330 / 416
Sampling 340 / 416
Sampling 350 / 416
Sampling 360 / 416
Sampling 370 / 416
Sampling 380 / 416
Sampling 390 / 416
Sampling 400 / 416
Sampling 410 / 416
=== [63/95] temp/E1_v5b/prompts/chord/586.mid
torch.Size([1, 1252, 8])
Sampling 80 / 416
Sampling 90 / 416
Sampling 100 / 416
Sampling 110 / 416
Sampling 120 / 416
Sampling 130 / 416
Sampling 140 / 416
Sampling 150 / 416
Sampling 160 / 416
Sampling 170 / 416
Sampling 180 / 416
Sampling 190 / 416
Sampling 200 / 416
Sampling 210 / 416
Sampling 220 / 416
Sampling 230 / 416
Sampling 240 / 416
Sampling 250 / 416
Sampling 260 / 416
Sampling 270 / 416
Sampling 280 / 416
Sampling 290 / 416
Sampling 300 / 416
Sampling 310 / 416
Sampling 320 / 416
Sampling 330 / 416
Sampling 340 / 416
Sampling 350 / 416
Sampling 360 / 416
Sampling 370 / 416
Sampling 380 / 416
Sampling 390 / 416
Sampling 400 / 416
Sampling 410 / 416
=== [64/95] temp/E1_v5b/prompts/chord/596.mid
torch.Size([1, 1796, 8])
Sampling 80 / 416
Sampling 90 / 416
Sampling 100 / 416
Sampling 110 / 416
Sampling 120 / 416
Sampling 130 / 416
Sampling 140 / 416
Sampling 150 / 416
Sampling 160 / 416
Sampling 170 / 416
Sampling 180 / 416
Sampling 190 / 416
Sampling 200 / 416
Sampling 210 / 416
Sampling 220 / 416
Sampling 230 / 416
Sampling 240 / 416
Sampling 250 / 416
Sampling 260 / 416
Sampling 270 / 416
Sampling 280 / 416
Sampling 290 / 416
Sampling 300 / 416
Sampling 310 / 416
Sampling 320 / 416
Sampling 330 / 416
Sampling 340 / 416
Sampling 350 / 416
Sampling 360 / 416
Sampling 370 / 416
Sampling 380 / 416
Sampling 390 / 416
Sampling 400 / 416
Sampling 410 / 416
=== [65/95] temp/E1_v5b/prompts/chord/606.mid
torch.Size([1, 1092, 8])
Sampling 80 / 416
Sampling 90 / 416
Sampling 100 / 416
Sampling 110 / 416
Sampling 120 / 416
Sampling 130 / 416
Sampling 140 / 416
Sampling 150 / 416
Sampling 160 / 416
Sampling 170 / 416
Sampling 180 / 416
Sampling 190 / 416
Sampling 200 / 416
Sampling 210 / 416
Sampling 220 / 416
Sampling 230 / 416
Sampling 240 / 416
Sampling 250 / 416
Sampling 260 / 416
Sampling 270 / 416
Sampling 280 / 416
Sampling 290 / 416
Sampling 300 / 416
Sampling 310 / 416
Sampling 320 / 416
Sampling 330 / 416
Sampling 340 / 416
Sampling 350 / 416
Sampling 360 / 416
Sampling 370 / 416
Sampling 380 / 416
Sampling 390 / 416
Sampling 400 / 416
Sampling 410 / 416
=== [66/95] temp/E1_v5b/prompts/chord/616.mid
torch.Size([1, 764, 8])
Sampling 80 / 416
Sampling 90 / 416
Sampling 100 / 416
Sampling 110 / 416
Sampling 120 / 416
Sampling 130 / 416
Sampling 140 / 416
Sampling 150 / 416
Sampling 160 / 416
Sampling 170 / 416
Sampling 180 / 416
Sampling 190 / 416
Sampling 200 / 416
Sampling 210 / 416
Sampling 220 / 416
Sampling 230 / 416
Sampling 240 / 416
Sampling 250 / 416
Sampling 260 / 416
Sampling 270 / 416
Sampling 280 / 416
Sampling 290 / 416
Sampling 300 / 416
Sampling 310 / 416
Sampling 320 / 416
Sampling 330 / 416
Sampling 340 / 416
Sampling 350 / 416
Sampling 360 / 416
Sampling 370 / 416
Sampling 380 / 416
Sampling 390 / 416
Sampling 400 / 416
Sampling 410 / 416
=== [67/95] temp/E1_v5b/prompts/chord/626.mid
torch.Size([1, 928, 8])
Sampling 80 / 416
Sampling 90 / 416
Sampling 100 / 416
Sampling 110 / 416
Sampling 120 / 416
Sampling 130 / 416
Sampling 140 / 416
Sampling 150 / 416
Sampling 160 / 416
Sampling 170 / 416
Sampling 180 / 416
Sampling 190 / 416
Sampling 200 / 416
Sampling 210 / 416
Sampling 220 / 416
Sampling 230 / 416
Sampling 240 / 416
Sampling 250 / 416
Sampling 260 / 416
Sampling 270 / 416
Sampling 280 / 416
Sampling 290 / 416
Sampling 300 / 416
Sampling 310 / 416
Sampling 320 / 416
Sampling 330 / 416
Sampling 340 / 416
Sampling 350 / 416
Sampling 360 / 416
Sampling 370 / 416
Sampling 380 / 416
Sampling 390 / 416
Sampling 400 / 416
Sampling 410 / 416
=== [68/95] temp/E1_v5b/prompts/chord/636.mid
torch.Size([1, 1292, 8])
Sampling 80 / 416
Sampling 90 / 416
Sampling 100 / 416
Sampling 110 / 416
Sampling 120 / 416
Sampling 130 / 416
Sampling 140 / 416
Sampling 150 / 416
Sampling 160 / 416
Sampling 170 / 416
Sampling 180 / 416
Sampling 190 / 416
Sampling 200 / 416
Sampling 210 / 416
Sampling 220 / 416
Sampling 230 / 416
Sampling 240 / 416
Sampling 250 / 416
Sampling 260 / 416
Sampling 270 / 416
Sampling 280 / 416
Sampling 290 / 416
Sampling 300 / 416
Sampling 310 / 416
Sampling 320 / 416
Sampling 330 / 416
Sampling 340 / 416
Sampling 350 / 416
Sampling 360 / 416
Sampling 370 / 416
Sampling 380 / 416
Sampling 390 / 416
Sampling 400 / 416
Sampling 410 / 416
=== [69/95] temp/E1_v5b/prompts/chord/646.mid
torch.Size([1, 884, 8])
Sampling 80 / 416
Sampling 90 / 416
Sampling 100 / 416
Sampling 110 / 416
Sampling 120 / 416
Sampling 130 / 416
Sampling 140 / 416
Sampling 150 / 416
Sampling 160 / 416
Sampling 170 / 416
Sampling 180 / 416
Sampling 190 / 416
Sampling 200 / 416
Sampling 210 / 416
Sampling 220 / 416
Sampling 230 / 416
Sampling 240 / 416
Sampling 250 / 416
Sampling 260 / 416
Sampling 270 / 416
Sampling 280 / 416
Sampling 290 / 416
Sampling 300 / 416
Sampling 310 / 416
Sampling 320 / 416
Sampling 330 / 416
Sampling 340 / 416
Sampling 350 / 416
Sampling 360 / 416
Sampling 370 / 416
Sampling 380 / 416
Sampling 390 / 416
Sampling 400 / 416
Sampling 410 / 416
=== [70/95] temp/E1_v5b/prompts/chord/656.mid
torch.Size([1, 1540, 8])
Sampling 80 / 416
Sampling 90 / 416
Sampling 100 / 416
Sampling 110 / 416
Sampling 120 / 416
Sampling 130 / 416
Sampling 140 / 416
Sampling 150 / 416
Sampling 160 / 416
Sampling 170 / 416
Sampling 180 / 416
Sampling 190 / 416
Sampling 200 / 416
Sampling 210 / 416
Sampling 220 / 416
Sampling 230 / 416
Sampling 240 / 416
Sampling 250 / 416
Sampling 260 / 416
Sampling 270 / 416
Sampling 280 / 416
Sampling 290 / 416
Sampling 300 / 416
Sampling 310 / 416
Sampling 320 / 416
Sampling 330 / 416
Sampling 340 / 416
Sampling 350 / 416
Sampling 360 / 416
Sampling 370 / 416
Sampling 380 / 416
Sampling 390 / 416
Sampling 400 / 416
Sampling 410 / 416
=== [71/95] temp/E1_v5b/prompts/chord/666.mid
torch.Size([1, 1468, 8])
Sampling 80 / 416
Sampling 90 / 416
Sampling 100 / 416
Sampling 110 / 416
Sampling 120 / 416
Sampling 130 / 416
Sampling 140 / 416
Sampling 150 / 416
Sampling 160 / 416
Sampling 170 / 416
Sampling 180 / 416
Sampling 190 / 416
Sampling 200 / 416
Sampling 210 / 416
Sampling 220 / 416
Sampling 230 / 416
Sampling 240 / 416
Sampling 250 / 416
Sampling 260 / 416
Sampling 270 / 416
Sampling 280 / 416
Sampling 290 / 416
Sampling 300 / 416
Sampling 310 / 416
Sampling 320 / 416
Sampling 330 / 416
Sampling 340 / 416
Sampling 350 / 416
Sampling 360 / 416
Sampling 370 / 416
Sampling 380 / 416
Sampling 390 / 416
Sampling 400 / 416
Sampling 410 / 416
=== [72/95] temp/E1_v5b/prompts/chord/676.mid
torch.Size([1, 1024, 8])
Sampling 80 / 416
Sampling 90 / 416
Sampling 100 / 416
Sampling 110 / 416
Sampling 120 / 416
Sampling 130 / 416
Sampling 140 / 416
Sampling 150 / 416
Sampling 160 / 416
Sampling 170 / 416
Sampling 180 / 416
Sampling 190 / 416
Sampling 200 / 416
Sampling 210 / 416
Sampling 220 / 416
Sampling 230 / 416
Sampling 240 / 416
Sampling 250 / 416
Sampling 260 / 416
Sampling 270 / 416
Sampling 280 / 416
Sampling 290 / 416
Sampling 300 / 416
Sampling 310 / 416
Sampling 320 / 416
Sampling 330 / 416
Sampling 340 / 416
Sampling 350 / 416
Sampling 360 / 416
Sampling 370 / 416
Sampling 380 / 416
Sampling 390 / 416
Sampling 400 / 416
Sampling 410 / 416
=== [73/95] temp/E1_v5b/prompts/chord/686.mid
torch.Size([1, 1508, 8])
Sampling 80 / 416
Sampling 90 / 416
Sampling 100 / 416
Sampling 110 / 416
Sampling 120 / 416
Sampling 130 / 416
Sampling 140 / 416
Sampling 150 / 416
Sampling 160 / 416
Sampling 170 / 416
Sampling 180 / 416
Sampling 190 / 416
Sampling 200 / 416
Sampling 210 / 416
Sampling 220 / 416
Sampling 230 / 416
Sampling 240 / 416
Sampling 250 / 416
Sampling 260 / 416
Sampling 270 / 416
Sampling 280 / 416
Sampling 290 / 416
Sampling 300 / 416
Sampling 310 / 416
Sampling 320 / 416
Sampling 330 / 416
Sampling 340 / 416
Sampling 350 / 416
Sampling 360 / 416
Sampling 370 / 416
Sampling 380 / 416
Sampling 390 / 416
Sampling 400 / 416
Sampling 410 / 416
=== [74/95] temp/E1_v5b/prompts/chord/696.mid
torch.Size([1, 1216, 8])
Sampling 80 / 416
Sampling 90 / 416
Sampling 100 / 416
Sampling 110 / 416
Sampling 120 / 416
Sampling 130 / 416
Sampling 140 / 416
Sampling 150 / 416
Sampling 160 / 416
Sampling 170 / 416
Sampling 180 / 416
Sampling 190 / 416
Sampling 200 / 416
Sampling 210 / 416
Sampling 220 / 416
Sampling 230 / 416
Sampling 240 / 416
Sampling 250 / 416
Sampling 260 / 416
Sampling 270 / 416
Sampling 280 / 416
Sampling 290 / 416
Sampling 300 / 416
Sampling 310 / 416
Sampling 320 / 416
Sampling 330 / 416
Sampling 340 / 416
Sampling 350 / 416
Sampling 360 / 416
Sampling 370 / 416
Sampling 380 / 416
Sampling 390 / 416
Sampling 400 / 416
Sampling 410 / 416
=== [75/95] temp/E1_v5b/prompts/chord/706.mid
torch.Size([1, 1268, 8])
Sampling 80 / 416
Sampling 90 / 416
Sampling 100 / 416
Sampling 110 / 416
Sampling 120 / 416
Sampling 130 / 416
Sampling 140 / 416
Sampling 150 / 416
Sampling 160 / 416
Sampling 170 / 416
Sampling 180 / 416
Sampling 190 / 416
Sampling 200 / 416
Sampling 210 / 416
Sampling 220 / 416
Sampling 230 / 416
Sampling 240 / 416
Sampling 250 / 416
Sampling 260 / 416
Sampling 270 / 416
Sampling 280 / 416
Sampling 290 / 416
Sampling 300 / 416
Sampling 310 / 416
Sampling 320 / 416
Sampling 330 / 416
Sampling 340 / 416
Sampling 350 / 416
Sampling 360 / 416
Sampling 370 / 416
Sampling 380 / 416
Sampling 390 / 416
Sampling 400 / 416
Sampling 410 / 416
=== [76/95] temp/E1_v5b/prompts/chord/716.mid
torch.Size([1, 976, 8])
Sampling 80 / 416
Sampling 90 / 416
Sampling 100 / 416
Sampling 110 / 416
Sampling 120 / 416
Sampling 130 / 416
Sampling 140 / 416
Sampling 150 / 416
Sampling 160 / 416
Sampling 170 / 416
Sampling 180 / 416
Sampling 190 / 416
Sampling 200 / 416
Sampling 210 / 416
Sampling 220 / 416
Sampling 230 / 416
Sampling 240 / 416
Sampling 250 / 416
Sampling 260 / 416
Sampling 270 / 416
Sampling 280 / 416
Sampling 290 / 416
Sampling 300 / 416
Sampling 310 / 416
Sampling 320 / 416
Sampling 330 / 416
Sampling 340 / 416
Sampling 350 / 416
Sampling 360 / 416
Sampling 370 / 416
Sampling 380 / 416
Sampling 390 / 416
Sampling 400 / 416
Sampling 410 / 416
=== [77/95] temp/E1_v5b/prompts/chord/726.mid
torch.Size([1, 768, 8])
Sampling 80 / 416
Sampling 90 / 416
Sampling 100 / 416
Sampling 110 / 416
Sampling 120 / 416
Sampling 130 / 416
Sampling 140 / 416
Sampling 150 / 416
Sampling 160 / 416
Sampling 170 / 416
Sampling 180 / 416
Sampling 190 / 416
Sampling 200 / 416
Sampling 210 / 416
Sampling 220 / 416
Sampling 230 / 416
Sampling 240 / 416
Sampling 250 / 416
Sampling 260 / 416
Sampling 270 / 416
Sampling 280 / 416
Sampling 290 / 416
Sampling 300 / 416
Sampling 310 / 416
Sampling 320 / 416
Sampling 330 / 416
Sampling 340 / 416
Sampling 350 / 416
Sampling 360 / 416
Sampling 370 / 416
Sampling 380 / 416
Sampling 390 / 416
Sampling 400 / 416
Sampling 410 / 416
=== [78/95] temp/E1_v5b/prompts/chord/736.mid
torch.Size([1, 1124, 8])
Sampling 80 / 416
Sampling 90 / 416
Sampling 100 / 416
Sampling 110 / 416
Sampling 120 / 416
Sampling 130 / 416
Sampling 140 / 416
Sampling 150 / 416
Sampling 160 / 416
Sampling 170 / 416
Sampling 180 / 416
Sampling 190 / 416
Sampling 200 / 416
Sampling 210 / 416
Sampling 220 / 416
Sampling 230 / 416
Sampling 240 / 416
Sampling 250 / 416
Sampling 260 / 416
Sampling 270 / 416
Sampling 280 / 416
Sampling 290 / 416
Sampling 300 / 416
Sampling 310 / 416
Sampling 320 / 416
Sampling 330 / 416
Sampling 340 / 416
Sampling 350 / 416
Sampling 360 / 416
Sampling 370 / 416
Sampling 380 / 416
Sampling 390 / 416
Sampling 400 / 416
Sampling 410 / 416
=== [79/95] temp/E1_v5b/prompts/chord/746.mid
torch.Size([1, 692, 8])
Sampling 80 / 416
Sampling 90 / 416
Sampling 100 / 416
Sampling 110 / 416
Sampling 120 / 416
Sampling 130 / 416
Sampling 140 / 416
Sampling 150 / 416
Sampling 160 / 416
Sampling 170 / 416
Sampling 180 / 416
Sampling 190 / 416
Sampling 200 / 416
Sampling 210 / 416
Sampling 220 / 416
Sampling 230 / 416
Sampling 240 / 416
Sampling 250 / 416
Sampling 260 / 416
Sampling 270 / 416
Sampling 280 / 416
Sampling 290 / 416
Sampling 300 / 416
Sampling 310 / 416
Sampling 320 / 416
Sampling 330 / 416
Sampling 340 / 416
Sampling 350 / 416
Sampling 360 / 416
Sampling 370 / 416
Sampling 380 / 416
Sampling 390 / 416
Sampling 400 / 416
Sampling 410 / 416
=== [80/95] temp/E1_v5b/prompts/chord/756.mid
torch.Size([1, 1420, 8])
Sampling 80 / 416
Sampling 90 / 416
Sampling 100 / 416
Sampling 110 / 416
Sampling 120 / 416
Sampling 130 / 416
Sampling 140 / 416
Sampling 150 / 416
Sampling 160 / 416
Sampling 170 / 416
Sampling 180 / 416
Sampling 190 / 416
Sampling 200 / 416
Sampling 210 / 416
Sampling 220 / 416
Sampling 230 / 416
Sampling 240 / 416
Sampling 250 / 416
Sampling 260 / 416
Sampling 270 / 416
Sampling 280 / 416
Sampling 290 / 416
Sampling 300 / 416
Sampling 310 / 416
Sampling 320 / 416
Sampling 330 / 416
Sampling 340 / 416
Sampling 350 / 416
Sampling 360 / 416
Sampling 370 / 416
Sampling 380 / 416
Sampling 390 / 416
Sampling 400 / 416
Sampling 410 / 416
=== [81/95] temp/E1_v5b/prompts/chord/766.mid
torch.Size([1, 888, 8])
Sampling 80 / 416
Sampling 90 / 416
Sampling 100 / 416
Sampling 110 / 416
Sampling 120 / 416
Sampling 130 / 416
Sampling 140 / 416
Sampling 150 / 416
Sampling 160 / 416
Sampling 170 / 416
Sampling 180 / 416
Sampling 190 / 416
Sampling 200 / 416
Sampling 210 / 416
Sampling 220 / 416
Sampling 230 / 416
Sampling 240 / 416
Sampling 250 / 416
Sampling 260 / 416
Sampling 270 / 416
Sampling 280 / 416
Sampling 290 / 416
Sampling 300 / 416
Sampling 310 / 416
Sampling 320 / 416
Sampling 330 / 416
Sampling 340 / 416
Sampling 350 / 416
Sampling 360 / 416
Sampling 370 / 416
Sampling 380 / 416
Sampling 390 / 416
Sampling 400 / 416
Sampling 410 / 416
=== [82/95] temp/E1_v5b/prompts/chord/776.mid
torch.Size([1, 1036, 8])
Sampling 80 / 416
Sampling 90 / 416
Sampling 100 / 416
Sampling 110 / 416
Sampling 120 / 416
Sampling 130 / 416
Sampling 140 / 416
Sampling 150 / 416
Sampling 160 / 416
Sampling 170 / 416
Sampling 180 / 416
Sampling 190 / 416
Sampling 200 / 416
Sampling 210 / 416
Sampling 220 / 416
Sampling 230 / 416
Sampling 240 / 416
Sampling 250 / 416
Sampling 260 / 416
Sampling 270 / 416
Sampling 280 / 416
Sampling 290 / 416
Sampling 300 / 416
Sampling 310 / 416
Sampling 320 / 416
Sampling 330 / 416
Sampling 340 / 416
Sampling 350 / 416
Sampling 360 / 416
Sampling 370 / 416
Sampling 380 / 416
Sampling 390 / 416
Sampling 400 / 416
Sampling 410 / 416
=== [83/95] temp/E1_v5b/prompts/chord/786.mid
torch.Size([1, 1036, 8])
Sampling 80 / 416
Sampling 90 / 416
Sampling 100 / 416
Sampling 110 / 416
Sampling 120 / 416
Sampling 130 / 416
Sampling 140 / 416
Sampling 150 / 416
Sampling 160 / 416
Sampling 170 / 416
Sampling 180 / 416
Sampling 190 / 416
Sampling 200 / 416
Sampling 210 / 416
Sampling 220 / 416
Sampling 230 / 416
Sampling 240 / 416
Sampling 250 / 416
Sampling 260 / 416
Sampling 270 / 416
Sampling 280 / 416
Sampling 290 / 416
Sampling 300 / 416
Sampling 310 / 416
Sampling 320 / 416
Sampling 330 / 416
Sampling 340 / 416
Sampling 350 / 416
Sampling 360 / 416
Sampling 370 / 416
Sampling 380 / 416
Sampling 390 / 416
Sampling 400 / 416
Sampling 410 / 416
=== [84/95] temp/E1_v5b/prompts/chord/796.mid
torch.Size([1, 1120, 8])
Sampling 80 / 416
Sampling 90 / 416
Sampling 100 / 416
Sampling 110 / 416
Sampling 120 / 416
Sampling 130 / 416
Sampling 140 / 416
Sampling 150 / 416
Sampling 160 / 416
Sampling 170 / 416
Sampling 180 / 416
Sampling 190 / 416
Sampling 200 / 416
Sampling 210 / 416
Sampling 220 / 416
Sampling 230 / 416
Sampling 240 / 416
Sampling 250 / 416
Sampling 260 / 416
Sampling 270 / 416
Sampling 280 / 416
Sampling 290 / 416
Sampling 300 / 416
Sampling 310 / 416
Sampling 320 / 416
Sampling 330 / 416
Sampling 340 / 416
Sampling 350 / 416
Sampling 360 / 416
Sampling 370 / 416
Sampling 380 / 416
Sampling 390 / 416
Sampling 400 / 416
Sampling 410 / 416
=== [85/95] temp/E1_v5b/prompts/chord/806.mid
torch.Size([1, 548, 8])
Sampling 80 / 416
Sampling 90 / 416
Sampling 100 / 416
Sampling 110 / 416
Sampling 120 / 416
Sampling 130 / 416
Sampling 140 / 416
Sampling 150 / 416
Sampling 160 / 416
Sampling 170 / 416
Sampling 180 / 416
Sampling 190 / 416
Sampling 200 / 416
Sampling 210 / 416
Sampling 220 / 416
Sampling 230 / 416
Sampling 240 / 416
Sampling 250 / 416
Sampling 260 / 416
Sampling 270 / 416
Sampling 280 / 416
Sampling 290 / 416
Sampling 300 / 416
Sampling 310 / 416
Sampling 320 / 416
Sampling 330 / 416
Sampling 340 / 416
Sampling 350 / 416
Sampling 360 / 416
Sampling 370 / 416
Sampling 380 / 416
Sampling 390 / 416
Sampling 400 / 416
Sampling 410 / 416
=== [86/95] temp/E1_v5b/prompts/chord/816.mid
torch.Size([1, 864, 8])
Sampling 80 / 416
Sampling 90 / 416
Sampling 100 / 416
Sampling 110 / 416
Sampling 120 / 416
Sampling 130 / 416
Sampling 140 / 416
Sampling 150 / 416
Sampling 160 / 416
Sampling 170 / 416
Sampling 180 / 416
Sampling 190 / 416
Sampling 200 / 416
Sampling 210 / 416
Sampling 220 / 416
Sampling 230 / 416
Sampling 240 / 416
Sampling 250 / 416
Sampling 260 / 416
Sampling 270 / 416
Sampling 280 / 416
Sampling 290 / 416
Sampling 300 / 416
Sampling 310 / 416
Sampling 320 / 416
Sampling 330 / 416
Sampling 340 / 416
Sampling 350 / 416
Sampling 360 / 416
Sampling 370 / 416
Sampling 380 / 416
Sampling 390 / 416
Sampling 400 / 416
Sampling 410 / 416
=== [87/95] temp/E1_v5b/prompts/chord/826.mid
torch.Size([1, 1012, 8])
Sampling 80 / 416
Sampling 90 / 416
Sampling 100 / 416
Sampling 110 / 416
Sampling 120 / 416
Sampling 130 / 416
Sampling 140 / 416
Sampling 150 / 416
Sampling 160 / 416
Sampling 170 / 416
Sampling 180 / 416
Sampling 190 / 416
Sampling 200 / 416
Sampling 210 / 416
Sampling 220 / 416
Sampling 230 / 416
Sampling 240 / 416
Sampling 250 / 416
Sampling 260 / 416
Sampling 270 / 416
Sampling 280 / 416
Sampling 290 / 416
Sampling 300 / 416
Sampling 310 / 416
Sampling 320 / 416
Sampling 330 / 416
Sampling 340 / 416
Sampling 350 / 416
Sampling 360 / 416
Sampling 370 / 416
Sampling 380 / 416
Sampling 390 / 416
Sampling 400 / 416
Sampling 410 / 416
=== [88/95] temp/E1_v5b/prompts/chord/836.mid
torch.Size([1, 1148, 8])
Sampling 80 / 416
Sampling 90 / 416
Sampling 100 / 416
Sampling 110 / 416
Sampling 120 / 416
Sampling 130 / 416
Sampling 140 / 416
Sampling 150 / 416
Sampling 160 / 416
Sampling 170 / 416
Sampling 180 / 416
Sampling 190 / 416
Sampling 200 / 416
Sampling 210 / 416
Sampling 220 / 416
Sampling 230 / 416
Sampling 240 / 416
Sampling 250 / 416
Sampling 260 / 416
Sampling 270 / 416
Sampling 280 / 416
Sampling 290 / 416
Sampling 300 / 416
Sampling 310 / 416
Sampling 320 / 416
Sampling 330 / 416
Sampling 340 / 416
Sampling 350 / 416
Sampling 360 / 416
Sampling 370 / 416
Sampling 380 / 416
Sampling 390 / 416
Sampling 400 / 416
Sampling 410 / 416
=== [89/95] temp/E1_v5b/prompts/chord/846.mid
torch.Size([1, 1208, 8])
Sampling 80 / 416
Sampling 90 / 416
Sampling 100 / 416
Sampling 110 / 416
Sampling 120 / 416
Sampling 130 / 416
Sampling 140 / 416
Sampling 150 / 416
Sampling 160 / 416
Sampling 170 / 416
Sampling 180 / 416
Sampling 190 / 416
Sampling 200 / 416
Sampling 210 / 416
Sampling 220 / 416
Sampling 230 / 416
Sampling 240 / 416
Sampling 250 / 416
Sampling 260 / 416
Sampling 270 / 416
Sampling 280 / 416
Sampling 290 / 416
Sampling 300 / 416
Sampling 310 / 416
Sampling 320 / 416
Sampling 330 / 416
Sampling 340 / 416
Sampling 350 / 416
Sampling 360 / 416
Sampling 370 / 416
Sampling 380 / 416
Sampling 390 / 416
Sampling 400 / 416
Sampling 410 / 416
=== [90/95] temp/E1_v5b/prompts/chord/856.mid
torch.Size([1, 852, 8])
Sampling 80 / 416
Sampling 90 / 416
Sampling 100 / 416
Sampling 110 / 416
Sampling 120 / 416
Sampling 130 / 416
Sampling 140 / 416
Sampling 150 / 416
Sampling 160 / 416
Sampling 170 / 416
Sampling 180 / 416
Sampling 190 / 416
Sampling 200 / 416
Sampling 210 / 416
Sampling 220 / 416
Sampling 230 / 416
Sampling 240 / 416
Sampling 250 / 416
Sampling 260 / 416
Sampling 270 / 416
Sampling 280 / 416
Sampling 290 / 416
Sampling 300 / 416
Sampling 310 / 416
Sampling 320 / 416
Sampling 330 / 416
Sampling 340 / 416
Sampling 350 / 416
Sampling 360 / 416
Sampling 370 / 416
Sampling 380 / 416
Sampling 390 / 416
Sampling 400 / 416
Sampling 410 / 416
=== [91/95] temp/E1_v5b/prompts/chord/866.mid
torch.Size([1, 1292, 8])
Sampling 80 / 416
Sampling 90 / 416
Sampling 100 / 416
Sampling 110 / 416
Sampling 120 / 416
Sampling 130 / 416
Sampling 140 / 416
Sampling 150 / 416
Sampling 160 / 416
Sampling 170 / 416
Sampling 180 / 416
Sampling 190 / 416
Sampling 200 / 416
Sampling 210 / 416
Sampling 220 / 416
Sampling 230 / 416
Sampling 240 / 416
Sampling 250 / 416
Sampling 260 / 416
Sampling 270 / 416
Sampling 280 / 416
Sampling 290 / 416
Sampling 300 / 416
Sampling 310 / 416
Sampling 320 / 416
Sampling 330 / 416
Sampling 340 / 416
Sampling 350 / 416
Sampling 360 / 416
Sampling 370 / 416
Sampling 380 / 416
Sampling 390 / 416
Sampling 400 / 416
Sampling 410 / 416
=== [92/95] temp/E1_v5b/prompts/chord/876.mid
torch.Size([1, 1844, 8])
Sampling 80 / 416
Sampling 90 / 416
Sampling 100 / 416
Sampling 110 / 416
Sampling 120 / 416
Sampling 130 / 416
Sampling 140 / 416
Sampling 150 / 416
Sampling 160 / 416
Sampling 170 / 416
Sampling 180 / 416
Sampling 190 / 416
Sampling 200 / 416
Sampling 210 / 416
Sampling 220 / 416
Sampling 230 / 416
Sampling 240 / 416
Sampling 250 / 416
Sampling 260 / 416
Sampling 270 / 416
Sampling 280 / 416
Sampling 290 / 416
Sampling 300 / 416
Sampling 310 / 416
Sampling 320 / 416
Sampling 330 / 416
Sampling 340 / 416
Sampling 350 / 416
Sampling 360 / 416
Sampling 370 / 416
Sampling 380 / 416
Sampling 390 / 416
Sampling 400 / 416
Sampling 410 / 416
=== [93/95] temp/E1_v5b/prompts/chord/886.mid
torch.Size([1, 1636, 8])
Sampling 80 / 416
Sampling 90 / 416
Sampling 100 / 416
Sampling 110 / 416
Sampling 120 / 416
Sampling 130 / 416
Sampling 140 / 416
Sampling 150 / 416
Sampling 160 / 416
Sampling 170 / 416
Sampling 180 / 416
Sampling 190 / 416
Sampling 200 / 416
Sampling 210 / 416
Sampling 220 / 416
Sampling 230 / 416
Sampling 240 / 416
Sampling 250 / 416
Sampling 260 / 416
Sampling 270 / 416
Sampling 280 / 416
Sampling 290 / 416
Sampling 300 / 416
Sampling 310 / 416
Sampling 320 / 416
Sampling 330 / 416
Sampling 340 / 416
Sampling 350 / 416
Sampling 360 / 416
Sampling 370 / 416
Sampling 380 / 416
Sampling 390 / 416
Sampling 400 / 416
Sampling 410 / 416
=== [94/95] temp/E1_v5b/prompts/chord/896.mid
torch.Size([1, 1156, 8])
Sampling 80 / 416
Sampling 90 / 416
Sampling 100 / 416
Sampling 110 / 416
Sampling 120 / 416
Sampling 130 / 416
Sampling 140 / 416
Sampling 150 / 416
Sampling 160 / 416
Sampling 170 / 416
Sampling 180 / 416
Sampling 190 / 416
Sampling 200 / 416
Sampling 210 / 416
Sampling 220 / 416
Sampling 230 / 416
Sampling 240 / 416
Sampling 250 / 416
Sampling 260 / 416
Sampling 270 / 416
Sampling 280 / 416
Sampling 290 / 416
Sampling 300 / 416
Sampling 310 / 416
Sampling 320 / 416
Sampling 330 / 416
Sampling 340 / 416
Sampling 350 / 416
Sampling 360 / 416
Sampling 370 / 416
Sampling 380 / 416
Sampling 390 / 416
Sampling 400 / 416
Sampling 410 / 416
=== [95/95] temp/E1_v5b/prompts/chord/906.mid
torch.Size([1, 720, 8])
Sampling 80 / 416
Sampling 90 / 416
Sampling 100 / 416
Sampling 110 / 416
Sampling 120 / 416
Sampling 130 / 416
Sampling 140 / 416
Sampling 150 / 416
Sampling 160 / 416
Sampling 170 / 416
Sampling 180 / 416
Sampling 190 / 416
Sampling 200 / 416
Sampling 210 / 416
Sampling 220 / 416
Sampling 230 / 416
Sampling 240 / 416
Sampling 250 / 416
Sampling 260 / 416
Sampling 270 / 416
Sampling 280 / 416
Sampling 290 / 416
Sampling 300 / 416
Sampling 310 / 416
Sampling 320 / 416
Sampling 330 / 416
Sampling 340 / 416
Sampling 350 / 416
Sampling 360 / 416
Sampling 370 / 416
Sampling 380 / 416
Sampling 390 / 416
Sampling 400 / 416
Sampling 410 / 416
--- stage B: hybrid = generated chord + partner prompt ---
built 285 hybrid file(s) -> temp/E1_v5b/P-cm/2_hybrids
--- stage C: YinYang conditional on the generated stream ---
/home/xinyue.li/Mitosis/midi_yinyang/transformers_roformer_moe/src/transformers/models/roformer/grouped_gemm_util.py:3: UserWarning: pkg_resources is deprecated as an API. See https://setuptools.pypa.io/en/latest/pkg_resources.html. The pkg_resources package is slated for removal as early as 2025-11-30. Refrain from using this package or pin to Setuptools<81.
  from pkg_resources import packaging
/home/xinyue.li/.conda/envs/mitosis/lib/python3.10/site-packages/pytorch_lightning/core/saving.py:193: Found keys that are in the model state dict but not in the checkpoint: ['model.embed_positions.weight']
/home/xinyue.li/.conda/envs/mitosis/lib/python3.10/site-packages/pytorch_lightning/core/saving.py:193: Found keys that are in the model state dict but not in the checkpoint: ['wrapped_model.base_model.model.global_sos', 'wrapped_model.base_model.model.model.embed_positions.weight', 'wrapped_model.base_model.model.model.layer.0.attention.self.query.base_layer.weight', 'wrapped_model.base_model.model.model.layer.0.attention.self.query.base_layer.bias', 'wrapped_model.base_model.model.model.layer.0.attention.self.key.weight', 'wrapped_model.base_model.model.model.layer.0.attention.self.key.bias', 'wrapped_model.base_model.model.model.layer.0.attention.self.value.base_layer.weight', 'wrapped_model.base_model.model.model.layer.0.attention.self.value.base_layer.bias', 'wrapped_model.base_model.model.model.layer.0.attention.output.dense.weight', 'wrapped_model.base_model.model.model.layer.0.attention.output.dense.bias', 'wrapped_model.base_model.model.model.layer.0.attention.output.LayerNorm.weight', 'wrapped_model.base_model.model.model.layer.0.attention.output.LayerNorm.bias', 'wrapped_model.base_model.model.model.layer.0.intermediate.dense.weight', 'wrapped_model.base_model.model.model.layer.0.intermediate.dense.bias', 'wrapped_model.base_model.model.model.layer.0.output.dense.weight', 'wrapped_model.base_model.model.model.layer.0.output.dense.bias', 'wrapped_model.base_model.model.model.layer.0.output.LayerNorm.weight', 'wrapped_model.base_model.model.model.layer.0.output.LayerNorm.bias', 'wrapped_model.base_model.model.model.layer.1.attention.self.query.base_layer.weight', 'wrapped_model.base_model.model.model.layer.1.attention.self.query.base_layer.bias', 'wrapped_model.base_model.model.model.layer.1.attention.self.key.weight', 'wrapped_model.base_model.model.model.layer.1.attention.self.key.bias', 'wrapped_model.base_model.model.model.layer.1.attention.self.value.base_layer.weight', 'wrapped_model.base_model.model.model.layer.1.attention.self.value.base_layer.bias', 'wrapped_model.base_model.model.model.layer.1.attention.output.dense.weight', 'wrapped_model.base_model.model.model.layer.1.attention.output.dense.bias', 'wrapped_model.base_model.model.model.layer.1.attention.output.LayerNorm.weight', 'wrapped_model.base_model.model.model.layer.1.attention.output.LayerNorm.bias', 'wrapped_model.base_model.model.model.layer.1.intermediate.dense.weight', 'wrapped_model.base_model.model.model.layer.1.intermediate.dense.bias', 'wrapped_model.base_model.model.model.layer.1.output.dense.weight', 'wrapped_model.base_model.model.model.layer.1.output.dense.bias', 'wrapped_model.base_model.model.model.layer.1.output.LayerNorm.weight', 'wrapped_model.base_model.model.model.layer.1.output.LayerNorm.bias', 'wrapped_model.base_model.model.model.layer.2.attention.self.query.base_layer.weight', 'wrapped_model.base_model.model.model.layer.2.attention.self.query.base_layer.bias', 'wrapped_model.base_model.model.model.layer.2.attention.self.key.weight', 'wrapped_model.base_model.model.model.layer.2.attention.self.key.bias', 'wrapped_model.base_model.model.model.layer.2.attention.self.value.base_layer.weight', 'wrapped_model.base_model.model.model.layer.2.attention.self.value.base_layer.bias', 'wrapped_model.base_model.model.model.layer.2.attention.output.dense.weight', 'wrapped_model.base_model.model.model.layer.2.attention.output.dense.bias', 'wrapped_model.base_model.model.model.layer.2.attention.output.LayerNorm.weight', 'wrapped_model.base_model.model.model.layer.2.attention.output.LayerNorm.bias', 'wrapped_model.base_model.model.model.layer.2.intermediate.dense.weight', 'wrapped_model.base_model.model.model.layer.2.intermediate.dense.bias', 'wrapped_model.base_model.model.model.layer.2.output.dense.weight', 'wrapped_model.base_model.model.model.layer.2.output.dense.bias', 'wrapped_model.base_model.model.model.layer.2.output.LayerNorm.weight', 'wrapped_model.base_model.model.model.layer.2.output.LayerNorm.bias', 'wrapped_model.base_model.model.model.layer.3.attention.self.query.base_layer.weight', 'wrapped_model.base_model.model.model.layer.3.attention.self.query.base_layer.bias', 'wrapped_model.base_model.model.model.layer.3.attention.self.key.weight', 'wrapped_model.base_model.model.model.layer.3.attention.self.key.bias', 'wrapped_model.base_model.model.model.layer.3.attention.self.value.base_layer.weight', 'wrapped_model.base_model.model.model.layer.3.attention.self.value.base_layer.bias', 'wrapped_model.base_model.model.model.layer.3.attention.output.dense.weight', 'wrapped_model.base_model.model.model.layer.3.attention.output.dense.bias', 'wrapped_model.base_model.model.model.layer.3.attention.output.LayerNorm.weight', 'wrapped_model.base_model.model.model.layer.3.attention.output.LayerNorm.bias', 'wrapped_model.base_model.model.model.layer.3.intermediate.dense.weight', 'wrapped_model.base_model.model.model.layer.3.intermediate.dense.bias', 'wrapped_model.base_model.model.model.layer.3.output.dense.weight', 'wrapped_model.base_model.model.model.layer.3.output.dense.bias', 'wrapped_model.base_model.model.model.layer.3.output.LayerNorm.weight', 'wrapped_model.base_model.model.model.layer.3.output.LayerNorm.bias', 'wrapped_model.base_model.model.model.layer.4.attention.self.query.base_layer.weight', 'wrapped_model.base_model.model.model.layer.4.attention.self.query.base_layer.bias', 'wrapped_model.base_model.model.model.layer.4.attention.self.key.weight', 'wrapped_model.base_model.model.model.layer.4.attention.self.key.bias', 'wrapped_model.base_model.model.model.layer.4.attention.self.value.base_layer.weight', 'wrapped_model.base_model.model.model.layer.4.attention.self.value.base_layer.bias', 'wrapped_model.base_model.model.model.layer.4.attention.output.dense.weight', 'wrapped_model.base_model.model.model.layer.4.attention.output.dense.bias', 'wrapped_model.base_model.model.model.layer.4.attention.output.LayerNorm.weight', 'wrapped_model.base_model.model.model.layer.4.attention.output.LayerNorm.bias', 'wrapped_model.base_model.model.model.layer.4.intermediate.dense.weight', 'wrapped_model.base_model.model.model.layer.4.intermediate.dense.bias', 'wrapped_model.base_model.model.model.layer.4.output.dense.weight', 'wrapped_model.base_model.model.model.layer.4.output.dense.bias', 'wrapped_model.base_model.model.model.layer.4.output.LayerNorm.weight', 'wrapped_model.base_model.model.model.layer.4.output.LayerNorm.bias', 'wrapped_model.base_model.model.model.layer.5.attention.self.query.base_layer.weight', 'wrapped_model.base_model.model.model.layer.5.attention.self.query.base_layer.bias', 'wrapped_model.base_model.model.model.layer.5.attention.self.key.weight', 'wrapped_model.base_model.model.model.layer.5.attention.self.key.bias', 'wrapped_model.base_model.model.model.layer.5.attention.self.value.base_layer.weight', 'wrapped_model.base_model.model.model.layer.5.attention.self.value.base_layer.bias', 'wrapped_model.base_model.model.model.layer.5.attention.output.dense.weight', 'wrapped_model.base_model.model.model.layer.5.attention.output.dense.bias', 'wrapped_model.base_model.model.model.layer.5.attention.output.LayerNorm.weight', 'wrapped_model.base_model.model.model.layer.5.attention.output.LayerNorm.bias', 'wrapped_model.base_model.model.model.layer.5.intermediate.dense.weight', 'wrapped_model.base_model.model.model.layer.5.intermediate.dense.bias', 'wrapped_model.base_model.model.model.layer.5.output.dense.weight', 'wrapped_model.base_model.model.model.layer.5.output.dense.bias', 'wrapped_model.base_model.model.model.layer.5.output.LayerNorm.weight', 'wrapped_model.base_model.model.model.layer.5.output.LayerNorm.bias', 'wrapped_model.base_model.model.model.layer.6.attention.self.query.base_layer.weight', 'wrapped_model.base_model.model.model.layer.6.attention.self.query.base_layer.bias', 'wrapped_model.base_model.model.model.layer.6.attention.self.key.weight', 'wrapped_model.base_model.model.model.layer.6.attention.self.key.bias', 'wrapped_model.base_model.model.model.layer.6.attention.self.value.base_layer.weight', 'wrapped_model.base_model.model.model.layer.6.attention.self.value.base_layer.bias', 'wrapped_model.base_model.model.model.layer.6.attention.output.dense.weight', 'wrapped_model.base_model.model.model.layer.6.attention.output.dense.bias', 'wrapped_model.base_model.model.model.layer.6.attention.output.LayerNorm.weight', 'wrapped_model.base_model.model.model.layer.6.attention.output.LayerNorm.bias', 'wrapped_model.base_model.model.model.layer.6.intermediate.dense.weight', 'wrapped_model.base_model.model.model.layer.6.intermediate.dense.bias', 'wrapped_model.base_model.model.model.layer.6.output.dense.weight', 'wrapped_model.base_model.model.model.layer.6.output.dense.bias', 'wrapped_model.base_model.model.model.layer.6.output.LayerNorm.weight', 'wrapped_model.base_model.model.model.layer.6.output.LayerNorm.bias', 'wrapped_model.base_model.model.model.layer.7.attention.self.query.base_layer.weight', 'wrapped_model.base_model.model.model.layer.7.attention.self.query.base_layer.bias', 'wrapped_model.base_model.model.model.layer.7.attention.self.key.weight', 'wrapped_model.base_model.model.model.layer.7.attention.self.key.bias', 'wrapped_model.base_model.model.model.layer.7.attention.self.value.base_layer.weight', 'wrapped_model.base_model.model.model.layer.7.attention.self.value.base_layer.bias', 'wrapped_model.base_model.model.model.layer.7.attention.output.dense.weight', 'wrapped_model.base_model.model.model.layer.7.attention.output.dense.bias', 'wrapped_model.base_model.model.model.layer.7.attention.output.LayerNorm.weight', 'wrapped_model.base_model.model.model.layer.7.attention.output.LayerNorm.bias', 'wrapped_model.base_model.model.model.layer.7.intermediate.dense.weight', 'wrapped_model.base_model.model.model.layer.7.intermediate.dense.bias', 'wrapped_model.base_model.model.model.layer.7.output.dense.weight', 'wrapped_model.base_model.model.model.layer.7.output.dense.bias', 'wrapped_model.base_model.model.model.layer.7.output.LayerNorm.weight', 'wrapped_model.base_model.model.model.layer.7.output.LayerNorm.bias', 'wrapped_model.base_model.model.model.layer.8.attention.self.query.base_layer.weight', 'wrapped_model.base_model.model.model.layer.8.attention.self.query.base_layer.bias', 'wrapped_model.base_model.model.model.layer.8.attention.self.key.weight', 'wrapped_model.base_model.model.model.layer.8.attention.self.key.bias', 'wrapped_model.base_model.model.model.layer.8.attention.self.value.base_layer.weight', 'wrapped_model.base_model.model.model.layer.8.attention.self.value.base_layer.bias', 'wrapped_model.base_model.model.model.layer.8.attention.output.dense.weight', 'wrapped_model.base_model.model.model.layer.8.attention.output.dense.bias', 'wrapped_model.base_model.model.model.layer.8.attention.output.LayerNorm.weight', 'wrapped_model.base_model.model.model.layer.8.attention.output.LayerNorm.bias', 'wrapped_model.base_model.model.model.layer.8.intermediate.dense.weight', 'wrapped_model.base_model.model.model.layer.8.intermediate.dense.bias', 'wrapped_model.base_model.model.model.layer.8.output.dense.weight', 'wrapped_model.base_model.model.model.layer.8.output.dense.bias', 'wrapped_model.base_model.model.model.layer.8.output.LayerNorm.weight', 'wrapped_model.base_model.model.model.layer.8.output.LayerNorm.bias', 'wrapped_model.base_model.model.model.layer.9.attention.self.query.base_layer.weight', 'wrapped_model.base_model.model.model.layer.9.attention.self.query.base_layer.bias', 'wrapped_model.base_model.model.model.layer.9.attention.self.key.weight', 'wrapped_model.base_model.model.model.layer.9.attention.self.key.bias', 'wrapped_model.base_model.model.model.layer.9.attention.self.value.base_layer.weight', 'wrapped_model.base_model.model.model.layer.9.attention.self.value.base_layer.bias', 'wrapped_model.base_model.model.model.layer.9.attention.output.dense.weight', 'wrapped_model.base_model.model.model.layer.9.attention.output.dense.bias', 'wrapped_model.base_model.model.model.layer.9.attention.output.LayerNorm.weight', 'wrapped_model.base_model.model.model.layer.9.attention.output.LayerNorm.bias', 'wrapped_model.base_model.model.model.layer.9.intermediate.dense.weight', 'wrapped_model.base_model.model.model.layer.9.intermediate.dense.bias', 'wrapped_model.base_model.model.model.layer.9.output.dense.weight', 'wrapped_model.base_model.model.model.layer.9.output.dense.bias', 'wrapped_model.base_model.model.model.layer.9.output.LayerNorm.weight', 'wrapped_model.base_model.model.model.layer.9.output.LayerNorm.bias', 'wrapped_model.base_model.model.model.layer.10.attention.self.query.base_layer.weight', 'wrapped_model.base_model.model.model.layer.10.attention.self.query.base_layer.bias', 'wrapped_model.base_model.model.model.layer.10.attention.self.key.weight', 'wrapped_model.base_model.model.model.layer.10.attention.self.key.bias', 'wrapped_model.base_model.model.model.layer.10.attention.self.value.base_layer.weight', 'wrapped_model.base_model.model.model.layer.10.attention.self.value.base_layer.bias', 'wrapped_model.base_model.model.model.layer.10.attention.output.dense.weight', 'wrapped_model.base_model.model.model.layer.10.attention.output.dense.bias', 'wrapped_model.base_model.model.model.layer.10.attention.output.LayerNorm.weight', 'wrapped_model.base_model.model.model.layer.10.attention.output.LayerNorm.bias', 'wrapped_model.base_model.model.model.layer.10.intermediate.dense.weight', 'wrapped_model.base_model.model.model.layer.10.intermediate.dense.bias', 'wrapped_model.base_model.model.model.layer.10.output.dense.weight', 'wrapped_model.base_model.model.model.layer.10.output.dense.bias', 'wrapped_model.base_model.model.model.layer.10.output.LayerNorm.weight', 'wrapped_model.base_model.model.model.layer.10.output.LayerNorm.bias', 'wrapped_model.base_model.model.model.layer.11.attention.self.query.base_layer.weight', 'wrapped_model.base_model.model.model.layer.11.attention.self.query.base_layer.bias', 'wrapped_model.base_model.model.model.layer.11.attention.self.key.weight', 'wrapped_model.base_model.model.model.layer.11.attention.self.key.bias', 'wrapped_model.base_model.model.model.layer.11.attention.self.value.base_layer.weight', 'wrapped_model.base_model.model.model.layer.11.attention.self.value.base_layer.bias', 'wrapped_model.base_model.model.model.layer.11.attention.output.dense.weight', 'wrapped_model.base_model.model.model.layer.11.attention.output.dense.bias', 'wrapped_model.base_model.model.model.layer.11.attention.output.LayerNorm.weight', 'wrapped_model.base_model.model.model.layer.11.attention.output.LayerNorm.bias', 'wrapped_model.base_model.model.model.layer.11.intermediate.dense.weight', 'wrapped_model.base_model.model.model.layer.11.intermediate.dense.bias', 'wrapped_model.base_model.model.model.layer.11.output.dense.weight', 'wrapped_model.base_model.model.model.layer.11.output.dense.bias', 'wrapped_model.base_model.model.model.layer.11.output.LayerNorm.weight', 'wrapped_model.base_model.model.model.layer.11.output.LayerNorm.bias', 'wrapped_model.base_model.model.local_embedding.weight', 'wrapped_model.base_model.model.local_encoder.embed_positions.weight', 'wrapped_model.base_model.model.local_encoder.layer.0.attention.self.query.base_layer.weight', 'wrapped_model.base_model.model.local_encoder.layer.0.attention.self.query.base_layer.bias', 'wrapped_model.base_model.model.local_encoder.layer.0.attention.self.key.weight', 'wrapped_model.base_model.model.local_encoder.layer.0.attention.self.key.bias', 'wrapped_model.base_model.model.local_encoder.layer.0.attention.self.value.base_layer.weight', 'wrapped_model.base_model.model.local_encoder.layer.0.attention.self.value.base_layer.bias', 'wrapped_model.base_model.model.local_encoder.layer.0.attention.output.dense.weight', 'wrapped_model.base_model.model.local_encoder.layer.0.attention.output.dense.bias', 'wrapped_model.base_model.model.local_encoder.layer.0.attention.output.LayerNorm.weight', 'wrapped_model.base_model.model.local_encoder.layer.0.attention.output.LayerNorm.bias', 'wrapped_model.base_model.model.local_encoder.layer.0.intermediate.dense.weight', 'wrapped_model.base_model.model.local_encoder.layer.0.intermediate.dense.bias', 'wrapped_model.base_model.model.local_encoder.layer.0.output.dense.weight', 'wrapped_model.base_model.model.local_encoder.layer.0.output.dense.bias', 'wrapped_model.base_model.model.local_encoder.layer.0.output.LayerNorm.weight', 'wrapped_model.base_model.model.local_encoder.layer.0.output.LayerNorm.bias', 'wrapped_model.base_model.model.local_encoder.layer.1.attention.self.query.base_layer.weight', 'wrapped_model.base_model.model.local_encoder.layer.1.attention.self.query.base_layer.bias', 'wrapped_model.base_model.model.local_encoder.layer.1.attention.self.key.weight', 'wrapped_model.base_model.model.local_encoder.layer.1.attention.self.key.bias', 'wrapped_model.base_model.model.local_encoder.layer.1.attention.self.value.base_layer.weight', 'wrapped_model.base_model.model.local_encoder.layer.1.attention.self.value.base_layer.bias', 'wrapped_model.base_model.model.local_encoder.layer.1.attention.output.dense.weight', 'wrapped_model.base_model.model.local_encoder.layer.1.attention.output.dense.bias', 'wrapped_model.base_model.model.local_encoder.layer.1.attention.output.LayerNorm.weight', 'wrapped_model.base_model.model.local_encoder.layer.1.attention.output.LayerNorm.bias', 'wrapped_model.base_model.model.local_encoder.layer.1.intermediate.dense.weight', 'wrapped_model.base_model.model.local_encoder.layer.1.intermediate.dense.bias', 'wrapped_model.base_model.model.local_encoder.layer.1.output.dense.weight', 'wrapped_model.base_model.model.local_encoder.layer.1.output.dense.bias', 'wrapped_model.base_model.model.local_encoder.layer.1.output.LayerNorm.weight', 'wrapped_model.base_model.model.local_encoder.layer.1.output.LayerNorm.bias', 'wrapped_model.base_model.model.local_encoder.layer.2.attention.self.query.base_layer.weight', 'wrapped_model.base_model.model.local_encoder.layer.2.attention.self.query.base_layer.bias', 'wrapped_model.base_model.model.local_encoder.layer.2.attention.self.key.weight', 'wrapped_model.base_model.model.local_encoder.layer.2.attention.self.key.bias', 'wrapped_model.base_model.model.local_encoder.layer.2.attention.self.value.base_layer.weight', 'wrapped_model.base_model.model.local_encoder.layer.2.attention.self.value.base_layer.bias', 'wrapped_model.base_model.model.local_encoder.layer.2.attention.output.dense.weight', 'wrapped_model.base_model.model.local_encoder.layer.2.attention.output.dense.bias', 'wrapped_model.base_model.model.local_encoder.layer.2.attention.output.LayerNorm.weight', 'wrapped_model.base_model.model.local_encoder.layer.2.attention.output.LayerNorm.bias', 'wrapped_model.base_model.model.local_encoder.layer.2.intermediate.dense.weight', 'wrapped_model.base_model.model.local_encoder.layer.2.intermediate.dense.bias', 'wrapped_model.base_model.model.local_encoder.layer.2.output.dense.weight', 'wrapped_model.base_model.model.local_encoder.layer.2.output.dense.bias', 'wrapped_model.base_model.model.local_encoder.layer.2.output.LayerNorm.weight', 'wrapped_model.base_model.model.local_encoder.layer.2.output.LayerNorm.bias', 'wrapped_model.base_model.model.local_decoder.embed_positions.weight', 'wrapped_model.base_model.model.local_decoder.layer.0.attention.self.query.base_layer.weight', 'wrapped_model.base_model.model.local_decoder.layer.0.attention.self.query.base_layer.bias', 'wrapped_model.base_model.model.local_decoder.layer.0.attention.self.key.weight', 'wrapped_model.base_model.model.local_decoder.layer.0.attention.self.key.bias', 'wrapped_model.base_model.model.local_decoder.layer.0.attention.self.value.base_layer.weight', 'wrapped_model.base_model.model.local_decoder.layer.0.attention.self.value.base_layer.bias', 'wrapped_model.base_model.model.local_decoder.layer.0.attention.output.dense.weight', 'wrapped_model.base_model.model.local_decoder.layer.0.attention.output.dense.bias', 'wrapped_model.base_model.model.local_decoder.layer.0.attention.output.LayerNorm.weight', 'wrapped_model.base_model.model.local_decoder.layer.0.attention.output.LayerNorm.bias', 'wrapped_model.base_model.model.local_decoder.layer.0.intermediate.dense.weight', 'wrapped_model.base_model.model.local_decoder.layer.0.intermediate.dense.bias', 'wrapped_model.base_model.model.local_decoder.layer.0.output.dense.weight', 'wrapped_model.base_model.model.local_decoder.layer.0.output.dense.bias', 'wrapped_model.base_model.model.local_decoder.layer.0.output.LayerNorm.weight', 'wrapped_model.base_model.model.local_decoder.layer.0.output.LayerNorm.bias', 'wrapped_model.base_model.model.local_decoder.layer.1.attention.self.query.base_layer.weight', 'wrapped_model.base_model.model.local_decoder.layer.1.attention.self.query.base_layer.bias', 'wrapped_model.base_model.model.local_decoder.layer.1.attention.self.key.weight', 'wrapped_model.base_model.model.local_decoder.layer.1.attention.self.key.bias', 'wrapped_model.base_model.model.local_decoder.layer.1.attention.self.value.base_layer.weight', 'wrapped_model.base_model.model.local_decoder.layer.1.attention.self.value.base_layer.bias', 'wrapped_model.base_model.model.local_decoder.layer.1.attention.output.dense.weight', 'wrapped_model.base_model.model.local_decoder.layer.1.attention.output.dense.bias', 'wrapped_model.base_model.model.local_decoder.layer.1.attention.output.LayerNorm.weight', 'wrapped_model.base_model.model.local_decoder.layer.1.attention.output.LayerNorm.bias', 'wrapped_model.base_model.model.local_decoder.layer.1.intermediate.dense.weight', 'wrapped_model.base_model.model.local_decoder.layer.1.intermediate.dense.bias', 'wrapped_model.base_model.model.local_decoder.layer.1.output.dense.weight', 'wrapped_model.base_model.model.local_decoder.layer.1.output.dense.bias', 'wrapped_model.base_model.model.local_decoder.layer.1.output.LayerNorm.weight', 'wrapped_model.base_model.model.local_decoder.layer.1.output.LayerNorm.bias', 'wrapped_model.base_model.model.local_decoder.layer.2.attention.self.query.base_layer.weight', 'wrapped_model.base_model.model.local_decoder.layer.2.attention.self.query.base_layer.bias', 'wrapped_model.base_model.model.local_decoder.layer.2.attention.self.key.weight', 'wrapped_model.base_model.model.local_decoder.layer.2.attention.self.key.bias', 'wrapped_model.base_model.model.local_decoder.layer.2.attention.self.value.base_layer.weight', 'wrapped_model.base_model.model.local_decoder.layer.2.attention.self.value.base_layer.bias', 'wrapped_model.base_model.model.local_decoder.layer.2.attention.output.dense.weight', 'wrapped_model.base_model.model.local_decoder.layer.2.attention.output.dense.bias', 'wrapped_model.base_model.model.local_decoder.layer.2.attention.output.LayerNorm.weight', 'wrapped_model.base_model.model.local_decoder.layer.2.attention.output.LayerNorm.bias', 'wrapped_model.base_model.model.local_decoder.layer.2.intermediate.dense.weight', 'wrapped_model.base_model.model.local_decoder.layer.2.intermediate.dense.bias', 'wrapped_model.base_model.model.local_decoder.layer.2.output.dense.weight', 'wrapped_model.base_model.model.local_decoder.layer.2.output.dense.bias', 'wrapped_model.base_model.model.local_decoder.layer.2.output.LayerNorm.weight', 'wrapped_model.base_model.model.local_decoder.layer.2.output.LayerNorm.bias', 'wrapped_model.base_model.model.final_decoder.weight', 'wrapped_model.base_model.model.final_decoder.bias', 'yinyang_attn.0.pos.r_pos.relative', 'yinyang_attn.1.pos.r_pos.relative', 'yinyang_attn.2.pos.r_pos.relative', 'yinyang_attn.3.pos.r_pos.relative', 'yinyang_attn.4.pos.r_pos.relative', 'yinyang_attn.5.pos.r_pos.relative']
/home/xinyue.li/Mitosis/midi_yinyang/cp_transformer_yinyang_inference.py:16: UserWarning: To copy construct from a tensor, it is recommended to use sourceTensor.clone().detach() or sourceTensor.clone().detach().requires_grad_(True), rather than torch.tensor(sourceTensor).
  x = torch.tensor(byte_arr).unsqueeze(0)
Traceback (most recent call last):
  File "/home/xinyue.li/Mitosis/midi_yinyang/yinyang_e3_driver.py", line 258, in main
    cond_continuation(
  File "/home/xinyue.li/Mitosis/midi_yinyang/cp_transformer_yinyang_inference.py", line 86, in cond_continuation
    x1, x2 = decompress(model, preprocess_midi(midi_path, 16, ins_ids=ins_ids, filter=False, fixed_length=generation_length)[0])
TypeError: 'NoneType' object is not subscriptable
[load] ckpt/cp_transformer_yinyang_v5.1_lora_batch_8_pop909_cp8_v2_chord_mel_mask0.25-10-step1/cp_transformer_yinyang_v5.1_lora_batch_8_pop909_cp8_v2_chord_mel_mask0.25-10-step1.epoch=00.val_loss=0.35882.ckpt
285 source midis; direction=chord2mel ins_ids=['track-1', 'track-0']
=== [1/285] 001__s0
  [tempo] output_bpm=120.00
torch.Size([1, 416, 32]) torch.Size([1, 416, 32])
Yinyang Sampling
Sampling 80 / 416
Sampling 90 / 416
Sampling 100 / 416
Sampling 110 / 416
Sampling 120 / 416
Sampling 130 / 416
Sampling 140 / 416
Sampling 150 / 416
Sampling 160 / 416
Sampling 170 / 416
Sampling 180 / 416
Sampling 190 / 416
Sampling 200 / 416
Sampling 210 / 416
Sampling 220 / 416
Sampling 230 / 416
Sampling 240 / 416
Sampling 250 / 416
Sampling 260 / 416
Sampling 270 / 416
Sampling 280 / 416
Sampling 290 / 416
Sampling 300 / 416
Sampling 310 / 416
Sampling 320 / 416
Sampling 330 / 416
Sampling 340 / 416
Sampling 350 / 416
Sampling 360 / 416
Sampling 370 / 416
Sampling 380 / 416
Sampling 390 / 416
Sampling 400 / 416
Sampling 410 / 416
  -> temp/E1_v5b/P-cm/3_y_conditional/001__s0/chord2mel
=== [2/285] 001__s1
  [tempo] output_bpm=120.00
torch.Size([1, 416, 32]) torch.Size([1, 416, 32])
Yinyang Sampling
Sampling 80 / 416
Sampling 90 / 416
Sampling 100 / 416
Sampling 110 / 416
Sampling 120 / 416
Sampling 130 / 416
Sampling 140 / 416
Sampling 150 / 416
Sampling 160 / 416
Sampling 170 / 416
Sampling 180 / 416
Sampling 190 / 416
Sampling 200 / 416
Sampling 210 / 416
Sampling 220 / 416
Sampling 230 / 416
Sampling 240 / 416
Sampling 250 / 416
Sampling 260 / 416
Sampling 270 / 416
Sampling 280 / 416
Sampling 290 / 416
Sampling 300 / 416
Sampling 310 / 416
Sampling 320 / 416
Sampling 330 / 416
Sampling 340 / 416
Sampling 350 / 416
Sampling 360 / 416
Sampling 370 / 416
Sampling 380 / 416
Sampling 390 / 416
Sampling 400 / 416
Sampling 410 / 416
  -> temp/E1_v5b/P-cm/3_y_conditional/001__s1/chord2mel
=== [3/285] 001__s2
  [tempo] output_bpm=120.00
torch.Size([1, 416, 32]) torch.Size([1, 416, 32])
Yinyang Sampling
Sampling 80 / 416
Sampling 90 / 416
Sampling 100 / 416
Sampling 110 / 416
Sampling 120 / 416
Sampling 130 / 416
Sampling 140 / 416
Sampling 150 / 416
Sampling 160 / 416
Sampling 170 / 416
Sampling 180 / 416
Sampling 190 / 416
Sampling 200 / 416
Sampling 210 / 416
Sampling 220 / 416
Sampling 230 / 416
Sampling 240 / 416
Sampling 250 / 416
Sampling 260 / 416
Sampling 270 / 416
Sampling 280 / 416
Sampling 290 / 416
Sampling 300 / 416
Sampling 310 / 416
Sampling 320 / 416
Sampling 330 / 416
Sampling 340 / 416
Sampling 350 / 416
Sampling 360 / 416
Sampling 370 / 416
Sampling 380 / 416
Sampling 390 / 416
Sampling 400 / 416
Sampling 410 / 416
  -> temp/E1_v5b/P-cm/3_y_conditional/001__s2/chord2mel
=== [4/285] 002__s0
  [tempo] output_bpm=120.00
torch.Size([1, 416, 32]) torch.Size([1, 416, 32])
Yinyang Sampling
Sampling 80 / 416
Sampling 90 / 416
Sampling 100 / 416
Sampling 110 / 416
Sampling 120 / 416
Sampling 130 / 416
Sampling 140 / 416
Sampling 150 / 416
Sampling 160 / 416
Sampling 170 / 416
Sampling 180 / 416
Sampling 190 / 416
Sampling 200 / 416
Sampling 210 / 416
Sampling 220 / 416
Sampling 230 / 416
Sampling 240 / 416
Sampling 250 / 416
Sampling 260 / 416
Sampling 270 / 416
Sampling 280 / 416
Sampling 290 / 416
Sampling 300 / 416
Sampling 310 / 416
Sampling 320 / 416
Sampling 330 / 416
Sampling 340 / 416
Sampling 350 / 416
Sampling 360 / 416
Sampling 370 / 416
Sampling 380 / 416
Sampling 390 / 416
Sampling 400 / 416
Sampling 410 / 416
  -> temp/E1_v5b/P-cm/3_y_conditional/002__s0/chord2mel
=== [5/285] 002__s1
  [tempo] output_bpm=120.00
torch.Size([1, 416, 32]) torch.Size([1, 416, 32])
Yinyang Sampling
Sampling 80 / 416
Sampling 90 / 416
Sampling 100 / 416
Sampling 110 / 416
Sampling 120 / 416
Sampling 130 / 416
Sampling 140 / 416
Sampling 150 / 416
Sampling 160 / 416
Sampling 170 / 416
Sampling 180 / 416
Sampling 190 / 416
Sampling 200 / 416
Sampling 210 / 416
Sampling 220 / 416
Sampling 230 / 416
Sampling 240 / 416
Sampling 250 / 416
Sampling 260 / 416
Sampling 270 / 416
Sampling 280 / 416
Sampling 290 / 416
Sampling 300 / 416
Sampling 310 / 416
Sampling 320 / 416
Sampling 330 / 416
Sampling 340 / 416
Sampling 350 / 416
Sampling 360 / 416
Sampling 370 / 416
Sampling 380 / 416
Sampling 390 / 416
Sampling 400 / 416
Sampling 410 / 416
  -> temp/E1_v5b/P-cm/3_y_conditional/002__s1/chord2mel
=== [6/285] 002__s2
  [tempo] output_bpm=120.00
torch.Size([1, 416, 32]) torch.Size([1, 416, 32])
Yinyang Sampling
Sampling 80 / 416
Sampling 90 / 416
Sampling 100 / 416
Sampling 110 / 416
Sampling 120 / 416
Sampling 130 / 416
Sampling 140 / 416
Sampling 150 / 416
Sampling 160 / 416
Sampling 170 / 416
Sampling 180 / 416
Sampling 190 / 416
Sampling 200 / 416
Sampling 210 / 416
Sampling 220 / 416
Sampling 230 / 416
Sampling 240 / 416
Sampling 250 / 416
Sampling 260 / 416
Sampling 270 / 416
Sampling 280 / 416
Sampling 290 / 416
Sampling 300 / 416
Sampling 310 / 416
Sampling 320 / 416
Sampling 330 / 416
Sampling 340 / 416
Sampling 350 / 416
Sampling 360 / 416
Sampling 370 / 416
Sampling 380 / 416
Sampling 390 / 416
Sampling 400 / 416
Sampling 410 / 416
  -> temp/E1_v5b/P-cm/3_y_conditional/002__s2/chord2mel
=== [7/285] 003__s0
  [tempo] output_bpm=120.00
torch.Size([1, 416, 32]) torch.Size([1, 416, 32])
Yinyang Sampling
Sampling 80 / 416
Sampling 90 / 416
Sampling 100 / 416
Sampling 110 / 416
Sampling 120 / 416
Sampling 130 / 416
Sampling 140 / 416
Sampling 150 / 416
Sampling 160 / 416
Sampling 170 / 416
Sampling 180 / 416
Sampling 190 / 416
Sampling 200 / 416
Sampling 210 / 416
Sampling 220 / 416
Sampling 230 / 416
Sampling 240 / 416
Sampling 250 / 416
Sampling 260 / 416
Sampling 270 / 416
Sampling 280 / 416
Sampling 290 / 416
Sampling 300 / 416
Sampling 310 / 416
Sampling 320 / 416
Sampling 330 / 416
Sampling 340 / 416
Sampling 350 / 416
Sampling 360 / 416
Sampling 370 / 416
Sampling 380 / 416
Sampling 390 / 416
Sampling 400 / 416
Sampling 410 / 416
  -> temp/E1_v5b/P-cm/3_y_conditional/003__s0/chord2mel
=== [8/285] 003__s1
  [tempo] output_bpm=120.00
torch.Size([1, 416, 32]) torch.Size([1, 416, 32])
Yinyang Sampling
Sampling 80 / 416
Sampling 90 / 416
Sampling 100 / 416
Sampling 110 / 416
Sampling 120 / 416
Sampling 130 / 416
Sampling 140 / 416
Sampling 150 / 416
Sampling 160 / 416
Sampling 170 / 416
Sampling 180 / 416
Sampling 190 / 416
Sampling 200 / 416
Sampling 210 / 416
Sampling 220 / 416
Sampling 230 / 416
Sampling 240 / 416
Sampling 250 / 416
Sampling 260 / 416
Sampling 270 / 416
Sampling 280 / 416
Sampling 290 / 416
Sampling 300 / 416
Sampling 310 / 416
Sampling 320 / 416
Sampling 330 / 416
Sampling 340 / 416
Sampling 350 / 416
Sampling 360 / 416
Sampling 370 / 416
Sampling 380 / 416
Sampling 390 / 416
Sampling 400 / 416
Sampling 410 / 416
  -> temp/E1_v5b/P-cm/3_y_conditional/003__s1/chord2mel
=== [9/285] 003__s2
  [tempo] output_bpm=120.00
torch.Size([1, 416, 32]) torch.Size([1, 416, 32])
Yinyang Sampling
Sampling 80 / 416
Sampling 90 / 416
Sampling 100 / 416
Sampling 110 / 416
Sampling 120 / 416
Sampling 130 / 416
Sampling 140 / 416
Sampling 150 / 416
Sampling 160 / 416
Sampling 170 / 416
Sampling 180 / 416
Sampling 190 / 416
Sampling 200 / 416
Sampling 210 / 416
Sampling 220 / 416
Sampling 230 / 416
Sampling 240 / 416
Sampling 250 / 416
Sampling 260 / 416
Sampling 270 / 416
Sampling 280 / 416
Sampling 290 / 416
Sampling 300 / 416
Sampling 310 / 416
Sampling 320 / 416
Sampling 330 / 416
Sampling 340 / 416
Sampling 350 / 416
Sampling 360 / 416
Sampling 370 / 416
Sampling 380 / 416
Sampling 390 / 416
Sampling 400 / 416
Sampling 410 / 416
  -> temp/E1_v5b/P-cm/3_y_conditional/003__s2/chord2mel
=== [10/285] 004__s0
  [tempo] output_bpm=120.00
torch.Size([1, 416, 32]) torch.Size([1, 416, 32])
Yinyang Sampling
Sampling 80 / 416
Sampling 90 / 416
Sampling 100 / 416
Sampling 110 / 416
Sampling 120 / 416
Sampling 130 / 416
Sampling 140 / 416
Sampling 150 / 416
Sampling 160 / 416
Sampling 170 / 416
Sampling 180 / 416
Sampling 190 / 416
Sampling 200 / 416
Sampling 210 / 416
Sampling 220 / 416
Sampling 230 / 416
Sampling 240 / 416
Sampling 250 / 416
Sampling 260 / 416
Sampling 270 / 416
Sampling 280 / 416
Sampling 290 / 416
Sampling 300 / 416
Sampling 310 / 416
Sampling 320 / 416
Sampling 330 / 416
Sampling 340 / 416
Sampling 350 / 416
Sampling 360 / 416
Sampling 370 / 416
Sampling 380 / 416
Sampling 390 / 416
Sampling 400 / 416
Sampling 410 / 416
  -> temp/E1_v5b/P-cm/3_y_conditional/004__s0/chord2mel
=== [11/285] 004__s1
  [tempo] output_bpm=120.00
torch.Size([1, 416, 32]) torch.Size([1, 416, 32])
Yinyang Sampling
Sampling 80 / 416
Sampling 90 / 416
Sampling 100 / 416
Sampling 110 / 416
Sampling 120 / 416
Sampling 130 / 416
Sampling 140 / 416
Sampling 150 / 416
Sampling 160 / 416
Sampling 170 / 416
Sampling 180 / 416
Sampling 190 / 416
Sampling 200 / 416
Sampling 210 / 416
Sampling 220 / 416
Sampling 230 / 416
Sampling 240 / 416
Sampling 250 / 416
Sampling 260 / 416
Sampling 270 / 416
Sampling 280 / 416
Sampling 290 / 416
Sampling 300 / 416
Sampling 310 / 416
Sampling 320 / 416
Sampling 330 / 416
Sampling 340 / 416
Sampling 350 / 416
Sampling 360 / 416
Sampling 370 / 416
Sampling 380 / 416
Sampling 390 / 416
Sampling 400 / 416
Sampling 410 / 416
  -> temp/E1_v5b/P-cm/3_y_conditional/004__s1/chord2mel
=== [12/285] 004__s2
  [tempo] output_bpm=120.00
torch.Size([1, 416, 32]) torch.Size([1, 416, 32])
Yinyang Sampling
Sampling 80 / 416
Sampling 90 / 416
Sampling 100 / 416
Sampling 110 / 416
Sampling 120 / 416
Sampling 130 / 416
Sampling 140 / 416
Sampling 150 / 416
Sampling 160 / 416
Sampling 170 / 416
Sampling 180 / 416
Sampling 190 / 416
Sampling 200 / 416
Sampling 210 / 416
Sampling 220 / 416
Sampling 230 / 416
Sampling 240 / 416
Sampling 250 / 416
Sampling 260 / 416
Sampling 270 / 416
Sampling 280 / 416
Sampling 290 / 416
Sampling 300 / 416
Sampling 310 / 416
Sampling 320 / 416
Sampling 330 / 416
Sampling 340 / 416
Sampling 350 / 416
Sampling 360 / 416
Sampling 370 / 416
Sampling 380 / 416
Sampling 390 / 416
Sampling 400 / 416
Sampling 410 / 416
  -> temp/E1_v5b/P-cm/3_y_conditional/004__s2/chord2mel
=== [13/285] 005__s0
  [tempo] output_bpm=120.00
torch.Size([1, 416, 32]) torch.Size([1, 416, 32])
Yinyang Sampling
Sampling 80 / 416
Sampling 90 / 416
Sampling 100 / 416
Sampling 110 / 416
Sampling 120 / 416
Sampling 130 / 416
Sampling 140 / 416
Sampling 150 / 416
Sampling 160 / 416
Sampling 170 / 416
Sampling 180 / 416
Sampling 190 / 416
Sampling 200 / 416
Sampling 210 / 416
Sampling 220 / 416
Sampling 230 / 416
Sampling 240 / 416
Sampling 250 / 416
Sampling 260 / 416
Sampling 270 / 416
Sampling 280 / 416
Sampling 290 / 416
Sampling 300 / 416
Sampling 310 / 416
Sampling 320 / 416
Sampling 330 / 416
Sampling 340 / 416
Sampling 350 / 416
Sampling 360 / 416
Sampling 370 / 416
Sampling 380 / 416
Sampling 390 / 416
Sampling 400 / 416
Sampling 410 / 416
  -> temp/E1_v5b/P-cm/3_y_conditional/005__s0/chord2mel
=== [14/285] 005__s1
  [tempo] output_bpm=120.00
torch.Size([1, 416, 32]) torch.Size([1, 416, 32])
Yinyang Sampling
Sampling 80 / 416
Sampling 90 / 416
Sampling 100 / 416
Sampling 110 / 416
Sampling 120 / 416
Sampling 130 / 416
Sampling 140 / 416
Sampling 150 / 416
Sampling 160 / 416
Sampling 170 / 416
Sampling 180 / 416
Sampling 190 / 416
Sampling 200 / 416
Sampling 210 / 416
Sampling 220 / 416
Sampling 230 / 416
Sampling 240 / 416
Sampling 250 / 416
Sampling 260 / 416
Sampling 270 / 416
Sampling 280 / 416
Sampling 290 / 416
Sampling 300 / 416
Sampling 310 / 416
Sampling 320 / 416
Sampling 330 / 416
Sampling 340 / 416
Sampling 350 / 416
Sampling 360 / 416
Sampling 370 / 416
Sampling 380 / 416
Sampling 390 / 416
Sampling 400 / 416
Sampling 410 / 416
  -> temp/E1_v5b/P-cm/3_y_conditional/005__s1/chord2mel
=== [15/285] 005__s2
  [tempo] output_bpm=120.00
torch.Size([1, 416, 32]) torch.Size([1, 416, 32])
Yinyang Sampling
Sampling 80 / 416
Sampling 90 / 416
Sampling 100 / 416
Sampling 110 / 416
Sampling 120 / 416
Sampling 130 / 416
Sampling 140 / 416
Sampling 150 / 416
Sampling 160 / 416
Sampling 170 / 416
Sampling 180 / 416
Sampling 190 / 416
Sampling 200 / 416
Sampling 210 / 416
Sampling 220 / 416
Sampling 230 / 416
Sampling 240 / 416
Sampling 250 / 416
Sampling 260 / 416
Sampling 270 / 416
Sampling 280 / 416
Sampling 290 / 416
Sampling 300 / 416
Sampling 310 / 416
Sampling 320 / 416
Sampling 330 / 416
Sampling 340 / 416
Sampling 350 / 416
Sampling 360 / 416
Sampling 370 / 416
Sampling 380 / 416
Sampling 390 / 416
Sampling 400 / 416
Sampling 410 / 416
  -> temp/E1_v5b/P-cm/3_y_conditional/005__s2/chord2mel
=== [16/285] 006__s0
  [tempo] output_bpm=120.00
torch.Size([1, 416, 32]) torch.Size([1, 416, 32])
Yinyang Sampling
Sampling 80 / 416
Sampling 90 / 416
Sampling 100 / 416
Sampling 110 / 416
Sampling 120 / 416
Sampling 130 / 416
Sampling 140 / 416
Sampling 150 / 416
Sampling 160 / 416
Sampling 170 / 416
Sampling 180 / 416
Sampling 190 / 416
Sampling 200 / 416
Sampling 210 / 416
Sampling 220 / 416
Sampling 230 / 416
Sampling 240 / 416
Sampling 250 / 416
Sampling 260 / 416
Sampling 270 / 416
Sampling 280 / 416
Sampling 290 / 416
Sampling 300 / 416
Sampling 310 / 416
Sampling 320 / 416
Sampling 330 / 416
Sampling 340 / 416
Sampling 350 / 416
Sampling 360 / 416
Sampling 370 / 416
Sampling 380 / 416
Sampling 390 / 416
Sampling 400 / 416
Sampling 410 / 416
  -> temp/E1_v5b/P-cm/3_y_conditional/006__s0/chord2mel
=== [17/285] 006__s1
  [tempo] output_bpm=120.00
torch.Size([1, 416, 32]) torch.Size([1, 416, 32])
Yinyang Sampling
Sampling 80 / 416
Sampling 90 / 416
Sampling 100 / 416
Sampling 110 / 416
Sampling 120 / 416
Sampling 130 / 416
Sampling 140 / 416
Sampling 150 / 416
Sampling 160 / 416
Sampling 170 / 416
Sampling 180 / 416
Sampling 190 / 416
Sampling 200 / 416
Sampling 210 / 416
Sampling 220 / 416
Sampling 230 / 416
Sampling 240 / 416
Sampling 250 / 416
Sampling 260 / 416
Sampling 270 / 416
Sampling 280 / 416
Sampling 290 / 416
Sampling 300 / 416
Sampling 310 / 416
Sampling 320 / 416
Sampling 330 / 416
Sampling 340 / 416
Sampling 350 / 416
Sampling 360 / 416
Sampling 370 / 416
Sampling 380 / 416
Sampling 390 / 416
Sampling 400 / 416
Sampling 410 / 416
  -> temp/E1_v5b/P-cm/3_y_conditional/006__s1/chord2mel
=== [18/285] 006__s2
  [tempo] output_bpm=120.00
torch.Size([1, 416, 32]) torch.Size([1, 416, 32])
Yinyang Sampling
Sampling 80 / 416
Sampling 90 / 416
Sampling 100 / 416
Sampling 110 / 416
Sampling 120 / 416
Sampling 130 / 416
Sampling 140 / 416
Sampling 150 / 416
Sampling 160 / 416
Sampling 170 / 416
Sampling 180 / 416
Sampling 190 / 416
Sampling 200 / 416
Sampling 210 / 416
Sampling 220 / 416
Sampling 230 / 416
Sampling 240 / 416
Sampling 250 / 416
Sampling 260 / 416
Sampling 270 / 416
Sampling 280 / 416
Sampling 290 / 416
Sampling 300 / 416
Sampling 310 / 416
Sampling 320 / 416
Sampling 330 / 416
Sampling 340 / 416
Sampling 350 / 416
Sampling 360 / 416
Sampling 370 / 416
Sampling 380 / 416
Sampling 390 / 416
Sampling 400 / 416
Sampling 410 / 416
  -> temp/E1_v5b/P-cm/3_y_conditional/006__s2/chord2mel
=== [19/285] 016__s0
  [tempo] output_bpm=120.00
torch.Size([1, 416, 32]) torch.Size([1, 416, 32])
Yinyang Sampling
Sampling 80 / 416
Sampling 90 / 416
Sampling 100 / 416
Sampling 110 / 416
Sampling 120 / 416
Sampling 130 / 416
Sampling 140 / 416
Sampling 150 / 416
Sampling 160 / 416
Sampling 170 / 416
Sampling 180 / 416
Sampling 190 / 416
Sampling 200 / 416
Sampling 210 / 416
Sampling 220 / 416
Sampling 230 / 416
Sampling 240 / 416
Sampling 250 / 416
Sampling 260 / 416
Sampling 270 / 416
Sampling 280 / 416
Sampling 290 / 416
Sampling 300 / 416
Sampling 310 / 416
Sampling 320 / 416
Sampling 330 / 416
Sampling 340 / 416
Sampling 350 / 416
Sampling 360 / 416
Sampling 370 / 416
Sampling 380 / 416
Sampling 390 / 416
Sampling 400 / 416
Sampling 410 / 416
  -> temp/E1_v5b/P-cm/3_y_conditional/016__s0/chord2mel
=== [20/285] 016__s1
  [tempo] output_bpm=120.00
torch.Size([1, 416, 32]) torch.Size([1, 416, 32])
Yinyang Sampling
Sampling 80 / 416
Sampling 90 / 416
Sampling 100 / 416
Sampling 110 / 416
Sampling 120 / 416
Sampling 130 / 416
Sampling 140 / 416
Sampling 150 / 416
Sampling 160 / 416
Sampling 170 / 416
Sampling 180 / 416
Sampling 190 / 416
Sampling 200 / 416
Sampling 210 / 416
Sampling 220 / 416
Sampling 230 / 416
Sampling 240 / 416
Sampling 250 / 416
Sampling 260 / 416
Sampling 270 / 416
Sampling 280 / 416
Sampling 290 / 416
Sampling 300 / 416
Sampling 310 / 416
Sampling 320 / 416
Sampling 330 / 416
Sampling 340 / 416
Sampling 350 / 416
Sampling 360 / 416
Sampling 370 / 416
Sampling 380 / 416
Sampling 390 / 416
Sampling 400 / 416
Sampling 410 / 416
  -> temp/E1_v5b/P-cm/3_y_conditional/016__s1/chord2mel
=== [21/285] 016__s2
  [tempo] output_bpm=120.00
torch.Size([1, 416, 32]) torch.Size([1, 416, 32])
Yinyang Sampling
Sampling 80 / 416
Sampling 90 / 416
Sampling 100 / 416
Sampling 110 / 416
Sampling 120 / 416
Sampling 130 / 416
Sampling 140 / 416
Sampling 150 / 416
Sampling 160 / 416
Sampling 170 / 416
Sampling 180 / 416
Sampling 190 / 416
Sampling 200 / 416
Sampling 210 / 416
Sampling 220 / 416
Sampling 230 / 416
Sampling 240 / 416
Sampling 250 / 416
Sampling 260 / 416
Sampling 270 / 416
Sampling 280 / 416
Sampling 290 / 416
Sampling 300 / 416
Sampling 310 / 416
Sampling 320 / 416
Sampling 330 / 416
Sampling 340 / 416
Sampling 350 / 416
Sampling 360 / 416
Sampling 370 / 416
Sampling 380 / 416
Sampling 390 / 416
Sampling 400 / 416
Sampling 410 / 416
  -> temp/E1_v5b/P-cm/3_y_conditional/016__s2/chord2mel
=== [22/285] 026__s0
  [tempo] output_bpm=120.00
torch.Size([1, 416, 32]) torch.Size([1, 416, 32])
Yinyang Sampling
Sampling 80 / 416
Sampling 90 / 416
Sampling 100 / 416
Sampling 110 / 416
Sampling 120 / 416
Sampling 130 / 416
Sampling 140 / 416
Sampling 150 / 416
Sampling 160 / 416
Sampling 170 / 416
Sampling 180 / 416
Sampling 190 / 416
Sampling 200 / 416
Sampling 210 / 416
Sampling 220 / 416
Sampling 230 / 416
Sampling 240 / 416
Sampling 250 / 416
Sampling 260 / 416
Sampling 270 / 416
Sampling 280 / 416
Sampling 290 / 416
Sampling 300 / 416
Sampling 310 / 416
Sampling 320 / 416
Sampling 330 / 416
Sampling 340 / 416
Sampling 350 / 416
Sampling 360 / 416
Sampling 370 / 416
Sampling 380 / 416
Sampling 390 / 416
Sampling 400 / 416
Sampling 410 / 416
  -> temp/E1_v5b/P-cm/3_y_conditional/026__s0/chord2mel
=== [23/285] 026__s1
  [tempo] output_bpm=120.00
torch.Size([1, 416, 32]) torch.Size([1, 416, 32])
Yinyang Sampling
Sampling 80 / 416
Sampling 90 / 416
Sampling 100 / 416
Sampling 110 / 416
Sampling 120 / 416
Sampling 130 / 416
Sampling 140 / 416
Sampling 150 / 416
Sampling 160 / 416
Sampling 170 / 416
Sampling 180 / 416
Sampling 190 / 416
Sampling 200 / 416
Sampling 210 / 416
Sampling 220 / 416
Sampling 230 / 416
Sampling 240 / 416
Sampling 250 / 416
Sampling 260 / 416
Sampling 270 / 416
Sampling 280 / 416
Sampling 290 / 416
Sampling 300 / 416
Sampling 310 / 416
Sampling 320 / 416
Sampling 330 / 416
Sampling 340 / 416
Sampling 350 / 416
Sampling 360 / 416
Sampling 370 / 416
Sampling 380 / 416
Sampling 390 / 416
Sampling 400 / 416
Sampling 410 / 416
  -> temp/E1_v5b/P-cm/3_y_conditional/026__s1/chord2mel
=== [24/285] 026__s2
  [tempo] output_bpm=120.00
torch.Size([1, 416, 32]) torch.Size([1, 416, 32])
Yinyang Sampling
Sampling 80 / 416
Sampling 90 / 416
Sampling 100 / 416
Sampling 110 / 416
Sampling 120 / 416
Sampling 130 / 416
Sampling 140 / 416
Sampling 150 / 416
Sampling 160 / 416
Sampling 170 / 416
Sampling 180 / 416
Sampling 190 / 416
Sampling 200 / 416
Sampling 210 / 416
Sampling 220 / 416
Sampling 230 / 416
Sampling 240 / 416
Sampling 250 / 416
Sampling 260 / 416
Sampling 270 / 416
Sampling 280 / 416
Sampling 290 / 416
Sampling 300 / 416
Sampling 310 / 416
Sampling 320 / 416
Sampling 330 / 416
Sampling 340 / 416
Sampling 350 / 416
Sampling 360 / 416
Sampling 370 / 416
Sampling 380 / 416
Sampling 390 / 416
Sampling 400 / 416
Sampling 410 / 416
  -> temp/E1_v5b/P-cm/3_y_conditional/026__s2/chord2mel
=== [25/285] 036__s0
  [tempo] output_bpm=120.00
torch.Size([1, 416, 32]) torch.Size([1, 416, 32])
Yinyang Sampling
Sampling 80 / 416
Sampling 90 / 416
Sampling 100 / 416
Sampling 110 / 416
Sampling 120 / 416
Sampling 130 / 416
Sampling 140 / 416
Sampling 150 / 416
Sampling 160 / 416
Sampling 170 / 416
Sampling 180 / 416
Sampling 190 / 416
Sampling 200 / 416
Sampling 210 / 416
Sampling 220 / 416
Sampling 230 / 416
Sampling 240 / 416
Sampling 250 / 416
Sampling 260 / 416
Sampling 270 / 416
Sampling 280 / 416
Sampling 290 / 416
Sampling 300 / 416
Sampling 310 / 416
Sampling 320 / 416
Sampling 330 / 416
Sampling 340 / 416
Sampling 350 / 416
Sampling 360 / 416
Sampling 370 / 416
Sampling 380 / 416
Sampling 390 / 416
Sampling 400 / 416
Sampling 410 / 416
  -> temp/E1_v5b/P-cm/3_y_conditional/036__s0/chord2mel
=== [26/285] 036__s1
  [tempo] output_bpm=120.00
torch.Size([1, 416, 32]) torch.Size([1, 416, 32])
Yinyang Sampling
Sampling 80 / 416
Sampling 90 / 416
Sampling 100 / 416
Sampling 110 / 416
Sampling 120 / 416
Sampling 130 / 416
Sampling 140 / 416
Sampling 150 / 416
Sampling 160 / 416
Sampling 170 / 416
Sampling 180 / 416
Sampling 190 / 416
Sampling 200 / 416
Sampling 210 / 416
Sampling 220 / 416
Sampling 230 / 416
Sampling 240 / 416
Sampling 250 / 416
Sampling 260 / 416
Sampling 270 / 416
Sampling 280 / 416
Sampling 290 / 416
Sampling 300 / 416
Sampling 310 / 416
Sampling 320 / 416
Sampling 330 / 416
Sampling 340 / 416
Sampling 350 / 416
Sampling 360 / 416
Sampling 370 / 416
Sampling 380 / 416
Sampling 390 / 416
Sampling 400 / 416
Sampling 410 / 416
  -> temp/E1_v5b/P-cm/3_y_conditional/036__s1/chord2mel
=== [27/285] 036__s2
  [tempo] output_bpm=120.00
torch.Size([1, 416, 32]) torch.Size([1, 416, 32])
Yinyang Sampling
Sampling 80 / 416
Sampling 90 / 416
Sampling 100 / 416
Sampling 110 / 416
Sampling 120 / 416
Sampling 130 / 416
Sampling 140 / 416
Sampling 150 / 416
Sampling 160 / 416
Sampling 170 / 416
Sampling 180 / 416
Sampling 190 / 416
Sampling 200 / 416
Sampling 210 / 416
Sampling 220 / 416
Sampling 230 / 416
Sampling 240 / 416
Sampling 250 / 416
Sampling 260 / 416
Sampling 270 / 416
Sampling 280 / 416
Sampling 290 / 416
Sampling 300 / 416
Sampling 310 / 416
Sampling 320 / 416
Sampling 330 / 416
Sampling 340 / 416
Sampling 350 / 416
Sampling 360 / 416
Sampling 370 / 416
Sampling 380 / 416
Sampling 390 / 416
Sampling 400 / 416
Sampling 410 / 416
  -> temp/E1_v5b/P-cm/3_y_conditional/036__s2/chord2mel
=== [28/285] 046__s0
  [tempo] output_bpm=120.00
torch.Size([1, 416, 32]) torch.Size([1, 416, 32])
Yinyang Sampling
Sampling 80 / 416
Sampling 90 / 416
Sampling 100 / 416
Sampling 110 / 416
Sampling 120 / 416
Sampling 130 / 416
Sampling 140 / 416
Sampling 150 / 416
Sampling 160 / 416
Sampling 170 / 416
Sampling 180 / 416
Sampling 190 / 416
Sampling 200 / 416
Sampling 210 / 416
Sampling 220 / 416
Sampling 230 / 416
Sampling 240 / 416
Sampling 250 / 416
Sampling 260 / 416
Sampling 270 / 416
Sampling 280 / 416
Sampling 290 / 416
Sampling 300 / 416
Sampling 310 / 416
Sampling 320 / 416
Sampling 330 / 416
Sampling 340 / 416
Sampling 350 / 416
Sampling 360 / 416
Sampling 370 / 416
Sampling 380 / 416
Sampling 390 / 416
Sampling 400 / 416
Sampling 410 / 416
  -> temp/E1_v5b/P-cm/3_y_conditional/046__s0/chord2mel
=== [29/285] 046__s1
  [tempo] output_bpm=120.00
torch.Size([1, 416, 32]) torch.Size([1, 416, 32])
Yinyang Sampling
Sampling 80 / 416
Sampling 90 / 416
Sampling 100 / 416
Sampling 110 / 416
Sampling 120 / 416
Sampling 130 / 416
Sampling 140 / 416
Sampling 150 / 416
Sampling 160 / 416
Sampling 170 / 416
Sampling 180 / 416
Sampling 190 / 416
Sampling 200 / 416
Sampling 210 / 416
Sampling 220 / 416
Sampling 230 / 416
Sampling 240 / 416
Sampling 250 / 416
Sampling 260 / 416
Sampling 270 / 416
Sampling 280 / 416
Sampling 290 / 416
Sampling 300 / 416
Sampling 310 / 416
Sampling 320 / 416
Sampling 330 / 416
Sampling 340 / 416
Sampling 350 / 416
Sampling 360 / 416
Sampling 370 / 416
Sampling 380 / 416
Sampling 390 / 416
Sampling 400 / 416
Sampling 410 / 416
  -> temp/E1_v5b/P-cm/3_y_conditional/046__s1/chord2mel
=== [30/285] 046__s2
  [tempo] output_bpm=120.00
torch.Size([1, 416, 32]) torch.Size([1, 416, 32])
Yinyang Sampling
Sampling 80 / 416
Sampling 90 / 416
Sampling 100 / 416
Sampling 110 / 416
Sampling 120 / 416
Sampling 130 / 416
Sampling 140 / 416
Sampling 150 / 416
Sampling 160 / 416
Sampling 170 / 416
Sampling 180 / 416
Sampling 190 / 416
Sampling 200 / 416
Sampling 210 / 416
Sampling 220 / 416
Sampling 230 / 416
Sampling 240 / 416
Sampling 250 / 416
Sampling 260 / 416
Sampling 270 / 416
Sampling 280 / 416
Sampling 290 / 416
Sampling 300 / 416
Sampling 310 / 416
Sampling 320 / 416
Sampling 330 / 416
Sampling 340 / 416
Sampling 350 / 416
Sampling 360 / 416
Sampling 370 / 416
Sampling 380 / 416
Sampling 390 / 416
Sampling 400 / 416
Sampling 410 / 416
  -> temp/E1_v5b/P-cm/3_y_conditional/046__s2/chord2mel
=== [31/285] 056__s0
  [tempo] output_bpm=120.00
torch.Size([1, 416, 32]) torch.Size([1, 416, 32])
Yinyang Sampling
Sampling 80 / 416
Sampling 90 / 416
Sampling 100 / 416
Sampling 110 / 416
Sampling 120 / 416
Sampling 130 / 416
Sampling 140 / 416
Sampling 150 / 416
Sampling 160 / 416
Sampling 170 / 416
Sampling 180 / 416
Sampling 190 / 416
Sampling 200 / 416
Sampling 210 / 416
Sampling 220 / 416
Sampling 230 / 416
Sampling 240 / 416
Sampling 250 / 416
Sampling 260 / 416
Sampling 270 / 416
Sampling 280 / 416
Sampling 290 / 416
Sampling 300 / 416
Sampling 310 / 416
Sampling 320 / 416
Sampling 330 / 416
Sampling 340 / 416
Sampling 350 / 416
Sampling 360 / 416
Sampling 370 / 416
Sampling 380 / 416
Sampling 390 / 416
Sampling 400 / 416
Sampling 410 / 416
  -> temp/E1_v5b/P-cm/3_y_conditional/056__s0/chord2mel
=== [32/285] 056__s1
  [tempo] output_bpm=120.00
torch.Size([1, 416, 32]) torch.Size([1, 416, 32])
Yinyang Sampling
Sampling 80 / 416
Sampling 90 / 416
Sampling 100 / 416
Sampling 110 / 416
Sampling 120 / 416
Sampling 130 / 416
Sampling 140 / 416
Sampling 150 / 416
Sampling 160 / 416
Sampling 170 / 416
Sampling 180 / 416
Sampling 190 / 416
Sampling 200 / 416
Sampling 210 / 416
Sampling 220 / 416
Sampling 230 / 416
Sampling 240 / 416
Sampling 250 / 416
Sampling 260 / 416
Sampling 270 / 416
Sampling 280 / 416
Sampling 290 / 416
Sampling 300 / 416
Sampling 310 / 416
Sampling 320 / 416
Sampling 330 / 416
Sampling 340 / 416
Sampling 350 / 416
Sampling 360 / 416
Sampling 370 / 416
Sampling 380 / 416
Sampling 390 / 416
Sampling 400 / 416
Sampling 410 / 416
  -> temp/E1_v5b/P-cm/3_y_conditional/056__s1/chord2mel
=== [33/285] 056__s2
  [tempo] output_bpm=120.00
torch.Size([1, 416, 32]) torch.Size([1, 416, 32])
Yinyang Sampling
Sampling 80 / 416
Sampling 90 / 416
Sampling 100 / 416
Sampling 110 / 416
Sampling 120 / 416
Sampling 130 / 416
Sampling 140 / 416
Sampling 150 / 416
Sampling 160 / 416
Sampling 170 / 416
Sampling 180 / 416
Sampling 190 / 416
Sampling 200 / 416
Sampling 210 / 416
Sampling 220 / 416
Sampling 230 / 416
Sampling 240 / 416
Sampling 250 / 416
Sampling 260 / 416
Sampling 270 / 416
Sampling 280 / 416
Sampling 290 / 416
Sampling 300 / 416
Sampling 310 / 416
Sampling 320 / 416
Sampling 330 / 416
Sampling 340 / 416
Sampling 350 / 416
Sampling 360 / 416
Sampling 370 / 416
Sampling 380 / 416
Sampling 390 / 416
Sampling 400 / 416
Sampling 410 / 416
  -> temp/E1_v5b/P-cm/3_y_conditional/056__s2/chord2mel
=== [34/285] 066__s0
  [tempo] output_bpm=120.00
torch.Size([1, 416, 32]) torch.Size([1, 416, 32])
Yinyang Sampling
Sampling 80 / 416
Sampling 90 / 416
Sampling 100 / 416
Sampling 110 / 416
Sampling 120 / 416
Sampling 130 / 416
Sampling 140 / 416
Sampling 150 / 416
Sampling 160 / 416
Sampling 170 / 416
Sampling 180 / 416
Sampling 190 / 416
Sampling 200 / 416
Sampling 210 / 416
Sampling 220 / 416
Sampling 230 / 416
Sampling 240 / 416
Sampling 250 / 416
Sampling 260 / 416
Sampling 270 / 416
Sampling 280 / 416
Sampling 290 / 416
Sampling 300 / 416
Sampling 310 / 416
Sampling 320 / 416
Sampling 330 / 416
Sampling 340 / 416
Sampling 350 / 416
Sampling 360 / 416
Sampling 370 / 416
Sampling 380 / 416
Sampling 390 / 416
Sampling 400 / 416
Sampling 410 / 416
  -> temp/E1_v5b/P-cm/3_y_conditional/066__s0/chord2mel
=== [35/285] 066__s1
  [tempo] output_bpm=120.00
torch.Size([1, 416, 32]) torch.Size([1, 416, 32])
Yinyang Sampling
Sampling 80 / 416
Sampling 90 / 416
Sampling 100 / 416
Sampling 110 / 416
Sampling 120 / 416
Sampling 130 / 416
Sampling 140 / 416
Sampling 150 / 416
Sampling 160 / 416
Sampling 170 / 416
Sampling 180 / 416
Sampling 190 / 416
Sampling 200 / 416
Sampling 210 / 416
Sampling 220 / 416
Sampling 230 / 416
Sampling 240 / 416
Sampling 250 / 416
Sampling 260 / 416
Sampling 270 / 416
Sampling 280 / 416
Sampling 290 / 416
Sampling 300 / 416
Sampling 310 / 416
Sampling 320 / 416
Sampling 330 / 416
Sampling 340 / 416
Sampling 350 / 416
Sampling 360 / 416
Sampling 370 / 416
Sampling 380 / 416
Sampling 390 / 416
Sampling 400 / 416
Sampling 410 / 416
  -> temp/E1_v5b/P-cm/3_y_conditional/066__s1/chord2mel
=== [36/285] 066__s2
  [tempo] output_bpm=120.00
torch.Size([1, 416, 32]) torch.Size([1, 416, 32])
Yinyang Sampling
Sampling 80 / 416
Sampling 90 / 416
Sampling 100 / 416
Sampling 110 / 416
Sampling 120 / 416
Sampling 130 / 416
Sampling 140 / 416
Sampling 150 / 416
Sampling 160 / 416
Sampling 170 / 416
Sampling 180 / 416
Sampling 190 / 416
Sampling 200 / 416
Sampling 210 / 416
Sampling 220 / 416
Sampling 230 / 416
Sampling 240 / 416
Sampling 250 / 416
Sampling 260 / 416
Sampling 270 / 416
Sampling 280 / 416
Sampling 290 / 416
Sampling 300 / 416
Sampling 310 / 416
Sampling 320 / 416
Sampling 330 / 416
Sampling 340 / 416
Sampling 350 / 416
Sampling 360 / 416
Sampling 370 / 416
Sampling 380 / 416
Sampling 390 / 416
Sampling 400 / 416
Sampling 410 / 416
  -> temp/E1_v5b/P-cm/3_y_conditional/066__s2/chord2mel
=== [37/285] 076__s0
  [tempo] output_bpm=120.00
torch.Size([1, 416, 32]) torch.Size([1, 416, 32])
Yinyang Sampling
Sampling 80 / 416
Sampling 90 / 416
Sampling 100 / 416
Sampling 110 / 416
Sampling 120 / 416
Sampling 130 / 416
Sampling 140 / 416
Sampling 150 / 416
Sampling 160 / 416
Sampling 170 / 416
Sampling 180 / 416
Sampling 190 / 416
Sampling 200 / 416
Sampling 210 / 416
Sampling 220 / 416
Sampling 230 / 416
Sampling 240 / 416
Sampling 250 / 416
Sampling 260 / 416
Sampling 270 / 416
Sampling 280 / 416
Sampling 290 / 416
Sampling 300 / 416
Sampling 310 / 416
Sampling 320 / 416
Sampling 330 / 416
Sampling 340 / 416
Sampling 350 / 416
Sampling 360 / 416
Sampling 370 / 416
Sampling 380 / 416
Sampling 390 / 416
Sampling 400 / 416
Sampling 410 / 416
  -> temp/E1_v5b/P-cm/3_y_conditional/076__s0/chord2mel
=== [38/285] 076__s1
  [tempo] output_bpm=120.00
torch.Size([1, 416, 32]) torch.Size([1, 416, 32])
Yinyang Sampling
Sampling 80 / 416
Sampling 90 / 416
Sampling 100 / 416
Sampling 110 / 416
Sampling 120 / 416
Sampling 130 / 416
Sampling 140 / 416
Sampling 150 / 416
Sampling 160 / 416
Sampling 170 / 416
Sampling 180 / 416
Sampling 190 / 416
Sampling 200 / 416
Sampling 210 / 416
Sampling 220 / 416
Sampling 230 / 416
Sampling 240 / 416
Sampling 250 / 416
Sampling 260 / 416
Sampling 270 / 416
Sampling 280 / 416
Sampling 290 / 416
Sampling 300 / 416
Sampling 310 / 416
Sampling 320 / 416
Sampling 330 / 416
Sampling 340 / 416
Sampling 350 / 416
Sampling 360 / 416
Sampling 370 / 416
Sampling 380 / 416
Sampling 390 / 416
Sampling 400 / 416
Sampling 410 / 416
  -> temp/E1_v5b/P-cm/3_y_conditional/076__s1/chord2mel
=== [39/285] 076__s2
  [tempo] output_bpm=120.00
torch.Size([1, 416, 32]) torch.Size([1, 416, 32])
Yinyang Sampling
Sampling 80 / 416
Sampling 90 / 416
Sampling 100 / 416
Sampling 110 / 416
Sampling 120 / 416
Sampling 130 / 416
Sampling 140 / 416
Sampling 150 / 416
Sampling 160 / 416
Sampling 170 / 416
Sampling 180 / 416
Sampling 190 / 416
Sampling 200 / 416
Sampling 210 / 416
Sampling 220 / 416
Sampling 230 / 416
Sampling 240 / 416
Sampling 250 / 416
Sampling 260 / 416
Sampling 270 / 416
Sampling 280 / 416
Sampling 290 / 416
Sampling 300 / 416
Sampling 310 / 416
Sampling 320 / 416
Sampling 330 / 416
Sampling 340 / 416
Sampling 350 / 416
Sampling 360 / 416
Sampling 370 / 416
Sampling 380 / 416
Sampling 390 / 416
Sampling 400 / 416
Sampling 410 / 416
  -> temp/E1_v5b/P-cm/3_y_conditional/076__s2/chord2mel
=== [40/285] 086__s0
  [tempo] output_bpm=120.00
torch.Size([1, 416, 32]) torch.Size([1, 416, 32])
Yinyang Sampling
Sampling 80 / 416
Sampling 90 / 416
Sampling 100 / 416
Sampling 110 / 416
Sampling 120 / 416
Sampling 130 / 416
Sampling 140 / 416
Sampling 150 / 416
Sampling 160 / 416
Sampling 170 / 416
Sampling 180 / 416
Sampling 190 / 416
Sampling 200 / 416
Sampling 210 / 416
Sampling 220 / 416
Sampling 230 / 416
Sampling 240 / 416
Sampling 250 / 416
Sampling 260 / 416
Sampling 270 / 416
Sampling 280 / 416
Sampling 290 / 416
Sampling 300 / 416
Sampling 310 / 416
Sampling 320 / 416
Sampling 330 / 416
Sampling 340 / 416
Sampling 350 / 416
Sampling 360 / 416
Sampling 370 / 416
Sampling 380 / 416
Sampling 390 / 416
Sampling 400 / 416
Sampling 410 / 416
  -> temp/E1_v5b/P-cm/3_y_conditional/086__s0/chord2mel
=== [41/285] 086__s1
  [tempo] output_bpm=120.00
torch.Size([1, 416, 32]) torch.Size([1, 416, 32])
Yinyang Sampling
Sampling 80 / 416
Sampling 90 / 416
Sampling 100 / 416
Sampling 110 / 416
Sampling 120 / 416
Sampling 130 / 416
Sampling 140 / 416
Sampling 150 / 416
Sampling 160 / 416
Sampling 170 / 416
Sampling 180 / 416
Sampling 190 / 416
Sampling 200 / 416
Sampling 210 / 416
Sampling 220 / 416
Sampling 230 / 416
Sampling 240 / 416
Sampling 250 / 416
Sampling 260 / 416
Sampling 270 / 416
Sampling 280 / 416
Sampling 290 / 416
Sampling 300 / 416
Sampling 310 / 416
Sampling 320 / 416
Sampling 330 / 416
Sampling 340 / 416
Sampling 350 / 416
Sampling 360 / 416
Sampling 370 / 416
Sampling 380 / 416
Sampling 390 / 416
Sampling 400 / 416
Sampling 410 / 416
  -> temp/E1_v5b/P-cm/3_y_conditional/086__s1/chord2mel
=== [42/285] 086__s2
  [tempo] output_bpm=120.00
torch.Size([1, 416, 32]) torch.Size([1, 416, 32])
Yinyang Sampling
Sampling 80 / 416
Sampling 90 / 416
Sampling 100 / 416
Sampling 110 / 416
Sampling 120 / 416
Sampling 130 / 416
Sampling 140 / 416
Sampling 150 / 416
Sampling 160 / 416
Sampling 170 / 416
Sampling 180 / 416
Sampling 190 / 416
Sampling 200 / 416
Sampling 210 / 416
Sampling 220 / 416
Sampling 230 / 416
Sampling 240 / 416
Sampling 250 / 416
Sampling 260 / 416
Sampling 270 / 416
Sampling 280 / 416
Sampling 290 / 416
Sampling 300 / 416
Sampling 310 / 416
Sampling 320 / 416
Sampling 330 / 416
Sampling 340 / 416
Sampling 350 / 416
Sampling 360 / 416
Sampling 370 / 416
Sampling 380 / 416
Sampling 390 / 416
Sampling 400 / 416
Sampling 410 / 416
  -> temp/E1_v5b/P-cm/3_y_conditional/086__s2/chord2mel
=== [43/285] 096__s0
  [tempo] output_bpm=120.00
torch.Size([1, 416, 32]) torch.Size([1, 416, 32])
Yinyang Sampling
Sampling 80 / 416
Sampling 90 / 416
Sampling 100 / 416
Sampling 110 / 416
Sampling 120 / 416
Sampling 130 / 416
Sampling 140 / 416
Sampling 150 / 416
Sampling 160 / 416
Sampling 170 / 416
Sampling 180 / 416
Sampling 190 / 416
Sampling 200 / 416
Sampling 210 / 416
Sampling 220 / 416
Sampling 230 / 416
Sampling 240 / 416
Sampling 250 / 416
Sampling 260 / 416
Sampling 270 / 416
Sampling 280 / 416
Sampling 290 / 416
Sampling 300 / 416
Sampling 310 / 416
Sampling 320 / 416
Sampling 330 / 416
Sampling 340 / 416
Sampling 350 / 416
Sampling 360 / 416
Sampling 370 / 416
Sampling 380 / 416
Sampling 390 / 416
Sampling 400 / 416
Sampling 410 / 416
  -> temp/E1_v5b/P-cm/3_y_conditional/096__s0/chord2mel
=== [44/285] 096__s1
  [tempo] output_bpm=120.00
torch.Size([1, 416, 32]) torch.Size([1, 416, 32])
Yinyang Sampling
Sampling 80 / 416
Sampling 90 / 416
Sampling 100 / 416
Sampling 110 / 416
Sampling 120 / 416
Sampling 130 / 416
Sampling 140 / 416
Sampling 150 / 416
Sampling 160 / 416
Sampling 170 / 416
Sampling 180 / 416
Sampling 190 / 416
Sampling 200 / 416
Sampling 210 / 416
Sampling 220 / 416
Sampling 230 / 416
Sampling 240 / 416
Sampling 250 / 416
Sampling 260 / 416
Sampling 270 / 416
Sampling 280 / 416
Sampling 290 / 416
Sampling 300 / 416
Sampling 310 / 416
Sampling 320 / 416
Sampling 330 / 416
Sampling 340 / 416
Sampling 350 / 416
Sampling 360 / 416
Sampling 370 / 416
Sampling 380 / 416
Sampling 390 / 416
Sampling 400 / 416
Sampling 410 / 416
  -> temp/E1_v5b/P-cm/3_y_conditional/096__s1/chord2mel
=== [45/285] 096__s2
  [tempo] output_bpm=120.00
torch.Size([1, 416, 32]) torch.Size([1, 416, 32])
Yinyang Sampling
Sampling 80 / 416
Sampling 90 / 416
Sampling 100 / 416
Sampling 110 / 416
Sampling 120 / 416
Sampling 130 / 416
Sampling 140 / 416
Sampling 150 / 416
Sampling 160 / 416
Sampling 170 / 416
Sampling 180 / 416
Sampling 190 / 416
Sampling 200 / 416
Sampling 210 / 416
Sampling 220 / 416
Sampling 230 / 416
Sampling 240 / 416
Sampling 250 / 416
Sampling 260 / 416
Sampling 270 / 416
Sampling 280 / 416
Sampling 290 / 416
Sampling 300 / 416
Sampling 310 / 416
Sampling 320 / 416
Sampling 330 / 416
Sampling 340 / 416
Sampling 350 / 416
Sampling 360 / 416
Sampling 370 / 416
Sampling 380 / 416
Sampling 390 / 416
Sampling 400 / 416
Sampling 410 / 416
  -> temp/E1_v5b/P-cm/3_y_conditional/096__s2/chord2mel
=== [46/285] 106__s0
  [tempo] output_bpm=120.00
torch.Size([1, 416, 32]) torch.Size([1, 416, 32])
Yinyang Sampling
Sampling 80 / 416
Sampling 90 / 416
Sampling 100 / 416
Sampling 110 / 416
Sampling 120 / 416
Sampling 130 / 416
Sampling 140 / 416
Sampling 150 / 416
Sampling 160 / 416
Sampling 170 / 416
Sampling 180 / 416
Sampling 190 / 416
Sampling 200 / 416
Sampling 210 / 416
Sampling 220 / 416
Sampling 230 / 416
Sampling 240 / 416
Sampling 250 / 416
Sampling 260 / 416
Sampling 270 / 416
Sampling 280 / 416
Sampling 290 / 416
Sampling 300 / 416
Sampling 310 / 416
Sampling 320 / 416
Sampling 330 / 416
Sampling 340 / 416
Sampling 350 / 416
Sampling 360 / 416
Sampling 370 / 416
Sampling 380 / 416
Sampling 390 / 416
Sampling 400 / 416
Sampling 410 / 416
  -> temp/E1_v5b/P-cm/3_y_conditional/106__s0/chord2mel
=== [47/285] 106__s1
  [tempo] output_bpm=120.00
torch.Size([1, 416, 32]) torch.Size([1, 416, 32])
Yinyang Sampling
Sampling 80 / 416
Sampling 90 / 416
Sampling 100 / 416
Sampling 110 / 416
Sampling 120 / 416
Sampling 130 / 416
Sampling 140 / 416
Sampling 150 / 416
Sampling 160 / 416
Sampling 170 / 416
Sampling 180 / 416
Sampling 190 / 416
Sampling 200 / 416
Sampling 210 / 416
Sampling 220 / 416
Sampling 230 / 416
Sampling 240 / 416
Sampling 250 / 416
Sampling 260 / 416
Sampling 270 / 416
Sampling 280 / 416
Sampling 290 / 416
Sampling 300 / 416
Sampling 310 / 416
Sampling 320 / 416
Sampling 330 / 416
Sampling 340 / 416
Sampling 350 / 416
Sampling 360 / 416
Sampling 370 / 416
Sampling 380 / 416
Sampling 390 / 416
Sampling 400 / 416
Sampling 410 / 416
  -> temp/E1_v5b/P-cm/3_y_conditional/106__s1/chord2mel
=== [48/285] 106__s2
  [tempo] output_bpm=120.00
torch.Size([1, 416, 32]) torch.Size([1, 416, 32])
Yinyang Sampling
Sampling 80 / 416
Sampling 90 / 416
Sampling 100 / 416
Sampling 110 / 416
Sampling 120 / 416
Sampling 130 / 416
Sampling 140 / 416
Sampling 150 / 416
Sampling 160 / 416
Sampling 170 / 416
Sampling 180 / 416
Sampling 190 / 416
Sampling 200 / 416
Sampling 210 / 416
Sampling 220 / 416
Sampling 230 / 416
Sampling 240 / 416
Sampling 250 / 416
Sampling 260 / 416
Sampling 270 / 416
Sampling 280 / 416
Sampling 290 / 416
Sampling 300 / 416
Sampling 310 / 416
Sampling 320 / 416
Sampling 330 / 416
Sampling 340 / 416
Sampling 350 / 416
Sampling 360 / 416
Sampling 370 / 416
Sampling 380 / 416
Sampling 390 / 416
Sampling 400 / 416
Sampling 410 / 416
  -> temp/E1_v5b/P-cm/3_y_conditional/106__s2/chord2mel
=== [49/285] 116__s0
  [tempo] output_bpm=120.00
torch.Size([1, 416, 32]) torch.Size([1, 416, 32])
Yinyang Sampling
Sampling 80 / 416
Sampling 90 / 416
Sampling 100 / 416
Sampling 110 / 416
Sampling 120 / 416
Sampling 130 / 416
Sampling 140 / 416
Sampling 150 / 416
Sampling 160 / 416
Sampling 170 / 416
Sampling 180 / 416
Sampling 190 / 416
Sampling 200 / 416
Sampling 210 / 416
Sampling 220 / 416
Sampling 230 / 416
Sampling 240 / 416
Sampling 250 / 416
Sampling 260 / 416
Sampling 270 / 416
Sampling 280 / 416
Sampling 290 / 416
Sampling 300 / 416
Sampling 310 / 416
Sampling 320 / 416
Sampling 330 / 416
Sampling 340 / 416
Sampling 350 / 416
Sampling 360 / 416
Sampling 370 / 416
Sampling 380 / 416
Sampling 390 / 416
Sampling 400 / 416
Sampling 410 / 416
  -> temp/E1_v5b/P-cm/3_y_conditional/116__s0/chord2mel
=== [50/285] 116__s1
  [tempo] output_bpm=120.00
torch.Size([1, 416, 32]) torch.Size([1, 416, 32])
Yinyang Sampling
Sampling 80 / 416
Sampling 90 / 416
Sampling 100 / 416
Sampling 110 / 416
Sampling 120 / 416
Sampling 130 / 416
Sampling 140 / 416
Sampling 150 / 416
Sampling 160 / 416
Sampling 170 / 416
Sampling 180 / 416
Sampling 190 / 416
Sampling 200 / 416
Sampling 210 / 416
Sampling 220 / 416
Sampling 230 / 416
Sampling 240 / 416
Sampling 250 / 416
Sampling 260 / 416
Sampling 270 / 416
Sampling 280 / 416
Sampling 290 / 416
Sampling 300 / 416
Sampling 310 / 416
Sampling 320 / 416
Sampling 330 / 416
Sampling 340 / 416
Sampling 350 / 416
Sampling 360 / 416
Sampling 370 / 416
Sampling 380 / 416
Sampling 390 / 416
Sampling 400 / 416
Sampling 410 / 416
  -> temp/E1_v5b/P-cm/3_y_conditional/116__s1/chord2mel
=== [51/285] 116__s2
  [tempo] output_bpm=120.00
torch.Size([1, 416, 32]) torch.Size([1, 416, 32])
Yinyang Sampling
Sampling 80 / 416
Sampling 90 / 416
Sampling 100 / 416
Sampling 110 / 416
Sampling 120 / 416
Sampling 130 / 416
Sampling 140 / 416
Sampling 150 / 416
Sampling 160 / 416
Sampling 170 / 416
Sampling 180 / 416
Sampling 190 / 416
Sampling 200 / 416
Sampling 210 / 416
Sampling 220 / 416
Sampling 230 / 416
Sampling 240 / 416
Sampling 250 / 416
Sampling 260 / 416
Sampling 270 / 416
Sampling 280 / 416
Sampling 290 / 416
Sampling 300 / 416
Sampling 310 / 416
Sampling 320 / 416
Sampling 330 / 416
Sampling 340 / 416
Sampling 350 / 416
Sampling 360 / 416
Sampling 370 / 416
Sampling 380 / 416
Sampling 390 / 416
Sampling 400 / 416
Sampling 410 / 416
  -> temp/E1_v5b/P-cm/3_y_conditional/116__s2/chord2mel
=== [52/285] 126__s0
  [tempo] output_bpm=120.00
torch.Size([1, 416, 32]) torch.Size([1, 416, 32])
Yinyang Sampling
Sampling 80 / 416
Sampling 90 / 416
Sampling 100 / 416
Sampling 110 / 416
Sampling 120 / 416
Sampling 130 / 416
Sampling 140 / 416
Sampling 150 / 416
Sampling 160 / 416
Sampling 170 / 416
Sampling 180 / 416
Sampling 190 / 416
Sampling 200 / 416
Sampling 210 / 416
Sampling 220 / 416
Sampling 230 / 416
Sampling 240 / 416
Sampling 250 / 416
Sampling 260 / 416
Sampling 270 / 416
Sampling 280 / 416
Sampling 290 / 416
Sampling 300 / 416
Sampling 310 / 416
Sampling 320 / 416
Sampling 330 / 416
Sampling 340 / 416
Sampling 350 / 416
Sampling 360 / 416
Sampling 370 / 416
Sampling 380 / 416
Sampling 390 / 416
Sampling 400 / 416
Sampling 410 / 416
  -> temp/E1_v5b/P-cm/3_y_conditional/126__s0/chord2mel
=== [53/285] 126__s1
  [tempo] output_bpm=120.00
torch.Size([1, 416, 32]) torch.Size([1, 416, 32])
Yinyang Sampling
Sampling 80 / 416
Sampling 90 / 416
Sampling 100 / 416
Sampling 110 / 416
Sampling 120 / 416
Sampling 130 / 416
Sampling 140 / 416
Sampling 150 / 416
Sampling 160 / 416
Sampling 170 / 416
Sampling 180 / 416
Sampling 190 / 416
Sampling 200 / 416
Sampling 210 / 416
Sampling 220 / 416
Sampling 230 / 416
Sampling 240 / 416
Sampling 250 / 416
Sampling 260 / 416
Sampling 270 / 416
Sampling 280 / 416
Sampling 290 / 416
Sampling 300 / 416
Sampling 310 / 416
Sampling 320 / 416
Sampling 330 / 416
Sampling 340 / 416
Sampling 350 / 416
Sampling 360 / 416
Sampling 370 / 416
Sampling 380 / 416
Sampling 390 / 416
Sampling 400 / 416
Sampling 410 / 416
  -> temp/E1_v5b/P-cm/3_y_conditional/126__s1/chord2mel
=== [54/285] 126__s2
  [tempo] output_bpm=120.00
torch.Size([1, 416, 32]) torch.Size([1, 416, 32])
Yinyang Sampling
Sampling 80 / 416
Sampling 90 / 416
Sampling 100 / 416
Sampling 110 / 416
Sampling 120 / 416
Sampling 130 / 416
Sampling 140 / 416
Sampling 150 / 416
Sampling 160 / 416
Sampling 170 / 416
Sampling 180 / 416
Sampling 190 / 416
Sampling 200 / 416
Sampling 210 / 416
Sampling 220 / 416
Sampling 230 / 416
Sampling 240 / 416
Sampling 250 / 416
Sampling 260 / 416
Sampling 270 / 416
Sampling 280 / 416
Sampling 290 / 416
Sampling 300 / 416
Sampling 310 / 416
Sampling 320 / 416
Sampling 330 / 416
Sampling 340 / 416
Sampling 350 / 416
Sampling 360 / 416
Sampling 370 / 416
Sampling 380 / 416
Sampling 390 / 416
Sampling 400 / 416
Sampling 410 / 416
  -> temp/E1_v5b/P-cm/3_y_conditional/126__s2/chord2mel
=== [55/285] 136__s0
  [tempo] output_bpm=120.00
torch.Size([1, 416, 32]) torch.Size([1, 416, 32])
Yinyang Sampling
Sampling 80 / 416
Sampling 90 / 416
Sampling 100 / 416
Sampling 110 / 416
Sampling 120 / 416
Sampling 130 / 416
Sampling 140 / 416
Sampling 150 / 416
Sampling 160 / 416
Sampling 170 / 416
Sampling 180 / 416
Sampling 190 / 416
Sampling 200 / 416
Sampling 210 / 416
Sampling 220 / 416
Sampling 230 / 416
Sampling 240 / 416
Sampling 250 / 416
Sampling 260 / 416
Sampling 270 / 416
Sampling 280 / 416
Sampling 290 / 416
Sampling 300 / 416
Sampling 310 / 416
Sampling 320 / 416
Sampling 330 / 416
Sampling 340 / 416
Sampling 350 / 416
Sampling 360 / 416
Sampling 370 / 416
Sampling 380 / 416
Sampling 390 / 416
Sampling 400 / 416
Sampling 410 / 416
  -> temp/E1_v5b/P-cm/3_y_conditional/136__s0/chord2mel
=== [56/285] 136__s1
  [tempo] output_bpm=120.00
torch.Size([1, 416, 32]) torch.Size([1, 416, 32])
Yinyang Sampling
Sampling 80 / 416
Sampling 90 / 416
Sampling 100 / 416
Sampling 110 / 416
Sampling 120 / 416
Sampling 130 / 416
Sampling 140 / 416
Sampling 150 / 416
Sampling 160 / 416
Sampling 170 / 416
Sampling 180 / 416
Sampling 190 / 416
Sampling 200 / 416
Sampling 210 / 416
Sampling 220 / 416
Sampling 230 / 416
Sampling 240 / 416
Sampling 250 / 416
Sampling 260 / 416
Sampling 270 / 416
Sampling 280 / 416
Sampling 290 / 416
Sampling 300 / 416
Sampling 310 / 416
Sampling 320 / 416
Sampling 330 / 416
Sampling 340 / 416
Sampling 350 / 416
Sampling 360 / 416
Sampling 370 / 416
Sampling 380 / 416
Sampling 390 / 416
Sampling 400 / 416
Sampling 410 / 416
  -> temp/E1_v5b/P-cm/3_y_conditional/136__s1/chord2mel
=== [57/285] 136__s2
  [tempo] output_bpm=120.00
torch.Size([1, 416, 32]) torch.Size([1, 416, 32])
Yinyang Sampling
Sampling 80 / 416
Sampling 90 / 416
Sampling 100 / 416
Sampling 110 / 416
Sampling 120 / 416
Sampling 130 / 416
Sampling 140 / 416
Sampling 150 / 416
Sampling 160 / 416
Sampling 170 / 416
Sampling 180 / 416
Sampling 190 / 416
Sampling 200 / 416
Sampling 210 / 416
Sampling 220 / 416
Sampling 230 / 416
Sampling 240 / 416
Sampling 250 / 416
Sampling 260 / 416
Sampling 270 / 416
Sampling 280 / 416
Sampling 290 / 416
Sampling 300 / 416
Sampling 310 / 416
Sampling 320 / 416
Sampling 330 / 416
Sampling 340 / 416
Sampling 350 / 416
Sampling 360 / 416
Sampling 370 / 416
Sampling 380 / 416
Sampling 390 / 416
Sampling 400 / 416
Sampling 410 / 416
  -> temp/E1_v5b/P-cm/3_y_conditional/136__s2/chord2mel
=== [58/285] 146__s0
  [tempo] output_bpm=120.00
torch.Size([1, 416, 32]) torch.Size([1, 416, 32])
Yinyang Sampling
Sampling 80 / 416
Sampling 90 / 416
Sampling 100 / 416
Sampling 110 / 416
Sampling 120 / 416
Sampling 130 / 416
Sampling 140 / 416
Sampling 150 / 416
Sampling 160 / 416
Sampling 170 / 416
Sampling 180 / 416
Sampling 190 / 416
Sampling 200 / 416
Sampling 210 / 416
Sampling 220 / 416
Sampling 230 / 416
Sampling 240 / 416
Sampling 250 / 416
Sampling 260 / 416
Sampling 270 / 416
Sampling 280 / 416
Sampling 290 / 416
Sampling 300 / 416
Sampling 310 / 416
Sampling 320 / 416
Sampling 330 / 416
Sampling 340 / 416
Sampling 350 / 416
Sampling 360 / 416
Sampling 370 / 416
Sampling 380 / 416
Sampling 390 / 416
Sampling 400 / 416
Sampling 410 / 416
  -> temp/E1_v5b/P-cm/3_y_conditional/146__s0/chord2mel
=== [59/285] 146__s1
  [tempo] output_bpm=120.00
torch.Size([1, 416, 32]) torch.Size([1, 416, 32])
Yinyang Sampling
Sampling 80 / 416
Sampling 90 / 416
Sampling 100 / 416
Sampling 110 / 416
Sampling 120 / 416
Sampling 130 / 416
Sampling 140 / 416
Sampling 150 / 416
Sampling 160 / 416
Sampling 170 / 416
Sampling 180 / 416
Sampling 190 / 416
Sampling 200 / 416
Sampling 210 / 416
Sampling 220 / 416
Sampling 230 / 416
Sampling 240 / 416
Sampling 250 / 416
Sampling 260 / 416
Sampling 270 / 416
Sampling 280 / 416
Sampling 290 / 416
Sampling 300 / 416
Sampling 310 / 416
Sampling 320 / 416
Sampling 330 / 416
Sampling 340 / 416
Sampling 350 / 416
Sampling 360 / 416
Sampling 370 / 416
Sampling 380 / 416
Sampling 390 / 416
Sampling 400 / 416
Sampling 410 / 416
  -> temp/E1_v5b/P-cm/3_y_conditional/146__s1/chord2mel
=== [60/285] 146__s2
  [tempo] output_bpm=120.00
torch.Size([1, 416, 32]) torch.Size([1, 416, 32])
Yinyang Sampling
Sampling 80 / 416
Sampling 90 / 416
Sampling 100 / 416
Sampling 110 / 416
Sampling 120 / 416
Sampling 130 / 416
Sampling 140 / 416
Sampling 150 / 416
Sampling 160 / 416
Sampling 170 / 416
Sampling 180 / 416
Sampling 190 / 416
Sampling 200 / 416
Sampling 210 / 416
Sampling 220 / 416
Sampling 230 / 416
Sampling 240 / 416
Sampling 250 / 416
Sampling 260 / 416
Sampling 270 / 416
Sampling 280 / 416
Sampling 290 / 416
Sampling 300 / 416
Sampling 310 / 416
Sampling 320 / 416
Sampling 330 / 416
Sampling 340 / 416
Sampling 350 / 416
Sampling 360 / 416
Sampling 370 / 416
Sampling 380 / 416
Sampling 390 / 416
Sampling 400 / 416
Sampling 410 / 416
  -> temp/E1_v5b/P-cm/3_y_conditional/146__s2/chord2mel
=== [61/285] 156__s0
  [tempo] output_bpm=120.00
torch.Size([1, 416, 32]) torch.Size([1, 416, 32])
Yinyang Sampling
Sampling 80 / 416
Sampling 90 / 416
Sampling 100 / 416
Sampling 110 / 416
Sampling 120 / 416
Sampling 130 / 416
Sampling 140 / 416
Sampling 150 / 416
Sampling 160 / 416
Sampling 170 / 416
Sampling 180 / 416
Sampling 190 / 416
Sampling 200 / 416
Sampling 210 / 416
Sampling 220 / 416
Sampling 230 / 416
Sampling 240 / 416
Sampling 250 / 416
Sampling 260 / 416
Sampling 270 / 416
Sampling 280 / 416
Sampling 290 / 416
Sampling 300 / 416
Sampling 310 / 416
Sampling 320 / 416
Sampling 330 / 416
Sampling 340 / 416
Sampling 350 / 416
Sampling 360 / 416
Sampling 370 / 416
Sampling 380 / 416
Sampling 390 / 416
Sampling 400 / 416
Sampling 410 / 416
  -> temp/E1_v5b/P-cm/3_y_conditional/156__s0/chord2mel
=== [62/285] 156__s1
  [tempo] output_bpm=120.00
torch.Size([1, 416, 32]) torch.Size([1, 416, 32])
Yinyang Sampling
Sampling 80 / 416
Sampling 90 / 416
Sampling 100 / 416
Sampling 110 / 416
Sampling 120 / 416
Sampling 130 / 416
Sampling 140 / 416
Sampling 150 / 416
Sampling 160 / 416
Sampling 170 / 416
Sampling 180 / 416
Sampling 190 / 416
Sampling 200 / 416
Sampling 210 / 416
Sampling 220 / 416
Sampling 230 / 416
Sampling 240 / 416
Sampling 250 / 416
Sampling 260 / 416
Sampling 270 / 416
Sampling 280 / 416
Sampling 290 / 416
Sampling 300 / 416
Sampling 310 / 416
Sampling 320 / 416
Sampling 330 / 416
Sampling 340 / 416
Sampling 350 / 416
Sampling 360 / 416
Sampling 370 / 416
Sampling 380 / 416
Sampling 390 / 416
Sampling 400 / 416
Sampling 410 / 416
  -> temp/E1_v5b/P-cm/3_y_conditional/156__s1/chord2mel
=== [63/285] 156__s2
  [tempo] output_bpm=120.00
torch.Size([1, 416, 32]) torch.Size([1, 416, 32])
Yinyang Sampling
Sampling 80 / 416
Sampling 90 / 416
Sampling 100 / 416
Sampling 110 / 416
Sampling 120 / 416
Sampling 130 / 416
Sampling 140 / 416
Sampling 150 / 416
Sampling 160 / 416
Sampling 170 / 416
Sampling 180 / 416
Sampling 190 / 416
Sampling 200 / 416
Sampling 210 / 416
Sampling 220 / 416
Sampling 230 / 416
Sampling 240 / 416
Sampling 250 / 416
Sampling 260 / 416
Sampling 270 / 416
Sampling 280 / 416
Sampling 290 / 416
Sampling 300 / 416
Sampling 310 / 416
Sampling 320 / 416
Sampling 330 / 416
Sampling 340 / 416
Sampling 350 / 416
Sampling 360 / 416
Sampling 370 / 416
Sampling 380 / 416
Sampling 390 / 416
Sampling 400 / 416
Sampling 410 / 416
  -> temp/E1_v5b/P-cm/3_y_conditional/156__s2/chord2mel
=== [64/285] 166__s0
  [tempo] output_bpm=120.00
torch.Size([1, 416, 32]) torch.Size([1, 416, 32])
Yinyang Sampling
Sampling 80 / 416
Sampling 90 / 416
Sampling 100 / 416
Sampling 110 / 416
Sampling 120 / 416
Sampling 130 / 416
Sampling 140 / 416
Sampling 150 / 416
Sampling 160 / 416
Sampling 170 / 416
Sampling 180 / 416
Sampling 190 / 416
Sampling 200 / 416
Sampling 210 / 416
Sampling 220 / 416
Sampling 230 / 416
Sampling 240 / 416
Sampling 250 / 416
Sampling 260 / 416
Sampling 270 / 416
Sampling 280 / 416
Sampling 290 / 416
Sampling 300 / 416
Sampling 310 / 416
Sampling 320 / 416
Sampling 330 / 416
Sampling 340 / 416
Sampling 350 / 416
Sampling 360 / 416
Sampling 370 / 416
Sampling 380 / 416
Sampling 390 / 416
Sampling 400 / 416
Sampling 410 / 416
  -> temp/E1_v5b/P-cm/3_y_conditional/166__s0/chord2mel
=== [65/285] 166__s1
  [tempo] output_bpm=120.00
torch.Size([1, 416, 32]) torch.Size([1, 416, 32])
Yinyang Sampling
Sampling 80 / 416
Sampling 90 / 416
Sampling 100 / 416
Sampling 110 / 416
Sampling 120 / 416
Sampling 130 / 416
Sampling 140 / 416
Sampling 150 / 416
Sampling 160 / 416
Sampling 170 / 416
Sampling 180 / 416
Sampling 190 / 416
Sampling 200 / 416
Sampling 210 / 416
Sampling 220 / 416
Sampling 230 / 416
Sampling 240 / 416
Sampling 250 / 416
Sampling 260 / 416
Sampling 270 / 416
Sampling 280 / 416
Sampling 290 / 416
Sampling 300 / 416
Sampling 310 / 416
Sampling 320 / 416
Sampling 330 / 416
Sampling 340 / 416
Sampling 350 / 416
Sampling 360 / 416
Sampling 370 / 416
Sampling 380 / 416
Sampling 390 / 416
Sampling 400 / 416
Sampling 410 / 416
  -> temp/E1_v5b/P-cm/3_y_conditional/166__s1/chord2mel
=== [66/285] 166__s2
  [tempo] output_bpm=120.00
torch.Size([1, 416, 32]) torch.Size([1, 416, 32])
Yinyang Sampling
Sampling 80 / 416
Sampling 90 / 416
Sampling 100 / 416
Sampling 110 / 416
Sampling 120 / 416
Sampling 130 / 416
Sampling 140 / 416
Sampling 150 / 416
Sampling 160 / 416
Sampling 170 / 416
Sampling 180 / 416
Sampling 190 / 416
Sampling 200 / 416
Sampling 210 / 416
Sampling 220 / 416
Sampling 230 / 416
Sampling 240 / 416
Sampling 250 / 416
Sampling 260 / 416
Sampling 270 / 416
Sampling 280 / 416
Sampling 290 / 416
Sampling 300 / 416
Sampling 310 / 416
Sampling 320 / 416
Sampling 330 / 416
Sampling 340 / 416
Sampling 350 / 416
Sampling 360 / 416
Sampling 370 / 416
Sampling 380 / 416
Sampling 390 / 416
Sampling 400 / 416
Sampling 410 / 416
  -> temp/E1_v5b/P-cm/3_y_conditional/166__s2/chord2mel
=== [67/285] 176__s0
  [tempo] output_bpm=120.00
torch.Size([1, 416, 32]) torch.Size([1, 416, 32])
Yinyang Sampling
Sampling 80 / 416
Sampling 90 / 416
Sampling 100 / 416
Sampling 110 / 416
Sampling 120 / 416
Sampling 130 / 416
Sampling 140 / 416
Sampling 150 / 416
Sampling 160 / 416
Sampling 170 / 416
Sampling 180 / 416
Sampling 190 / 416
Sampling 200 / 416
Sampling 210 / 416
Sampling 220 / 416
Sampling 230 / 416
Sampling 240 / 416
Sampling 250 / 416
Sampling 260 / 416
Sampling 270 / 416
Sampling 280 / 416
Sampling 290 / 416
Sampling 300 / 416
Sampling 310 / 416
Sampling 320 / 416
Sampling 330 / 416
Sampling 340 / 416
Sampling 350 / 416
Sampling 360 / 416
Sampling 370 / 416
Sampling 380 / 416
Sampling 390 / 416
Sampling 400 / 416
Sampling 410 / 416
  -> temp/E1_v5b/P-cm/3_y_conditional/176__s0/chord2mel
=== [68/285] 176__s1
  [tempo] output_bpm=120.00
torch.Size([1, 416, 32]) torch.Size([1, 416, 32])
Yinyang Sampling
Sampling 80 / 416
Sampling 90 / 416
Sampling 100 / 416
Sampling 110 / 416
Sampling 120 / 416
Sampling 130 / 416
Sampling 140 / 416
Sampling 150 / 416
Sampling 160 / 416
Sampling 170 / 416
Sampling 180 / 416
Sampling 190 / 416
Sampling 200 / 416
Sampling 210 / 416
Sampling 220 / 416
Sampling 230 / 416
Sampling 240 / 416
Sampling 250 / 416
Sampling 260 / 416
Sampling 270 / 416
Sampling 280 / 416
Sampling 290 / 416
Sampling 300 / 416
Sampling 310 / 416
Sampling 320 / 416
Sampling 330 / 416
Sampling 340 / 416
Sampling 350 / 416
Sampling 360 / 416
Sampling 370 / 416
Sampling 380 / 416
Sampling 390 / 416
Sampling 400 / 416
Sampling 410 / 416
  -> temp/E1_v5b/P-cm/3_y_conditional/176__s1/chord2mel
=== [69/285] 176__s2
  [tempo] output_bpm=120.00
torch.Size([1, 416, 32]) torch.Size([1, 416, 32])
Yinyang Sampling
Sampling 80 / 416
Sampling 90 / 416
Sampling 100 / 416
Sampling 110 / 416
Sampling 120 / 416
Sampling 130 / 416
Sampling 140 / 416
Sampling 150 / 416
Sampling 160 / 416
Sampling 170 / 416
Sampling 180 / 416
Sampling 190 / 416
Sampling 200 / 416
Sampling 210 / 416
Sampling 220 / 416
Sampling 230 / 416
Sampling 240 / 416
Sampling 250 / 416
Sampling 260 / 416
Sampling 270 / 416
Sampling 280 / 416
Sampling 290 / 416
Sampling 300 / 416
Sampling 310 / 416
Sampling 320 / 416
Sampling 330 / 416
Sampling 340 / 416
Sampling 350 / 416
Sampling 360 / 416
Sampling 370 / 416
Sampling 380 / 416
Sampling 390 / 416
Sampling 400 / 416
Sampling 410 / 416
  -> temp/E1_v5b/P-cm/3_y_conditional/176__s2/chord2mel
=== [70/285] 186__s0
  [tempo] output_bpm=120.00
torch.Size([1, 416, 32]) torch.Size([1, 416, 32])
Yinyang Sampling
Sampling 80 / 416
Sampling 90 / 416
Sampling 100 / 416
Sampling 110 / 416
Sampling 120 / 416
Sampling 130 / 416
Sampling 140 / 416
Sampling 150 / 416
Sampling 160 / 416
Sampling 170 / 416
Sampling 180 / 416
Sampling 190 / 416
Sampling 200 / 416
Sampling 210 / 416
Sampling 220 / 416
Sampling 230 / 416
Sampling 240 / 416
Sampling 250 / 416
Sampling 260 / 416
Sampling 270 / 416
Sampling 280 / 416
Sampling 290 / 416
Sampling 300 / 416
Sampling 310 / 416
Sampling 320 / 416
Sampling 330 / 416
Sampling 340 / 416
Sampling 350 / 416
Sampling 360 / 416
Sampling 370 / 416
Sampling 380 / 416
Sampling 390 / 416
Sampling 400 / 416
Sampling 410 / 416
  -> temp/E1_v5b/P-cm/3_y_conditional/186__s0/chord2mel
=== [71/285] 186__s1
  [tempo] output_bpm=120.00
torch.Size([1, 416, 32]) torch.Size([1, 416, 32])
Yinyang Sampling
Sampling 80 / 416
Sampling 90 / 416
Sampling 100 / 416
Sampling 110 / 416
Sampling 120 / 416
Sampling 130 / 416
Sampling 140 / 416
Sampling 150 / 416
Sampling 160 / 416
Sampling 170 / 416
Sampling 180 / 416
Sampling 190 / 416
Sampling 200 / 416
Sampling 210 / 416
Sampling 220 / 416
Sampling 230 / 416
Sampling 240 / 416
Sampling 250 / 416
Sampling 260 / 416
Sampling 270 / 416
Sampling 280 / 416
Sampling 290 / 416
Sampling 300 / 416
Sampling 310 / 416
Sampling 320 / 416
Sampling 330 / 416
Sampling 340 / 416
Sampling 350 / 416
Sampling 360 / 416
Sampling 370 / 416
Sampling 380 / 416
Sampling 390 / 416
Sampling 400 / 416
Sampling 410 / 416
  -> temp/E1_v5b/P-cm/3_y_conditional/186__s1/chord2mel
=== [72/285] 186__s2
  [tempo] output_bpm=120.00
torch.Size([1, 416, 32]) torch.Size([1, 416, 32])
Yinyang Sampling
Sampling 80 / 416
Sampling 90 / 416
Sampling 100 / 416
Sampling 110 / 416
Sampling 120 / 416
Sampling 130 / 416
Sampling 140 / 416
Sampling 150 / 416
Sampling 160 / 416
Sampling 170 / 416
Sampling 180 / 416
Sampling 190 / 416
Sampling 200 / 416
Sampling 210 / 416
Sampling 220 / 416
Sampling 230 / 416
Sampling 240 / 416
Sampling 250 / 416
Sampling 260 / 416
Sampling 270 / 416
Sampling 280 / 416
Sampling 290 / 416
Sampling 300 / 416
Sampling 310 / 416
Sampling 320 / 416
Sampling 330 / 416
Sampling 340 / 416
Sampling 350 / 416
Sampling 360 / 416
Sampling 370 / 416
Sampling 380 / 416
Sampling 390 / 416
Sampling 400 / 416
Sampling 410 / 416
  -> temp/E1_v5b/P-cm/3_y_conditional/186__s2/chord2mel
=== [73/285] 196__s0
  [tempo] output_bpm=120.00
torch.Size([1, 416, 32]) torch.Size([1, 416, 32])
Yinyang Sampling
Sampling 80 / 416
Sampling 90 / 416
Sampling 100 / 416
Sampling 110 / 416
Sampling 120 / 416
Sampling 130 / 416
Sampling 140 / 416
Sampling 150 / 416
Sampling 160 / 416
Sampling 170 / 416
Sampling 180 / 416
Sampling 190 / 416
Sampling 200 / 416
Sampling 210 / 416
Sampling 220 / 416
Sampling 230 / 416
Sampling 240 / 416
Sampling 250 / 416
Sampling 260 / 416
Sampling 270 / 416
Sampling 280 / 416
Sampling 290 / 416
Sampling 300 / 416
Sampling 310 / 416
Sampling 320 / 416
Sampling 330 / 416
Sampling 340 / 416
Sampling 350 / 416
Sampling 360 / 416
Sampling 370 / 416
Sampling 380 / 416
Sampling 390 / 416
Sampling 400 / 416
Sampling 410 / 416
  -> temp/E1_v5b/P-cm/3_y_conditional/196__s0/chord2mel
=== [74/285] 196__s1
  [tempo] output_bpm=120.00
torch.Size([1, 416, 32]) torch.Size([1, 416, 32])
Yinyang Sampling
Sampling 80 / 416
Sampling 90 / 416
Sampling 100 / 416
Sampling 110 / 416
Sampling 120 / 416
Sampling 130 / 416
Sampling 140 / 416
Sampling 150 / 416
Sampling 160 / 416
Sampling 170 / 416
Sampling 180 / 416
Sampling 190 / 416
Sampling 200 / 416
Sampling 210 / 416
Sampling 220 / 416
Sampling 230 / 416
Sampling 240 / 416
Sampling 250 / 416
Sampling 260 / 416
Sampling 270 / 416
Sampling 280 / 416
Sampling 290 / 416
Sampling 300 / 416
Sampling 310 / 416
Sampling 320 / 416
Sampling 330 / 416
Sampling 340 / 416
Sampling 350 / 416
Sampling 360 / 416
Sampling 370 / 416
Sampling 380 / 416
Sampling 390 / 416
Sampling 400 / 416
Sampling 410 / 416
  -> temp/E1_v5b/P-cm/3_y_conditional/196__s1/chord2mel
=== [75/285] 196__s2
  [tempo] output_bpm=120.00
torch.Size([1, 416, 32]) torch.Size([1, 416, 32])
Yinyang Sampling
Sampling 80 / 416
Sampling 90 / 416
Sampling 100 / 416
Sampling 110 / 416
Sampling 120 / 416
Sampling 130 / 416
Sampling 140 / 416
Sampling 150 / 416
Sampling 160 / 416
Sampling 170 / 416
Sampling 180 / 416
Sampling 190 / 416
Sampling 200 / 416
Sampling 210 / 416
Sampling 220 / 416
Sampling 230 / 416
Sampling 240 / 416
Sampling 250 / 416
Sampling 260 / 416
Sampling 270 / 416
Sampling 280 / 416
Sampling 290 / 416
Sampling 300 / 416
Sampling 310 / 416
Sampling 320 / 416
Sampling 330 / 416
Sampling 340 / 416
Sampling 350 / 416
Sampling 360 / 416
Sampling 370 / 416
Sampling 380 / 416
Sampling 390 / 416
Sampling 400 / 416
Sampling 410 / 416
  -> temp/E1_v5b/P-cm/3_y_conditional/196__s2/chord2mel
=== [76/285] 206__s0
  [tempo] output_bpm=120.00
torch.Size([1, 416, 32]) torch.Size([1, 416, 32])
Yinyang Sampling
Sampling 80 / 416
Sampling 90 / 416
Sampling 100 / 416
Sampling 110 / 416
Sampling 120 / 416
Sampling 130 / 416
Sampling 140 / 416
Sampling 150 / 416
Sampling 160 / 416
Sampling 170 / 416
Sampling 180 / 416
Sampling 190 / 416
Sampling 200 / 416
Sampling 210 / 416
Sampling 220 / 416
Sampling 230 / 416
Sampling 240 / 416
Sampling 250 / 416
Sampling 260 / 416
Sampling 270 / 416
Sampling 280 / 416
Sampling 290 / 416
Sampling 300 / 416
Sampling 310 / 416
Sampling 320 / 416
Sampling 330 / 416
Sampling 340 / 416
Sampling 350 / 416
Sampling 360 / 416
Sampling 370 / 416
Sampling 380 / 416
Sampling 390 / 416
Sampling 400 / 416
Sampling 410 / 416
  -> temp/E1_v5b/P-cm/3_y_conditional/206__s0/chord2mel
=== [77/285] 206__s1
  [tempo] output_bpm=120.00
torch.Size([1, 416, 32]) torch.Size([1, 416, 32])
Yinyang Sampling
Sampling 80 / 416
Sampling 90 / 416
Sampling 100 / 416
Sampling 110 / 416
Sampling 120 / 416
Sampling 130 / 416
Sampling 140 / 416
Sampling 150 / 416
Sampling 160 / 416
Sampling 170 / 416
Sampling 180 / 416
Sampling 190 / 416
Sampling 200 / 416
Sampling 210 / 416
Sampling 220 / 416
Sampling 230 / 416
Sampling 240 / 416
Sampling 250 / 416
Sampling 260 / 416
Sampling 270 / 416
Sampling 280 / 416
Sampling 290 / 416
Sampling 300 / 416
Sampling 310 / 416
Sampling 320 / 416
Sampling 330 / 416
Sampling 340 / 416
Sampling 350 / 416
Sampling 360 / 416
Sampling 370 / 416
Sampling 380 / 416
Sampling 390 / 416
Sampling 400 / 416
Sampling 410 / 416
  -> temp/E1_v5b/P-cm/3_y_conditional/206__s1/chord2mel
=== [78/285] 206__s2
  [tempo] output_bpm=120.00
torch.Size([1, 416, 32]) torch.Size([1, 416, 32])
Yinyang Sampling
Sampling 80 / 416
Sampling 90 / 416
Sampling 100 / 416
Sampling 110 / 416
Sampling 120 / 416
Sampling 130 / 416
Sampling 140 / 416
Sampling 150 / 416
Sampling 160 / 416
Sampling 170 / 416
Sampling 180 / 416
Sampling 190 / 416
Sampling 200 / 416
Sampling 210 / 416
Sampling 220 / 416
Sampling 230 / 416
Sampling 240 / 416
Sampling 250 / 416
Sampling 260 / 416
Sampling 270 / 416
Sampling 280 / 416
Sampling 290 / 416
Sampling 300 / 416
Sampling 310 / 416
Sampling 320 / 416
Sampling 330 / 416
Sampling 340 / 416
Sampling 350 / 416
Sampling 360 / 416
Sampling 370 / 416
Sampling 380 / 416
Sampling 390 / 416
Sampling 400 / 416
Sampling 410 / 416
  -> temp/E1_v5b/P-cm/3_y_conditional/206__s2/chord2mel
=== [79/285] 216__s0
  [tempo] output_bpm=120.00
torch.Size([1, 416, 32]) torch.Size([1, 416, 32])
Yinyang Sampling
Sampling 80 / 416
Sampling 90 / 416
Sampling 100 / 416
Sampling 110 / 416
Sampling 120 / 416
Sampling 130 / 416
Sampling 140 / 416
Sampling 150 / 416
Sampling 160 / 416
Sampling 170 / 416
Sampling 180 / 416
Sampling 190 / 416
Sampling 200 / 416
Sampling 210 / 416
Sampling 220 / 416
Sampling 230 / 416
Sampling 240 / 416
Sampling 250 / 416
Sampling 260 / 416
Sampling 270 / 416
Sampling 280 / 416
Sampling 290 / 416
Sampling 300 / 416
Sampling 310 / 416
Sampling 320 / 416
Sampling 330 / 416
Sampling 340 / 416
Sampling 350 / 416
Sampling 360 / 416
Sampling 370 / 416
Sampling 380 / 416
Sampling 390 / 416
Sampling 400 / 416
Sampling 410 / 416
  -> temp/E1_v5b/P-cm/3_y_conditional/216__s0/chord2mel
=== [80/285] 216__s1
  [tempo] output_bpm=120.00
torch.Size([1, 416, 32]) torch.Size([1, 416, 32])
Yinyang Sampling
Sampling 80 / 416
Sampling 90 / 416
Sampling 100 / 416
Sampling 110 / 416
Sampling 120 / 416
Sampling 130 / 416
Sampling 140 / 416
Sampling 150 / 416
Sampling 160 / 416
Sampling 170 / 416
Sampling 180 / 416
Sampling 190 / 416
Sampling 200 / 416
Sampling 210 / 416
Sampling 220 / 416
Sampling 230 / 416
Sampling 240 / 416
Sampling 250 / 416
Sampling 260 / 416
Sampling 270 / 416
Sampling 280 / 416
Sampling 290 / 416
Sampling 300 / 416
Sampling 310 / 416
Sampling 320 / 416
Sampling 330 / 416
Sampling 340 / 416
Sampling 350 / 416
Sampling 360 / 416
Sampling 370 / 416
Sampling 380 / 416
Sampling 390 / 416
Sampling 400 / 416
Sampling 410 / 416
  -> temp/E1_v5b/P-cm/3_y_conditional/216__s1/chord2mel
=== [81/285] 216__s2
  [tempo] output_bpm=120.00
torch.Size([1, 416, 32]) torch.Size([1, 416, 32])
Yinyang Sampling
Sampling 80 / 416
Sampling 90 / 416
Sampling 100 / 416
Sampling 110 / 416
Sampling 120 / 416
Sampling 130 / 416
Sampling 140 / 416
Sampling 150 / 416
Sampling 160 / 416
Sampling 170 / 416
Sampling 180 / 416
Sampling 190 / 416
Sampling 200 / 416
Sampling 210 / 416
Sampling 220 / 416
Sampling 230 / 416
Sampling 240 / 416
Sampling 250 / 416
Sampling 260 / 416
Sampling 270 / 416
Sampling 280 / 416
Sampling 290 / 416
Sampling 300 / 416
Sampling 310 / 416
Sampling 320 / 416
Sampling 330 / 416
Sampling 340 / 416
Sampling 350 / 416
Sampling 360 / 416
Sampling 370 / 416
Sampling 380 / 416
Sampling 390 / 416
Sampling 400 / 416
Sampling 410 / 416
  -> temp/E1_v5b/P-cm/3_y_conditional/216__s2/chord2mel
=== [82/285] 226__s0
  [tempo] output_bpm=120.00
torch.Size([1, 416, 32]) torch.Size([1, 416, 32])
Yinyang Sampling
Sampling 80 / 416
Sampling 90 / 416
Sampling 100 / 416
Sampling 110 / 416
Sampling 120 / 416
Sampling 130 / 416
Sampling 140 / 416
Sampling 150 / 416
Sampling 160 / 416
Sampling 170 / 416
Sampling 180 / 416
Sampling 190 / 416
Sampling 200 / 416
Sampling 210 / 416
Sampling 220 / 416
Sampling 230 / 416
Sampling 240 / 416
Sampling 250 / 416
Sampling 260 / 416
Sampling 270 / 416
Sampling 280 / 416
Sampling 290 / 416
Sampling 300 / 416
Sampling 310 / 416
Sampling 320 / 416
Sampling 330 / 416
Sampling 340 / 416
Sampling 350 / 416
Sampling 360 / 416
Sampling 370 / 416
Sampling 380 / 416
Sampling 390 / 416
Sampling 400 / 416
Sampling 410 / 416
  -> temp/E1_v5b/P-cm/3_y_conditional/226__s0/chord2mel
=== [83/285] 226__s1
  [tempo] output_bpm=120.00
torch.Size([1, 416, 32]) torch.Size([1, 416, 32])
Yinyang Sampling
Sampling 80 / 416
Sampling 90 / 416
Sampling 100 / 416
Sampling 110 / 416
Sampling 120 / 416
Sampling 130 / 416
Sampling 140 / 416
Sampling 150 / 416
Sampling 160 / 416
Sampling 170 / 416
Sampling 180 / 416
Sampling 190 / 416
Sampling 200 / 416
Sampling 210 / 416
Sampling 220 / 416
Sampling 230 / 416
Sampling 240 / 416
Sampling 250 / 416
Sampling 260 / 416
Sampling 270 / 416
Sampling 280 / 416
Sampling 290 / 416
Sampling 300 / 416
Sampling 310 / 416
Sampling 320 / 416
Sampling 330 / 416
Sampling 340 / 416
Sampling 350 / 416
Sampling 360 / 416
Sampling 370 / 416
Sampling 380 / 416
Sampling 390 / 416
Sampling 400 / 416
Sampling 410 / 416
  -> temp/E1_v5b/P-cm/3_y_conditional/226__s1/chord2mel
=== [84/285] 226__s2
  [tempo] output_bpm=120.00
torch.Size([1, 416, 32]) torch.Size([1, 416, 32])
Yinyang Sampling
Sampling 80 / 416
Sampling 90 / 416
Sampling 100 / 416
Sampling 110 / 416
Sampling 120 / 416
Sampling 130 / 416
Sampling 140 / 416
Sampling 150 / 416
Sampling 160 / 416
Sampling 170 / 416
Sampling 180 / 416
Sampling 190 / 416
Sampling 200 / 416
Sampling 210 / 416
Sampling 220 / 416
Sampling 230 / 416
Sampling 240 / 416
Sampling 250 / 416
Sampling 260 / 416
Sampling 270 / 416
Sampling 280 / 416
Sampling 290 / 416
Sampling 300 / 416
Sampling 310 / 416
Sampling 320 / 416
Sampling 330 / 416
Sampling 340 / 416
Sampling 350 / 416
Sampling 360 / 416
Sampling 370 / 416
Sampling 380 / 416
Sampling 390 / 416
Sampling 400 / 416
Sampling 410 / 416
  -> temp/E1_v5b/P-cm/3_y_conditional/226__s2/chord2mel
=== [85/285] 236__s0
  [tempo] output_bpm=120.00
torch.Size([1, 416, 32]) torch.Size([1, 416, 32])
Yinyang Sampling
Sampling 80 / 416
Sampling 90 / 416
Sampling 100 / 416
Sampling 110 / 416
Sampling 120 / 416
Sampling 130 / 416
Sampling 140 / 416
Sampling 150 / 416
Sampling 160 / 416
Sampling 170 / 416
Sampling 180 / 416
Sampling 190 / 416
Sampling 200 / 416
Sampling 210 / 416
Sampling 220 / 416
Sampling 230 / 416
Sampling 240 / 416
Sampling 250 / 416
Sampling 260 / 416
Sampling 270 / 416
Sampling 280 / 416
Sampling 290 / 416
Sampling 300 / 416
Sampling 310 / 416
Sampling 320 / 416
Sampling 330 / 416
Sampling 340 / 416
Sampling 350 / 416
Sampling 360 / 416
Sampling 370 / 416
Sampling 380 / 416
Sampling 390 / 416
Sampling 400 / 416
Sampling 410 / 416
  -> temp/E1_v5b/P-cm/3_y_conditional/236__s0/chord2mel
=== [86/285] 236__s1
  [tempo] output_bpm=120.00
torch.Size([1, 416, 32]) torch.Size([1, 416, 32])
Yinyang Sampling
Sampling 80 / 416
Sampling 90 / 416
Sampling 100 / 416
Sampling 110 / 416
Sampling 120 / 416
Sampling 130 / 416
Sampling 140 / 416
Sampling 150 / 416
Sampling 160 / 416
Sampling 170 / 416
Sampling 180 / 416
Sampling 190 / 416
Sampling 200 / 416
Sampling 210 / 416
Sampling 220 / 416
Sampling 230 / 416
Sampling 240 / 416
Sampling 250 / 416
Sampling 260 / 416
Sampling 270 / 416
Sampling 280 / 416
Sampling 290 / 416
Sampling 300 / 416
Sampling 310 / 416
Sampling 320 / 416
Sampling 330 / 416
Sampling 340 / 416
Sampling 350 / 416
Sampling 360 / 416
Sampling 370 / 416
Sampling 380 / 416
Sampling 390 / 416
Sampling 400 / 416
Sampling 410 / 416
  -> temp/E1_v5b/P-cm/3_y_conditional/236__s1/chord2mel
=== [87/285] 236__s2
  [tempo] output_bpm=120.00
torch.Size([1, 416, 32]) torch.Size([1, 416, 32])
Yinyang Sampling
Sampling 80 / 416
Sampling 90 / 416
Sampling 100 / 416
Sampling 110 / 416
Sampling 120 / 416
Sampling 130 / 416
Sampling 140 / 416
Sampling 150 / 416
Sampling 160 / 416
Sampling 170 / 416
Sampling 180 / 416
Sampling 190 / 416
Sampling 200 / 416
Sampling 210 / 416
Sampling 220 / 416
Sampling 230 / 416
Sampling 240 / 416
Sampling 250 / 416
Sampling 260 / 416
Sampling 270 / 416
Sampling 280 / 416
Sampling 290 / 416
Sampling 300 / 416
Sampling 310 / 416
Sampling 320 / 416
Sampling 330 / 416
Sampling 340 / 416
Sampling 350 / 416
Sampling 360 / 416
Sampling 370 / 416
Sampling 380 / 416
Sampling 390 / 416
Sampling 400 / 416
Sampling 410 / 416
  -> temp/E1_v5b/P-cm/3_y_conditional/236__s2/chord2mel
=== [88/285] 246__s0
  [tempo] output_bpm=120.00
torch.Size([1, 416, 32]) torch.Size([1, 416, 32])
Yinyang Sampling
Sampling 80 / 416
Sampling 90 / 416
Sampling 100 / 416
Sampling 110 / 416
Sampling 120 / 416
Sampling 130 / 416
Sampling 140 / 416
Sampling 150 / 416
Sampling 160 / 416
Sampling 170 / 416
Sampling 180 / 416
Sampling 190 / 416
Sampling 200 / 416
Sampling 210 / 416
Sampling 220 / 416
Sampling 230 / 416
Sampling 240 / 416
Sampling 250 / 416
Sampling 260 / 416
Sampling 270 / 416
Sampling 280 / 416
Sampling 290 / 416
Sampling 300 / 416
Sampling 310 / 416
Sampling 320 / 416
Sampling 330 / 416
Sampling 340 / 416
Sampling 350 / 416
Sampling 360 / 416
Sampling 370 / 416
Sampling 380 / 416
Sampling 390 / 416
Sampling 400 / 416
Sampling 410 / 416
  -> temp/E1_v5b/P-cm/3_y_conditional/246__s0/chord2mel
=== [89/285] 246__s1
  [tempo] output_bpm=120.00
torch.Size([1, 416, 32]) torch.Size([1, 416, 32])
Yinyang Sampling
Sampling 80 / 416
Sampling 90 / 416
Sampling 100 / 416
Sampling 110 / 416
Sampling 120 / 416
Sampling 130 / 416
Sampling 140 / 416
Sampling 150 / 416
Sampling 160 / 416
Sampling 170 / 416
Sampling 180 / 416
Sampling 190 / 416
Sampling 200 / 416
Sampling 210 / 416
Sampling 220 / 416
Sampling 230 / 416
Sampling 240 / 416
Sampling 250 / 416
Sampling 260 / 416
Sampling 270 / 416
Sampling 280 / 416
Sampling 290 / 416
Sampling 300 / 416
Sampling 310 / 416
Sampling 320 / 416
Sampling 330 / 416
Sampling 340 / 416
Sampling 350 / 416
Sampling 360 / 416
Sampling 370 / 416
Sampling 380 / 416
Sampling 390 / 416
Sampling 400 / 416
Sampling 410 / 416
  -> temp/E1_v5b/P-cm/3_y_conditional/246__s1/chord2mel
=== [90/285] 246__s2
  [tempo] output_bpm=120.00
torch.Size([1, 416, 32]) torch.Size([1, 416, 32])
Yinyang Sampling
Sampling 80 / 416
Sampling 90 / 416
Sampling 100 / 416
Sampling 110 / 416
Sampling 120 / 416
Sampling 130 / 416
Sampling 140 / 416
Sampling 150 / 416
Sampling 160 / 416
Sampling 170 / 416
Sampling 180 / 416
Sampling 190 / 416
Sampling 200 / 416
Sampling 210 / 416
Sampling 220 / 416
Sampling 230 / 416
Sampling 240 / 416
Sampling 250 / 416
Sampling 260 / 416
Sampling 270 / 416
Sampling 280 / 416
Sampling 290 / 416
Sampling 300 / 416
Sampling 310 / 416
Sampling 320 / 416
Sampling 330 / 416
Sampling 340 / 416
Sampling 350 / 416
Sampling 360 / 416
Sampling 370 / 416
Sampling 380 / 416
Sampling 390 / 416
Sampling 400 / 416
Sampling 410 / 416
  -> temp/E1_v5b/P-cm/3_y_conditional/246__s2/chord2mel
=== [91/285] 256__s0
  [tempo] output_bpm=120.00
torch.Size([1, 416, 32]) torch.Size([1, 416, 32])
Yinyang Sampling
Sampling 80 / 416
Sampling 90 / 416
Sampling 100 / 416
Sampling 110 / 416
Sampling 120 / 416
Sampling 130 / 416
Sampling 140 / 416
Sampling 150 / 416
Sampling 160 / 416
Sampling 170 / 416
Sampling 180 / 416
Sampling 190 / 416
Sampling 200 / 416
Sampling 210 / 416
Sampling 220 / 416
Sampling 230 / 416
Sampling 240 / 416
Sampling 250 / 416
Sampling 260 / 416
Sampling 270 / 416
Sampling 280 / 416
Sampling 290 / 416
Sampling 300 / 416
Sampling 310 / 416
Sampling 320 / 416
Sampling 330 / 416
Sampling 340 / 416
Sampling 350 / 416
Sampling 360 / 416
Sampling 370 / 416
Sampling 380 / 416
Sampling 390 / 416
Sampling 400 / 416
Sampling 410 / 416
  -> temp/E1_v5b/P-cm/3_y_conditional/256__s0/chord2mel
=== [92/285] 256__s1
  [tempo] output_bpm=120.00
torch.Size([1, 416, 32]) torch.Size([1, 416, 32])
Yinyang Sampling
Sampling 80 / 416
Sampling 90 / 416
Sampling 100 / 416
Sampling 110 / 416
Sampling 120 / 416
Sampling 130 / 416
Sampling 140 / 416
Sampling 150 / 416
Sampling 160 / 416
Sampling 170 / 416
Sampling 180 / 416
Sampling 190 / 416
Sampling 200 / 416
Sampling 210 / 416
Sampling 220 / 416
Sampling 230 / 416
Sampling 240 / 416
Sampling 250 / 416
Sampling 260 / 416
Sampling 270 / 416
Sampling 280 / 416
Sampling 290 / 416
Sampling 300 / 416
Sampling 310 / 416
Sampling 320 / 416
Sampling 330 / 416
Sampling 340 / 416
Sampling 350 / 416
Sampling 360 / 416
Sampling 370 / 416
Sampling 380 / 416
Sampling 390 / 416
Sampling 400 / 416
Sampling 410 / 416
  -> temp/E1_v5b/P-cm/3_y_conditional/256__s1/chord2mel
=== [93/285] 256__s2
  [tempo] output_bpm=120.00
torch.Size([1, 416, 32]) torch.Size([1, 416, 32])
Yinyang Sampling
Sampling 80 / 416
Sampling 90 / 416
Sampling 100 / 416
Sampling 110 / 416
Sampling 120 / 416
Sampling 130 / 416
Sampling 140 / 416
Sampling 150 / 416
Sampling 160 / 416
Sampling 170 / 416
Sampling 180 / 416
Sampling 190 / 416
Sampling 200 / 416
Sampling 210 / 416
Sampling 220 / 416
Sampling 230 / 416
Sampling 240 / 416
Sampling 250 / 416
Sampling 260 / 416
Sampling 270 / 416
Sampling 280 / 416
Sampling 290 / 416
Sampling 300 / 416
Sampling 310 / 416
Sampling 320 / 416
Sampling 330 / 416
Sampling 340 / 416
Sampling 350 / 416
Sampling 360 / 416
Sampling 370 / 416
Sampling 380 / 416
Sampling 390 / 416
Sampling 400 / 416
Sampling 410 / 416
  -> temp/E1_v5b/P-cm/3_y_conditional/256__s2/chord2mel
=== [94/285] 266__s0
  [tempo] output_bpm=120.00
torch.Size([1, 416, 32]) torch.Size([1, 416, 32])
Yinyang Sampling
Sampling 80 / 416
Sampling 90 / 416
Sampling 100 / 416
Sampling 110 / 416
Sampling 120 / 416
Sampling 130 / 416
Sampling 140 / 416
Sampling 150 / 416
Sampling 160 / 416
Sampling 170 / 416
Sampling 180 / 416
Sampling 190 / 416
Sampling 200 / 416
Sampling 210 / 416
Sampling 220 / 416
Sampling 230 / 416
Sampling 240 / 416
Sampling 250 / 416
Sampling 260 / 416
Sampling 270 / 416
Sampling 280 / 416
Sampling 290 / 416
Sampling 300 / 416
Sampling 310 / 416
Sampling 320 / 416
Sampling 330 / 416
Sampling 340 / 416
Sampling 350 / 416
Sampling 360 / 416
Sampling 370 / 416
Sampling 380 / 416
Sampling 390 / 416
Sampling 400 / 416
Sampling 410 / 416
  -> temp/E1_v5b/P-cm/3_y_conditional/266__s0/chord2mel
=== [95/285] 266__s1
  [tempo] output_bpm=120.00
torch.Size([1, 416, 32]) torch.Size([1, 416, 32])
Yinyang Sampling
Sampling 80 / 416
Sampling 90 / 416
Sampling 100 / 416
Sampling 110 / 416
Sampling 120 / 416
Sampling 130 / 416
Sampling 140 / 416
Sampling 150 / 416
Sampling 160 / 416
Sampling 170 / 416
Sampling 180 / 416
Sampling 190 / 416
Sampling 200 / 416
Sampling 210 / 416
Sampling 220 / 416
Sampling 230 / 416
Sampling 240 / 416
Sampling 250 / 416
Sampling 260 / 416
Sampling 270 / 416
Sampling 280 / 416
Sampling 290 / 416
Sampling 300 / 416
Sampling 310 / 416
Sampling 320 / 416
Sampling 330 / 416
Sampling 340 / 416
Sampling 350 / 416
Sampling 360 / 416
Sampling 370 / 416
Sampling 380 / 416
Sampling 390 / 416
Sampling 400 / 416
Sampling 410 / 416
  -> temp/E1_v5b/P-cm/3_y_conditional/266__s1/chord2mel
=== [96/285] 266__s2
  [tempo] output_bpm=120.00
torch.Size([1, 416, 32]) torch.Size([1, 416, 32])
Yinyang Sampling
Sampling 80 / 416
Sampling 90 / 416
Sampling 100 / 416
Sampling 110 / 416
Sampling 120 / 416
Sampling 130 / 416
Sampling 140 / 416
Sampling 150 / 416
Sampling 160 / 416
Sampling 170 / 416
Sampling 180 / 416
Sampling 190 / 416
Sampling 200 / 416
Sampling 210 / 416
Sampling 220 / 416
Sampling 230 / 416
Sampling 240 / 416
Sampling 250 / 416
Sampling 260 / 416
Sampling 270 / 416
Sampling 280 / 416
Sampling 290 / 416
Sampling 300 / 416
Sampling 310 / 416
Sampling 320 / 416
Sampling 330 / 416
Sampling 340 / 416
Sampling 350 / 416
Sampling 360 / 416
Sampling 370 / 416
Sampling 380 / 416
Sampling 390 / 416
Sampling 400 / 416
Sampling 410 / 416
  -> temp/E1_v5b/P-cm/3_y_conditional/266__s2/chord2mel
=== [97/285] 276__s0
  [tempo] output_bpm=120.00
torch.Size([1, 416, 32]) torch.Size([1, 416, 32])
Yinyang Sampling
Sampling 80 / 416
Sampling 90 / 416
Sampling 100 / 416
Sampling 110 / 416
Sampling 120 / 416
Sampling 130 / 416
Sampling 140 / 416
Sampling 150 / 416
Sampling 160 / 416
Sampling 170 / 416
Sampling 180 / 416
Sampling 190 / 416
Sampling 200 / 416
Sampling 210 / 416
Sampling 220 / 416
Sampling 230 / 416
Sampling 240 / 416
Sampling 250 / 416
Sampling 260 / 416
Sampling 270 / 416
Sampling 280 / 416
Sampling 290 / 416
Sampling 300 / 416
Sampling 310 / 416
Sampling 320 / 416
Sampling 330 / 416
Sampling 340 / 416
Sampling 350 / 416
Sampling 360 / 416
Sampling 370 / 416
Sampling 380 / 416
Sampling 390 / 416
Sampling 400 / 416
Sampling 410 / 416
  -> temp/E1_v5b/P-cm/3_y_conditional/276__s0/chord2mel
=== [98/285] 276__s1
  [tempo] output_bpm=120.00
torch.Size([1, 416, 32]) torch.Size([1, 416, 32])
Yinyang Sampling
Sampling 80 / 416
Sampling 90 / 416
Sampling 100 / 416
Sampling 110 / 416
Sampling 120 / 416
Sampling 130 / 416
Sampling 140 / 416
Sampling 150 / 416
Sampling 160 / 416
Sampling 170 / 416
Sampling 180 / 416
Sampling 190 / 416
Sampling 200 / 416
Sampling 210 / 416
Sampling 220 / 416
Sampling 230 / 416
Sampling 240 / 416
Sampling 250 / 416
Sampling 260 / 416
Sampling 270 / 416
Sampling 280 / 416
Sampling 290 / 416
Sampling 300 / 416
Sampling 310 / 416
Sampling 320 / 416
Sampling 330 / 416
Sampling 340 / 416
Sampling 350 / 416
Sampling 360 / 416
Sampling 370 / 416
Sampling 380 / 416
Sampling 390 / 416
Sampling 400 / 416
Sampling 410 / 416
  -> temp/E1_v5b/P-cm/3_y_conditional/276__s1/chord2mel
=== [99/285] 276__s2
  [tempo] output_bpm=120.00
torch.Size([1, 416, 32]) torch.Size([1, 416, 32])
Yinyang Sampling
Sampling 80 / 416
Sampling 90 / 416
Sampling 100 / 416
Sampling 110 / 416
Sampling 120 / 416
Sampling 130 / 416
Sampling 140 / 416
Sampling 150 / 416
Sampling 160 / 416
Sampling 170 / 416
Sampling 180 / 416
Sampling 190 / 416
Sampling 200 / 416
Sampling 210 / 416
Sampling 220 / 416
Sampling 230 / 416
Sampling 240 / 416
Sampling 250 / 416
Sampling 260 / 416
Sampling 270 / 416
Sampling 280 / 416
Sampling 290 / 416
Sampling 300 / 416
Sampling 310 / 416
Sampling 320 / 416
Sampling 330 / 416
Sampling 340 / 416
Sampling 350 / 416
Sampling 360 / 416
Sampling 370 / 416
Sampling 380 / 416
Sampling 390 / 416
Sampling 400 / 416
Sampling 410 / 416
  -> temp/E1_v5b/P-cm/3_y_conditional/276__s2/chord2mel
=== [100/285] 286__s0
  [tempo] output_bpm=120.00
torch.Size([1, 416, 32]) torch.Size([1, 416, 32])
Yinyang Sampling
Sampling 80 / 416
Sampling 90 / 416
Sampling 100 / 416
Sampling 110 / 416
Sampling 120 / 416
Sampling 130 / 416
Sampling 140 / 416
Sampling 150 / 416
Sampling 160 / 416
Sampling 170 / 416
Sampling 180 / 416
Sampling 190 / 416
Sampling 200 / 416
Sampling 210 / 416
Sampling 220 / 416
Sampling 230 / 416
Sampling 240 / 416
Sampling 250 / 416
Sampling 260 / 416
Sampling 270 / 416
Sampling 280 / 416
Sampling 290 / 416
Sampling 300 / 416
Sampling 310 / 416
Sampling 320 / 416
Sampling 330 / 416
Sampling 340 / 416
Sampling 350 / 416
Sampling 360 / 416
Sampling 370 / 416
Sampling 380 / 416
Sampling 390 / 416
Sampling 400 / 416
Sampling 410 / 416
  -> temp/E1_v5b/P-cm/3_y_conditional/286__s0/chord2mel
=== [101/285] 286__s1
  [tempo] output_bpm=120.00
torch.Size([1, 416, 32]) torch.Size([1, 416, 32])
Yinyang Sampling
Sampling 80 / 416
Sampling 90 / 416
Sampling 100 / 416
Sampling 110 / 416
Sampling 120 / 416
Sampling 130 / 416
Sampling 140 / 416
Sampling 150 / 416
Sampling 160 / 416
Sampling 170 / 416
Sampling 180 / 416
Sampling 190 / 416
Sampling 200 / 416
Sampling 210 / 416
Sampling 220 / 416
Sampling 230 / 416
Sampling 240 / 416
Sampling 250 / 416
Sampling 260 / 416
Sampling 270 / 416
Sampling 280 / 416
Sampling 290 / 416
Sampling 300 / 416
Sampling 310 / 416
Sampling 320 / 416
Sampling 330 / 416
Sampling 340 / 416
Sampling 350 / 416
Sampling 360 / 416
Sampling 370 / 416
Sampling 380 / 416
Sampling 390 / 416
Sampling 400 / 416
Sampling 410 / 416
  -> temp/E1_v5b/P-cm/3_y_conditional/286__s1/chord2mel
=== [102/285] 286__s2
  [tempo] output_bpm=120.00
torch.Size([1, 416, 32]) torch.Size([1, 416, 32])
Yinyang Sampling
Sampling 80 / 416
Sampling 90 / 416
Sampling 100 / 416
Sampling 110 / 416
Sampling 120 / 416
Sampling 130 / 416
Sampling 140 / 416
Sampling 150 / 416
Sampling 160 / 416
Sampling 170 / 416
Sampling 180 / 416
Sampling 190 / 416
Sampling 200 / 416
Sampling 210 / 416
Sampling 220 / 416
Sampling 230 / 416
Sampling 240 / 416
Sampling 250 / 416
Sampling 260 / 416
Sampling 270 / 416
Sampling 280 / 416
Sampling 290 / 416
Sampling 300 / 416
Sampling 310 / 416
Sampling 320 / 416
Sampling 330 / 416
Sampling 340 / 416
Sampling 350 / 416
Sampling 360 / 416
Sampling 370 / 416
Sampling 380 / 416
Sampling 390 / 416
Sampling 400 / 416
Sampling 410 / 416
  -> temp/E1_v5b/P-cm/3_y_conditional/286__s2/chord2mel
=== [103/285] 296__s0
  [tempo] output_bpm=120.00
torch.Size([1, 416, 32]) torch.Size([1, 416, 32])
Yinyang Sampling
Sampling 80 / 416
Sampling 90 / 416
Sampling 100 / 416
Sampling 110 / 416
Sampling 120 / 416
Sampling 130 / 416
Sampling 140 / 416
Sampling 150 / 416
Sampling 160 / 416
Sampling 170 / 416
Sampling 180 / 416
Sampling 190 / 416
Sampling 200 / 416
Sampling 210 / 416
Sampling 220 / 416
Sampling 230 / 416
Sampling 240 / 416
Sampling 250 / 416
Sampling 260 / 416
Sampling 270 / 416
Sampling 280 / 416
Sampling 290 / 416
Sampling 300 / 416
Sampling 310 / 416
Sampling 320 / 416
Sampling 330 / 416
Sampling 340 / 416
Sampling 350 / 416
Sampling 360 / 416
Sampling 370 / 416
Sampling 380 / 416
Sampling 390 / 416
Sampling 400 / 416
Sampling 410 / 416
  -> temp/E1_v5b/P-cm/3_y_conditional/296__s0/chord2mel
=== [104/285] 296__s1
  [tempo] output_bpm=120.00
torch.Size([1, 416, 32]) torch.Size([1, 416, 32])
Yinyang Sampling
Sampling 80 / 416
Sampling 90 / 416
Sampling 100 / 416
Sampling 110 / 416
Sampling 120 / 416
Sampling 130 / 416
Sampling 140 / 416
Sampling 150 / 416
Sampling 160 / 416
Sampling 170 / 416
Sampling 180 / 416
Sampling 190 / 416
Sampling 200 / 416
Sampling 210 / 416
Sampling 220 / 416
Sampling 230 / 416
Sampling 240 / 416
Sampling 250 / 416
Sampling 260 / 416
Sampling 270 / 416
Sampling 280 / 416
Sampling 290 / 416
Sampling 300 / 416
Sampling 310 / 416
Sampling 320 / 416
Sampling 330 / 416
Sampling 340 / 416
Sampling 350 / 416
Sampling 360 / 416
Sampling 370 / 416
Sampling 380 / 416
Sampling 390 / 416
Sampling 400 / 416
Sampling 410 / 416
  -> temp/E1_v5b/P-cm/3_y_conditional/296__s1/chord2mel
=== [105/285] 296__s2
  [tempo] output_bpm=120.00
torch.Size([1, 416, 32]) torch.Size([1, 416, 32])
Yinyang Sampling
Sampling 80 / 416
Sampling 90 / 416
Sampling 100 / 416
Sampling 110 / 416
Sampling 120 / 416
Sampling 130 / 416
Sampling 140 / 416
Sampling 150 / 416
Sampling 160 / 416
Sampling 170 / 416
Sampling 180 / 416
Sampling 190 / 416
Sampling 200 / 416
Sampling 210 / 416
Sampling 220 / 416
Sampling 230 / 416
Sampling 240 / 416
Sampling 250 / 416
Sampling 260 / 416
Sampling 270 / 416
Sampling 280 / 416
Sampling 290 / 416
Sampling 300 / 416
Sampling 310 / 416
Sampling 320 / 416
Sampling 330 / 416
Sampling 340 / 416
Sampling 350 / 416
Sampling 360 / 416
Sampling 370 / 416
Sampling 380 / 416
Sampling 390 / 416
Sampling 400 / 416
Sampling 410 / 416
  -> temp/E1_v5b/P-cm/3_y_conditional/296__s2/chord2mel
=== [106/285] 306__s0
  [tempo] output_bpm=120.00
torch.Size([1, 416, 32]) torch.Size([1, 416, 32])
Yinyang Sampling
Sampling 80 / 416
Sampling 90 / 416
Sampling 100 / 416
Sampling 110 / 416
Sampling 120 / 416
Sampling 130 / 416
Sampling 140 / 416
Sampling 150 / 416
Sampling 160 / 416
Sampling 170 / 416
Sampling 180 / 416
Sampling 190 / 416
Sampling 200 / 416
Sampling 210 / 416
Sampling 220 / 416
Sampling 230 / 416
Sampling 240 / 416
Sampling 250 / 416
Sampling 260 / 416
Sampling 270 / 416
Sampling 280 / 416
Sampling 290 / 416
Sampling 300 / 416
Sampling 310 / 416
Sampling 320 / 416
Sampling 330 / 416
Sampling 340 / 416
Sampling 350 / 416
Sampling 360 / 416
Sampling 370 / 416
Sampling 380 / 416
Sampling 390 / 416
Sampling 400 / 416
Sampling 410 / 416
  -> temp/E1_v5b/P-cm/3_y_conditional/306__s0/chord2mel
=== [107/285] 306__s1
  [tempo] output_bpm=120.00
torch.Size([1, 416, 32]) torch.Size([1, 416, 32])
Yinyang Sampling
Sampling 80 / 416
Sampling 90 / 416
Sampling 100 / 416
Sampling 110 / 416
Sampling 120 / 416
Sampling 130 / 416
Sampling 140 / 416
Sampling 150 / 416
Sampling 160 / 416
Sampling 170 / 416
Sampling 180 / 416
Sampling 190 / 416
Sampling 200 / 416
Sampling 210 / 416
Sampling 220 / 416
Sampling 230 / 416
Sampling 240 / 416
Sampling 250 / 416
Sampling 260 / 416
Sampling 270 / 416
Sampling 280 / 416
Sampling 290 / 416
Sampling 300 / 416
Sampling 310 / 416
Sampling 320 / 416
Sampling 330 / 416
Sampling 340 / 416
Sampling 350 / 416
Sampling 360 / 416
Sampling 370 / 416
Sampling 380 / 416
Sampling 390 / 416
Sampling 400 / 416
Sampling 410 / 416
  -> temp/E1_v5b/P-cm/3_y_conditional/306__s1/chord2mel
=== [108/285] 306__s2
  [tempo] output_bpm=120.00
torch.Size([1, 416, 32]) torch.Size([1, 416, 32])
Yinyang Sampling
Sampling 80 / 416
Sampling 90 / 416
Sampling 100 / 416
Sampling 110 / 416
Sampling 120 / 416
Sampling 130 / 416
Sampling 140 / 416
Sampling 150 / 416
Sampling 160 / 416
Sampling 170 / 416
Sampling 180 / 416
Sampling 190 / 416
Sampling 200 / 416
Sampling 210 / 416
Sampling 220 / 416
Sampling 230 / 416
Sampling 240 / 416
Sampling 250 / 416
Sampling 260 / 416
Sampling 270 / 416
Sampling 280 / 416
Sampling 290 / 416
Sampling 300 / 416
Sampling 310 / 416
Sampling 320 / 416
Sampling 330 / 416
Sampling 340 / 416
Sampling 350 / 416
Sampling 360 / 416
Sampling 370 / 416
Sampling 380 / 416
Sampling 390 / 416
Sampling 400 / 416
Sampling 410 / 416
  -> temp/E1_v5b/P-cm/3_y_conditional/306__s2/chord2mel
=== [109/285] 316__s0
  [tempo] output_bpm=120.00
torch.Size([1, 416, 32]) torch.Size([1, 416, 32])
Yinyang Sampling
Sampling 80 / 416
Sampling 90 / 416
Sampling 100 / 416
Sampling 110 / 416
Sampling 120 / 416
Sampling 130 / 416
Sampling 140 / 416
Sampling 150 / 416
Sampling 160 / 416
Sampling 170 / 416
Sampling 180 / 416
Sampling 190 / 416
Sampling 200 / 416
Sampling 210 / 416
Sampling 220 / 416
Sampling 230 / 416
Sampling 240 / 416
Sampling 250 / 416
Sampling 260 / 416
Sampling 270 / 416
Sampling 280 / 416
Sampling 290 / 416
Sampling 300 / 416
Sampling 310 / 416
Sampling 320 / 416
Sampling 330 / 416
Sampling 340 / 416
Sampling 350 / 416
Sampling 360 / 416
Sampling 370 / 416
Sampling 380 / 416
Sampling 390 / 416
Sampling 400 / 416
Sampling 410 / 416
  -> temp/E1_v5b/P-cm/3_y_conditional/316__s0/chord2mel
=== [110/285] 316__s1
  [tempo] output_bpm=120.00
torch.Size([1, 416, 32]) torch.Size([1, 416, 32])
Yinyang Sampling
Sampling 80 / 416
Sampling 90 / 416
Sampling 100 / 416
Sampling 110 / 416
Sampling 120 / 416
Sampling 130 / 416
Sampling 140 / 416
Sampling 150 / 416
Sampling 160 / 416
Sampling 170 / 416
Sampling 180 / 416
Sampling 190 / 416
Sampling 200 / 416
Sampling 210 / 416
Sampling 220 / 416
Sampling 230 / 416
Sampling 240 / 416
Sampling 250 / 416
Sampling 260 / 416
Sampling 270 / 416
Sampling 280 / 416
Sampling 290 / 416
Sampling 300 / 416
Sampling 310 / 416
Sampling 320 / 416
Sampling 330 / 416
Sampling 340 / 416
Sampling 350 / 416
Sampling 360 / 416
Sampling 370 / 416
Sampling 380 / 416
Sampling 390 / 416
Sampling 400 / 416
Sampling 410 / 416
  -> temp/E1_v5b/P-cm/3_y_conditional/316__s1/chord2mel
=== [111/285] 316__s2
  [tempo] output_bpm=120.00
torch.Size([1, 416, 32]) torch.Size([1, 416, 32])
Yinyang Sampling
Sampling 80 / 416
Sampling 90 / 416
Sampling 100 / 416
Sampling 110 / 416
Sampling 120 / 416
Sampling 130 / 416
Sampling 140 / 416
Sampling 150 / 416
Sampling 160 / 416
Sampling 170 / 416
Sampling 180 / 416
Sampling 190 / 416
Sampling 200 / 416
Sampling 210 / 416
Sampling 220 / 416
Sampling 230 / 416
Sampling 240 / 416
Sampling 250 / 416
Sampling 260 / 416
Sampling 270 / 416
Sampling 280 / 416
Sampling 290 / 416
Sampling 300 / 416
Sampling 310 / 416
Sampling 320 / 416
Sampling 330 / 416
Sampling 340 / 416
Sampling 350 / 416
Sampling 360 / 416
Sampling 370 / 416
Sampling 380 / 416
Sampling 390 / 416
Sampling 400 / 416
Sampling 410 / 416
  -> temp/E1_v5b/P-cm/3_y_conditional/316__s2/chord2mel
=== [112/285] 336__s0
  [tempo] output_bpm=120.00
torch.Size([1, 416, 32]) torch.Size([1, 416, 32])
Yinyang Sampling
Sampling 80 / 416
Sampling 90 / 416
Sampling 100 / 416
Sampling 110 / 416
Sampling 120 / 416
Sampling 130 / 416
Sampling 140 / 416
Sampling 150 / 416
Sampling 160 / 416
Sampling 170 / 416
Sampling 180 / 416
Sampling 190 / 416
Sampling 200 / 416
Sampling 210 / 416
Sampling 220 / 416
Sampling 230 / 416
Sampling 240 / 416
Sampling 250 / 416
Sampling 260 / 416
Sampling 270 / 416
Sampling 280 / 416
Sampling 290 / 416
Sampling 300 / 416
Sampling 310 / 416
Sampling 320 / 416
Sampling 330 / 416
Sampling 340 / 416
Sampling 350 / 416
Sampling 360 / 416
Sampling 370 / 416
Sampling 380 / 416
Sampling 390 / 416
Sampling 400 / 416
Sampling 410 / 416
  -> temp/E1_v5b/P-cm/3_y_conditional/336__s0/chord2mel
=== [113/285] 336__s1
  [tempo] output_bpm=120.00
torch.Size([1, 416, 32]) torch.Size([1, 416, 32])
Yinyang Sampling
Sampling 80 / 416
Sampling 90 / 416
Sampling 100 / 416
Sampling 110 / 416
Sampling 120 / 416
Sampling 130 / 416
Sampling 140 / 416
Sampling 150 / 416
Sampling 160 / 416
Sampling 170 / 416
Sampling 180 / 416
Sampling 190 / 416
Sampling 200 / 416
Sampling 210 / 416
Sampling 220 / 416
Sampling 230 / 416
Sampling 240 / 416
Sampling 250 / 416
Sampling 260 / 416
Sampling 270 / 416
Sampling 280 / 416
Sampling 290 / 416
Sampling 300 / 416
Sampling 310 / 416
Sampling 320 / 416
Sampling 330 / 416
Sampling 340 / 416
Sampling 350 / 416
Sampling 360 / 416
Sampling 370 / 416
Sampling 380 / 416
Sampling 390 / 416
Sampling 400 / 416
Sampling 410 / 416
  -> temp/E1_v5b/P-cm/3_y_conditional/336__s1/chord2mel
=== [114/285] 336__s2
  [tempo] output_bpm=120.00
torch.Size([1, 416, 32]) torch.Size([1, 416, 32])
Yinyang Sampling
Sampling 80 / 416
Sampling 90 / 416
Sampling 100 / 416
Sampling 110 / 416
Sampling 120 / 416
Sampling 130 / 416
Sampling 140 / 416
Sampling 150 / 416
Sampling 160 / 416
Sampling 170 / 416
Sampling 180 / 416
Sampling 190 / 416
Sampling 200 / 416
Sampling 210 / 416
Sampling 220 / 416
Sampling 230 / 416
Sampling 240 / 416
Sampling 250 / 416
Sampling 260 / 416
Sampling 270 / 416
Sampling 280 / 416
Sampling 290 / 416
Sampling 300 / 416
Sampling 310 / 416
Sampling 320 / 416
Sampling 330 / 416
Sampling 340 / 416
Sampling 350 / 416
Sampling 360 / 416
Sampling 370 / 416
Sampling 380 / 416
Sampling 390 / 416
Sampling 400 / 416
Sampling 410 / 416
  -> temp/E1_v5b/P-cm/3_y_conditional/336__s2/chord2mel
=== [115/285] 346__s0
  [tempo] output_bpm=120.00
torch.Size([1, 416, 32]) torch.Size([1, 416, 32])
Yinyang Sampling
Sampling 80 / 416
Sampling 90 / 416
Sampling 100 / 416
Sampling 110 / 416
Sampling 120 / 416
Sampling 130 / 416
Sampling 140 / 416
Sampling 150 / 416
Sampling 160 / 416
Sampling 170 / 416
Sampling 180 / 416
Sampling 190 / 416
Sampling 200 / 416
Sampling 210 / 416
Sampling 220 / 416
Sampling 230 / 416
Sampling 240 / 416
Sampling 250 / 416
Sampling 260 / 416
Sampling 270 / 416
Sampling 280 / 416
Sampling 290 / 416
Sampling 300 / 416
Sampling 310 / 416
Sampling 320 / 416
Sampling 330 / 416
Sampling 340 / 416
Sampling 350 / 416
Sampling 360 / 416
Sampling 370 / 416
Sampling 380 / 416
Sampling 390 / 416
Sampling 400 / 416
Sampling 410 / 416
  -> temp/E1_v5b/P-cm/3_y_conditional/346__s0/chord2mel
=== [116/285] 346__s1
  [tempo] output_bpm=120.00
torch.Size([1, 416, 32]) torch.Size([1, 416, 32])
Yinyang Sampling
Sampling 80 / 416
Sampling 90 / 416
Sampling 100 / 416
Sampling 110 / 416
Sampling 120 / 416
Sampling 130 / 416
Sampling 140 / 416
Sampling 150 / 416
Sampling 160 / 416
Sampling 170 / 416
Sampling 180 / 416
Sampling 190 / 416
Sampling 200 / 416
Sampling 210 / 416
Sampling 220 / 416
Sampling 230 / 416
Sampling 240 / 416
Sampling 250 / 416
Sampling 260 / 416
Sampling 270 / 416
Sampling 280 / 416
Sampling 290 / 416
Sampling 300 / 416
Sampling 310 / 416
Sampling 320 / 416
Sampling 330 / 416
Sampling 340 / 416
Sampling 350 / 416
Sampling 360 / 416
Sampling 370 / 416
Sampling 380 / 416
Sampling 390 / 416
Sampling 400 / 416
Sampling 410 / 416
  -> temp/E1_v5b/P-cm/3_y_conditional/346__s1/chord2mel
=== [117/285] 346__s2
  [tempo] output_bpm=120.00
torch.Size([1, 416, 32]) torch.Size([1, 416, 32])
Yinyang Sampling
Sampling 80 / 416
Sampling 90 / 416
Sampling 100 / 416
Sampling 110 / 416
Sampling 120 / 416
Sampling 130 / 416
Sampling 140 / 416
Sampling 150 / 416
Sampling 160 / 416
Sampling 170 / 416
Sampling 180 / 416
Sampling 190 / 416
Sampling 200 / 416
Sampling 210 / 416
Sampling 220 / 416
Sampling 230 / 416
Sampling 240 / 416
Sampling 250 / 416
Sampling 260 / 416
Sampling 270 / 416
Sampling 280 / 416
Sampling 290 / 416
Sampling 300 / 416
Sampling 310 / 416
Sampling 320 / 416
Sampling 330 / 416
Sampling 340 / 416
Sampling 350 / 416
Sampling 360 / 416
Sampling 370 / 416
Sampling 380 / 416
Sampling 390 / 416
Sampling 400 / 416
Sampling 410 / 416
  -> temp/E1_v5b/P-cm/3_y_conditional/346__s2/chord2mel
=== [118/285] 356__s0
  [tempo] output_bpm=120.00
torch.Size([1, 416, 32]) torch.Size([1, 416, 32])
Yinyang Sampling
Sampling 80 / 416
Sampling 90 / 416
Sampling 100 / 416
Sampling 110 / 416
Sampling 120 / 416
Sampling 130 / 416
Sampling 140 / 416
Sampling 150 / 416
Sampling 160 / 416
Sampling 170 / 416
Sampling 180 / 416
Sampling 190 / 416
Sampling 200 / 416
Sampling 210 / 416
Sampling 220 / 416
Sampling 230 / 416
Sampling 240 / 416
Sampling 250 / 416
Sampling 260 / 416
Sampling 270 / 416
Sampling 280 / 416
Sampling 290 / 416
Sampling 300 / 416
Sampling 310 / 416
Sampling 320 / 416
Sampling 330 / 416
Sampling 340 / 416
Sampling 350 / 416
Sampling 360 / 416
Sampling 370 / 416
Sampling 380 / 416
Sampling 390 / 416
Sampling 400 / 416
Sampling 410 / 416
  -> temp/E1_v5b/P-cm/3_y_conditional/356__s0/chord2mel
=== [119/285] 356__s1
  [tempo] output_bpm=120.00
torch.Size([1, 416, 32]) torch.Size([1, 416, 32])
Yinyang Sampling
Sampling 80 / 416
Sampling 90 / 416
Sampling 100 / 416
Sampling 110 / 416
Sampling 120 / 416
Sampling 130 / 416
Sampling 140 / 416
Sampling 150 / 416
Sampling 160 / 416
Sampling 170 / 416
Sampling 180 / 416
Sampling 190 / 416
Sampling 200 / 416
Sampling 210 / 416
Sampling 220 / 416
Sampling 230 / 416
Sampling 240 / 416
Sampling 250 / 416
Sampling 260 / 416
Sampling 270 / 416
Sampling 280 / 416
Sampling 290 / 416
Sampling 300 / 416
Sampling 310 / 416
Sampling 320 / 416
Sampling 330 / 416
Sampling 340 / 416
Sampling 350 / 416
Sampling 360 / 416
Sampling 370 / 416
Sampling 380 / 416
Sampling 390 / 416
Sampling 400 / 416
Sampling 410 / 416
  -> temp/E1_v5b/P-cm/3_y_conditional/356__s1/chord2mel
=== [120/285] 356__s2
  [tempo] output_bpm=120.00
torch.Size([1, 416, 32]) torch.Size([1, 416, 32])
Yinyang Sampling
Sampling 80 / 416
Sampling 90 / 416
Sampling 100 / 416
Sampling 110 / 416
Sampling 120 / 416
Sampling 130 / 416
Sampling 140 / 416
Sampling 150 / 416
Sampling 160 / 416
Sampling 170 / 416
Sampling 180 / 416
Sampling 190 / 416
Sampling 200 / 416
Sampling 210 / 416
Sampling 220 / 416
Sampling 230 / 416
Sampling 240 / 416
Sampling 250 / 416
Sampling 260 / 416
Sampling 270 / 416
Sampling 280 / 416
Sampling 290 / 416
Sampling 300 / 416
Sampling 310 / 416
Sampling 320 / 416
Sampling 330 / 416
Sampling 340 / 416
Sampling 350 / 416
Sampling 360 / 416
Sampling 370 / 416
Sampling 380 / 416
Sampling 390 / 416
Sampling 400 / 416
Sampling 410 / 416
  -> temp/E1_v5b/P-cm/3_y_conditional/356__s2/chord2mel
=== [121/285] 366__s0
  [tempo] output_bpm=120.00
torch.Size([1, 416, 32]) torch.Size([1, 416, 32])
Yinyang Sampling
Sampling 80 / 416
Sampling 90 / 416
Sampling 100 / 416
Sampling 110 / 416
Sampling 120 / 416
Sampling 130 / 416
Sampling 140 / 416
Sampling 150 / 416
Sampling 160 / 416
Sampling 170 / 416
Sampling 180 / 416
Sampling 190 / 416
Sampling 200 / 416
Sampling 210 / 416
Sampling 220 / 416
Sampling 230 / 416
Sampling 240 / 416
Sampling 250 / 416
Sampling 260 / 416
Sampling 270 / 416
Sampling 280 / 416
Sampling 290 / 416
Sampling 300 / 416
Sampling 310 / 416
Sampling 320 / 416
Sampling 330 / 416
Sampling 340 / 416
Sampling 350 / 416
Sampling 360 / 416
Sampling 370 / 416
Sampling 380 / 416
Sampling 390 / 416
Sampling 400 / 416
Sampling 410 / 416
  -> temp/E1_v5b/P-cm/3_y_conditional/366__s0/chord2mel
=== [122/285] 366__s1
  [tempo] output_bpm=120.00
torch.Size([1, 416, 32]) torch.Size([1, 416, 32])
Yinyang Sampling
Sampling 80 / 416
Sampling 90 / 416
Sampling 100 / 416
Sampling 110 / 416
Sampling 120 / 416
Sampling 130 / 416
Sampling 140 / 416
Sampling 150 / 416
Sampling 160 / 416
Sampling 170 / 416
Sampling 180 / 416
Sampling 190 / 416
Sampling 200 / 416
Sampling 210 / 416
Sampling 220 / 416
Sampling 230 / 416
Sampling 240 / 416
Sampling 250 / 416
Sampling 260 / 416
Sampling 270 / 416
Sampling 280 / 416
Sampling 290 / 416
Sampling 300 / 416
Sampling 310 / 416
Sampling 320 / 416
Sampling 330 / 416
Sampling 340 / 416
Sampling 350 / 416
Sampling 360 / 416
Sampling 370 / 416
Sampling 380 / 416
Sampling 390 / 416
Sampling 400 / 416
Sampling 410 / 416
  -> temp/E1_v5b/P-cm/3_y_conditional/366__s1/chord2mel
=== [123/285] 366__s2
  [tempo] output_bpm=120.00
torch.Size([1, 416, 32]) torch.Size([1, 416, 32])
Yinyang Sampling
Sampling 80 / 416
Sampling 90 / 416
Sampling 100 / 416
Sampling 110 / 416
Sampling 120 / 416
Sampling 130 / 416
Sampling 140 / 416
Sampling 150 / 416
Sampling 160 / 416
Sampling 170 / 416
Sampling 180 / 416
Sampling 190 / 416
Sampling 200 / 416
Sampling 210 / 416
Sampling 220 / 416
Sampling 230 / 416
Sampling 240 / 416
Sampling 250 / 416
Sampling 260 / 416
Sampling 270 / 416
Sampling 280 / 416
Sampling 290 / 416
Sampling 300 / 416
Sampling 310 / 416
Sampling 320 / 416
Sampling 330 / 416
Sampling 340 / 416
Sampling 350 / 416
Sampling 360 / 416
Sampling 370 / 416
Sampling 380 / 416
Sampling 390 / 416
Sampling 400 / 416
Sampling 410 / 416
  -> temp/E1_v5b/P-cm/3_y_conditional/366__s2/chord2mel
=== [124/285] 376__s0
  [tempo] output_bpm=120.00
torch.Size([1, 416, 32]) torch.Size([1, 416, 32])
Yinyang Sampling
Sampling 80 / 416
Sampling 90 / 416
Sampling 100 / 416
Sampling 110 / 416
Sampling 120 / 416
Sampling 130 / 416
Sampling 140 / 416
Sampling 150 / 416
Sampling 160 / 416
Sampling 170 / 416
Sampling 180 / 416
Sampling 190 / 416
Sampling 200 / 416
Sampling 210 / 416
Sampling 220 / 416
Sampling 230 / 416
Sampling 240 / 416
Sampling 250 / 416
Sampling 260 / 416
Sampling 270 / 416
Sampling 280 / 416
Sampling 290 / 416
Sampling 300 / 416
Sampling 310 / 416
Sampling 320 / 416
Sampling 330 / 416
Sampling 340 / 416
Sampling 350 / 416
Sampling 360 / 416
Sampling 370 / 416
Sampling 380 / 416
Sampling 390 / 416
Sampling 400 / 416
Sampling 410 / 416
  -> temp/E1_v5b/P-cm/3_y_conditional/376__s0/chord2mel
=== [125/285] 376__s1
  [tempo] output_bpm=120.00
torch.Size([1, 416, 32]) torch.Size([1, 416, 32])
Yinyang Sampling
Sampling 80 / 416
Sampling 90 / 416
Sampling 100 / 416
Sampling 110 / 416
Sampling 120 / 416
Sampling 130 / 416
Sampling 140 / 416
Sampling 150 / 416
Sampling 160 / 416
Sampling 170 / 416
Sampling 180 / 416
Sampling 190 / 416
Sampling 200 / 416
Sampling 210 / 416
Sampling 220 / 416
Sampling 230 / 416
Sampling 240 / 416
Sampling 250 / 416
Sampling 260 / 416
Sampling 270 / 416
Sampling 280 / 416
Sampling 290 / 416
Sampling 300 / 416
Sampling 310 / 416
Sampling 320 / 416
Sampling 330 / 416
Sampling 340 / 416
Sampling 350 / 416
Sampling 360 / 416
Sampling 370 / 416
Sampling 380 / 416
Sampling 390 / 416
Sampling 400 / 416
Sampling 410 / 416
  -> temp/E1_v5b/P-cm/3_y_conditional/376__s1/chord2mel
=== [126/285] 376__s2
  [tempo] output_bpm=120.00
torch.Size([1, 416, 32]) torch.Size([1, 416, 32])
Yinyang Sampling
Sampling 80 / 416
Sampling 90 / 416
Sampling 100 / 416
Sampling 110 / 416
Sampling 120 / 416
Sampling 130 / 416
Sampling 140 / 416
Sampling 150 / 416
Sampling 160 / 416
Sampling 170 / 416
Sampling 180 / 416
Sampling 190 / 416
Sampling 200 / 416
Sampling 210 / 416
Sampling 220 / 416
Sampling 230 / 416
Sampling 240 / 416
Sampling 250 / 416
Sampling 260 / 416
Sampling 270 / 416
Sampling 280 / 416
Sampling 290 / 416
Sampling 300 / 416
Sampling 310 / 416
Sampling 320 / 416
Sampling 330 / 416
Sampling 340 / 416
Sampling 350 / 416
Sampling 360 / 416
Sampling 370 / 416
Sampling 380 / 416
Sampling 390 / 416
Sampling 400 / 416
Sampling 410 / 416
  -> temp/E1_v5b/P-cm/3_y_conditional/376__s2/chord2mel
=== [127/285] 386__s0
  [tempo] output_bpm=120.00
torch.Size([1, 416, 32]) torch.Size([1, 416, 32])
Yinyang Sampling
Sampling 80 / 416
Sampling 90 / 416
Sampling 100 / 416
Sampling 110 / 416
Sampling 120 / 416
Sampling 130 / 416
Sampling 140 / 416
Sampling 150 / 416
Sampling 160 / 416
Sampling 170 / 416
Sampling 180 / 416
Sampling 190 / 416
Sampling 200 / 416
Sampling 210 / 416
Sampling 220 / 416
Sampling 230 / 416
Sampling 240 / 416
Sampling 250 / 416
Sampling 260 / 416
Sampling 270 / 416
Sampling 280 / 416
Sampling 290 / 416
Sampling 300 / 416
Sampling 310 / 416
Sampling 320 / 416
Sampling 330 / 416
Sampling 340 / 416
Sampling 350 / 416
Sampling 360 / 416
Sampling 370 / 416
Sampling 380 / 416
Sampling 390 / 416
Sampling 400 / 416
Sampling 410 / 416
  -> temp/E1_v5b/P-cm/3_y_conditional/386__s0/chord2mel
=== [128/285] 386__s1
  [tempo] output_bpm=120.00
torch.Size([1, 416, 32]) torch.Size([1, 416, 32])
Yinyang Sampling
Sampling 80 / 416
Sampling 90 / 416
Sampling 100 / 416
Sampling 110 / 416
Sampling 120 / 416
Sampling 130 / 416
Sampling 140 / 416
Sampling 150 / 416
Sampling 160 / 416
Sampling 170 / 416
Sampling 180 / 416
Sampling 190 / 416
Sampling 200 / 416
Sampling 210 / 416
Sampling 220 / 416
Sampling 230 / 416
Sampling 240 / 416
Sampling 250 / 416
Sampling 260 / 416
Sampling 270 / 416
Sampling 280 / 416
Sampling 290 / 416
Sampling 300 / 416
Sampling 310 / 416
Sampling 320 / 416
Sampling 330 / 416
Sampling 340 / 416
Sampling 350 / 416
Sampling 360 / 416
Sampling 370 / 416
Sampling 380 / 416
Sampling 390 / 416
Sampling 400 / 416
Sampling 410 / 416
  -> temp/E1_v5b/P-cm/3_y_conditional/386__s1/chord2mel
=== [129/285] 386__s2
  [tempo] output_bpm=120.00
torch.Size([1, 416, 32]) torch.Size([1, 416, 32])
Yinyang Sampling
Sampling 80 / 416
Sampling 90 / 416
Sampling 100 / 416
Sampling 110 / 416
Sampling 120 / 416
Sampling 130 / 416
Sampling 140 / 416
Sampling 150 / 416
Sampling 160 / 416
Sampling 170 / 416
Sampling 180 / 416
Sampling 190 / 416
Sampling 200 / 416
Sampling 210 / 416
Sampling 220 / 416
Sampling 230 / 416
Sampling 240 / 416
Sampling 250 / 416
Sampling 260 / 416
Sampling 270 / 416
Sampling 280 / 416
Sampling 290 / 416
Sampling 300 / 416
Sampling 310 / 416
Sampling 320 / 416
Sampling 330 / 416
Sampling 340 / 416
Sampling 350 / 416
Sampling 360 / 416
Sampling 370 / 416
Sampling 380 / 416
Sampling 390 / 416
Sampling 400 / 416
Sampling 410 / 416
  -> temp/E1_v5b/P-cm/3_y_conditional/386__s2/chord2mel
=== [130/285] 396__s0
  [tempo] output_bpm=120.00
torch.Size([1, 416, 32]) torch.Size([1, 416, 32])
Yinyang Sampling
Sampling 80 / 416
Sampling 90 / 416
Sampling 100 / 416
Sampling 110 / 416
Sampling 120 / 416
Sampling 130 / 416
Sampling 140 / 416
Sampling 150 / 416
Sampling 160 / 416
Sampling 170 / 416
Sampling 180 / 416
Sampling 190 / 416
Sampling 200 / 416
Sampling 210 / 416
Sampling 220 / 416
Sampling 230 / 416
Sampling 240 / 416
Sampling 250 / 416
Sampling 260 / 416
Sampling 270 / 416
Sampling 280 / 416
Sampling 290 / 416
Sampling 300 / 416
Sampling 310 / 416
Sampling 320 / 416
Sampling 330 / 416
Sampling 340 / 416
Sampling 350 / 416
Sampling 360 / 416
Sampling 370 / 416
Sampling 380 / 416
Sampling 390 / 416
Sampling 400 / 416
Sampling 410 / 416
  -> temp/E1_v5b/P-cm/3_y_conditional/396__s0/chord2mel
=== [131/285] 396__s1
  [tempo] output_bpm=120.00
torch.Size([1, 416, 32]) torch.Size([1, 416, 32])
Yinyang Sampling
Sampling 80 / 416
Sampling 90 / 416
Sampling 100 / 416
Sampling 110 / 416
Sampling 120 / 416
Sampling 130 / 416
Sampling 140 / 416
Sampling 150 / 416
Sampling 160 / 416
Sampling 170 / 416
Sampling 180 / 416
Sampling 190 / 416
Sampling 200 / 416
Sampling 210 / 416
Sampling 220 / 416
Sampling 230 / 416
Sampling 240 / 416
Sampling 250 / 416
Sampling 260 / 416
Sampling 270 / 416
Sampling 280 / 416
Sampling 290 / 416
Sampling 300 / 416
Sampling 310 / 416
Sampling 320 / 416
Sampling 330 / 416
Sampling 340 / 416
Sampling 350 / 416
Sampling 360 / 416
Sampling 370 / 416
Sampling 380 / 416
Sampling 390 / 416
Sampling 400 / 416
Sampling 410 / 416
  -> temp/E1_v5b/P-cm/3_y_conditional/396__s1/chord2mel
=== [132/285] 396__s2
  [tempo] output_bpm=120.00
torch.Size([1, 416, 32]) torch.Size([1, 416, 32])
Yinyang Sampling
Sampling 80 / 416
Sampling 90 / 416
Sampling 100 / 416
Sampling 110 / 416
Sampling 120 / 416
Sampling 130 / 416
Sampling 140 / 416
Sampling 150 / 416
Sampling 160 / 416
Sampling 170 / 416
Sampling 180 / 416
Sampling 190 / 416
Sampling 200 / 416
Sampling 210 / 416
Sampling 220 / 416
Sampling 230 / 416
Sampling 240 / 416
Sampling 250 / 416
Sampling 260 / 416
Sampling 270 / 416
Sampling 280 / 416
Sampling 290 / 416
Sampling 300 / 416
Sampling 310 / 416
Sampling 320 / 416
Sampling 330 / 416
Sampling 340 / 416
Sampling 350 / 416
Sampling 360 / 416
Sampling 370 / 416
Sampling 380 / 416
Sampling 390 / 416
Sampling 400 / 416
Sampling 410 / 416
  -> temp/E1_v5b/P-cm/3_y_conditional/396__s2/chord2mel
=== [133/285] 406__s0
  [tempo] output_bpm=120.00
torch.Size([1, 416, 32]) torch.Size([1, 416, 32])
Yinyang Sampling
Sampling 80 / 416
Sampling 90 / 416
Sampling 100 / 416
Sampling 110 / 416
Sampling 120 / 416
Sampling 130 / 416
Sampling 140 / 416
Sampling 150 / 416
Sampling 160 / 416
Sampling 170 / 416
Sampling 180 / 416
Sampling 190 / 416
Sampling 200 / 416
Sampling 210 / 416
Sampling 220 / 416
Sampling 230 / 416
Sampling 240 / 416
Sampling 250 / 416
Sampling 260 / 416
Sampling 270 / 416
Sampling 280 / 416
Sampling 290 / 416
Sampling 300 / 416
Sampling 310 / 416
Sampling 320 / 416
Sampling 330 / 416
Sampling 340 / 416
Sampling 350 / 416
Sampling 360 / 416
Sampling 370 / 416
Sampling 380 / 416
Sampling 390 / 416
Sampling 400 / 416
Sampling 410 / 416
  -> temp/E1_v5b/P-cm/3_y_conditional/406__s0/chord2mel
=== [134/285] 406__s1
  [tempo] output_bpm=120.00
torch.Size([1, 416, 32]) torch.Size([1, 416, 32])
Yinyang Sampling
Sampling 80 / 416
Sampling 90 / 416
Sampling 100 / 416
Sampling 110 / 416
Sampling 120 / 416
Sampling 130 / 416
Sampling 140 / 416
Sampling 150 / 416
Sampling 160 / 416
Sampling 170 / 416
Sampling 180 / 416
Sampling 190 / 416
Sampling 200 / 416
Sampling 210 / 416
Sampling 220 / 416
Sampling 230 / 416
Sampling 240 / 416
Sampling 250 / 416
Sampling 260 / 416
Sampling 270 / 416
Sampling 280 / 416
Sampling 290 / 416
Sampling 300 / 416
Sampling 310 / 416
Sampling 320 / 416
Sampling 330 / 416
Sampling 340 / 416
Sampling 350 / 416
Sampling 360 / 416
Sampling 370 / 416
Sampling 380 / 416
Sampling 390 / 416
Sampling 400 / 416
Sampling 410 / 416
  -> temp/E1_v5b/P-cm/3_y_conditional/406__s1/chord2mel
=== [135/285] 406__s2
  [tempo] output_bpm=120.00
torch.Size([1, 416, 32]) torch.Size([1, 416, 32])
Yinyang Sampling
Sampling 80 / 416
Sampling 90 / 416
Sampling 100 / 416
Sampling 110 / 416
Sampling 120 / 416
Sampling 130 / 416
Sampling 140 / 416
Sampling 150 / 416
Sampling 160 / 416
Sampling 170 / 416
Sampling 180 / 416
Sampling 190 / 416
Sampling 200 / 416
Sampling 210 / 416
Sampling 220 / 416
Sampling 230 / 416
Sampling 240 / 416
Sampling 250 / 416
Sampling 260 / 416
Sampling 270 / 416
Sampling 280 / 416
Sampling 290 / 416
Sampling 300 / 416
Sampling 310 / 416
Sampling 320 / 416
Sampling 330 / 416
Sampling 340 / 416
Sampling 350 / 416
Sampling 360 / 416
Sampling 370 / 416
Sampling 380 / 416
Sampling 390 / 416
Sampling 400 / 416
Sampling 410 / 416
  -> temp/E1_v5b/P-cm/3_y_conditional/406__s2/chord2mel
=== [136/285] 416__s0
  [tempo] output_bpm=120.00
torch.Size([1, 416, 32]) torch.Size([1, 416, 32])
Yinyang Sampling
Sampling 80 / 416
Sampling 90 / 416
Sampling 100 / 416
Sampling 110 / 416
Sampling 120 / 416
Sampling 130 / 416
Sampling 140 / 416
Sampling 150 / 416
Sampling 160 / 416
Sampling 170 / 416
Sampling 180 / 416
Sampling 190 / 416
Sampling 200 / 416
Sampling 210 / 416
Sampling 220 / 416
Sampling 230 / 416
Sampling 240 / 416
Sampling 250 / 416
Sampling 260 / 416
Sampling 270 / 416
Sampling 280 / 416
Sampling 290 / 416
Sampling 300 / 416
Sampling 310 / 416
Sampling 320 / 416
Sampling 330 / 416
Sampling 340 / 416
Sampling 350 / 416
Sampling 360 / 416
Sampling 370 / 416
Sampling 380 / 416
Sampling 390 / 416
Sampling 400 / 416
Sampling 410 / 416
  -> temp/E1_v5b/P-cm/3_y_conditional/416__s0/chord2mel
=== [137/285] 416__s1
  [tempo] output_bpm=120.00
torch.Size([1, 416, 32]) torch.Size([1, 416, 32])
Yinyang Sampling
Sampling 80 / 416
Sampling 90 / 416
Sampling 100 / 416
Sampling 110 / 416
Sampling 120 / 416
Sampling 130 / 416
Sampling 140 / 416
Sampling 150 / 416
Sampling 160 / 416
Sampling 170 / 416
Sampling 180 / 416
Sampling 190 / 416
Sampling 200 / 416
Sampling 210 / 416
Sampling 220 / 416
Sampling 230 / 416
Sampling 240 / 416
Sampling 250 / 416
Sampling 260 / 416
Sampling 270 / 416
Sampling 280 / 416
Sampling 290 / 416
Sampling 300 / 416
Sampling 310 / 416
Sampling 320 / 416
Sampling 330 / 416
Sampling 340 / 416
Sampling 350 / 416
Sampling 360 / 416
Sampling 370 / 416
Sampling 380 / 416
Sampling 390 / 416
Sampling 400 / 416
Sampling 410 / 416
  -> temp/E1_v5b/P-cm/3_y_conditional/416__s1/chord2mel
=== [138/285] 416__s2
  [tempo] output_bpm=120.00
torch.Size([1, 416, 32]) torch.Size([1, 416, 32])
Yinyang Sampling
Sampling 80 / 416
Sampling 90 / 416
Sampling 100 / 416
Sampling 110 / 416
Sampling 120 / 416
Sampling 130 / 416
Sampling 140 / 416
Sampling 150 / 416
Sampling 160 / 416
Sampling 170 / 416
Sampling 180 / 416
Sampling 190 / 416
Sampling 200 / 416
Sampling 210 / 416
Sampling 220 / 416
Sampling 230 / 416
Sampling 240 / 416
Sampling 250 / 416
Sampling 260 / 416
Sampling 270 / 416
Sampling 280 / 416
Sampling 290 / 416
Sampling 300 / 416
Sampling 310 / 416
Sampling 320 / 416
Sampling 330 / 416
Sampling 340 / 416
Sampling 350 / 416
Sampling 360 / 416
Sampling 370 / 416
Sampling 380 / 416
Sampling 390 / 416
Sampling 400 / 416
Sampling 410 / 416
  -> temp/E1_v5b/P-cm/3_y_conditional/416__s2/chord2mel
=== [139/285] 426__s0
  [tempo] output_bpm=120.00
torch.Size([1, 416, 32]) torch.Size([1, 416, 32])
Yinyang Sampling
Sampling 80 / 416
Sampling 90 / 416
Sampling 100 / 416
Sampling 110 / 416
Sampling 120 / 416
Sampling 130 / 416
Sampling 140 / 416
Sampling 150 / 416
Sampling 160 / 416
Sampling 170 / 416
Sampling 180 / 416
Sampling 190 / 416
Sampling 200 / 416
Sampling 210 / 416
Sampling 220 / 416
Sampling 230 / 416
Sampling 240 / 416
Sampling 250 / 416
Sampling 260 / 416
Sampling 270 / 416
Sampling 280 / 416
Sampling 290 / 416
Sampling 300 / 416
Sampling 310 / 416
Sampling 320 / 416
Sampling 330 / 416
Sampling 340 / 416
Sampling 350 / 416
Sampling 360 / 416
Sampling 370 / 416
Sampling 380 / 416
Sampling 390 / 416
Sampling 400 / 416
Sampling 410 / 416
  -> temp/E1_v5b/P-cm/3_y_conditional/426__s0/chord2mel
=== [140/285] 426__s1
  [tempo] output_bpm=120.00
torch.Size([1, 416, 32]) torch.Size([1, 416, 32])
Yinyang Sampling
Sampling 80 / 416
Sampling 90 / 416
Sampling 100 / 416
Sampling 110 / 416
Sampling 120 / 416
Sampling 130 / 416
Sampling 140 / 416
Sampling 150 / 416
Sampling 160 / 416
Sampling 170 / 416
Sampling 180 / 416
Sampling 190 / 416
Sampling 200 / 416
Sampling 210 / 416
Sampling 220 / 416
Sampling 230 / 416
Sampling 240 / 416
Sampling 250 / 416
Sampling 260 / 416
Sampling 270 / 416
Sampling 280 / 416
Sampling 290 / 416
Sampling 300 / 416
Sampling 310 / 416
Sampling 320 / 416
Sampling 330 / 416
Sampling 340 / 416
Sampling 350 / 416
Sampling 360 / 416
Sampling 370 / 416
Sampling 380 / 416
Sampling 390 / 416
Sampling 400 / 416
Sampling 410 / 416
  -> temp/E1_v5b/P-cm/3_y_conditional/426__s1/chord2mel
=== [141/285] 426__s2
  [tempo] output_bpm=120.00
torch.Size([1, 416, 32]) torch.Size([1, 416, 32])
Yinyang Sampling
Sampling 80 / 416
Sampling 90 / 416
Sampling 100 / 416
Sampling 110 / 416
Sampling 120 / 416
Sampling 130 / 416
Sampling 140 / 416
Sampling 150 / 416
Sampling 160 / 416
Sampling 170 / 416
Sampling 180 / 416
Sampling 190 / 416
Sampling 200 / 416
Sampling 210 / 416
Sampling 220 / 416
Sampling 230 / 416
Sampling 240 / 416
Sampling 250 / 416
Sampling 260 / 416
Sampling 270 / 416
Sampling 280 / 416
Sampling 290 / 416
Sampling 300 / 416
Sampling 310 / 416
Sampling 320 / 416
Sampling 330 / 416
Sampling 340 / 416
Sampling 350 / 416
Sampling 360 / 416
Sampling 370 / 416
Sampling 380 / 416
Sampling 390 / 416
Sampling 400 / 416
Sampling 410 / 416
  -> temp/E1_v5b/P-cm/3_y_conditional/426__s2/chord2mel
=== [142/285] 436__s0
  [tempo] output_bpm=120.00
torch.Size([1, 416, 32]) torch.Size([1, 416, 32])
Yinyang Sampling
Sampling 80 / 416
Sampling 90 / 416
Sampling 100 / 416
Sampling 110 / 416
Sampling 120 / 416
Sampling 130 / 416
Sampling 140 / 416
Sampling 150 / 416
Sampling 160 / 416
Sampling 170 / 416
Sampling 180 / 416
Sampling 190 / 416
Sampling 200 / 416
Sampling 210 / 416
Sampling 220 / 416
Sampling 230 / 416
Sampling 240 / 416
Sampling 250 / 416
Sampling 260 / 416
Sampling 270 / 416
Sampling 280 / 416
Sampling 290 / 416
Sampling 300 / 416
Sampling 310 / 416
Sampling 320 / 416
Sampling 330 / 416
Sampling 340 / 416
Sampling 350 / 416
Sampling 360 / 416
Sampling 370 / 416
Sampling 380 / 416
Sampling 390 / 416
Sampling 400 / 416
Sampling 410 / 416
  -> temp/E1_v5b/P-cm/3_y_conditional/436__s0/chord2mel
=== [143/285] 436__s1
  [tempo] output_bpm=120.00
torch.Size([1, 416, 32]) torch.Size([1, 416, 32])
Yinyang Sampling
Sampling 80 / 416
Sampling 90 / 416
Sampling 100 / 416
Sampling 110 / 416
Sampling 120 / 416
Sampling 130 / 416
Sampling 140 / 416
Sampling 150 / 416
Sampling 160 / 416
Sampling 170 / 416
Sampling 180 / 416
Sampling 190 / 416
Sampling 200 / 416
Sampling 210 / 416
Sampling 220 / 416
Sampling 230 / 416
Sampling 240 / 416
Sampling 250 / 416
Sampling 260 / 416
Sampling 270 / 416
Sampling 280 / 416
Sampling 290 / 416
Sampling 300 / 416
Sampling 310 / 416
Sampling 320 / 416
Sampling 330 / 416
Sampling 340 / 416
Sampling 350 / 416
Sampling 360 / 416
Sampling 370 / 416
Sampling 380 / 416
Sampling 390 / 416
Sampling 400 / 416
Sampling 410 / 416
  -> temp/E1_v5b/P-cm/3_y_conditional/436__s1/chord2mel
=== [144/285] 436__s2
  [tempo] output_bpm=120.00
torch.Size([1, 416, 32]) torch.Size([1, 416, 32])
Yinyang Sampling
Sampling 80 / 416
Sampling 90 / 416
Sampling 100 / 416
Sampling 110 / 416
Sampling 120 / 416
Sampling 130 / 416
Sampling 140 / 416
Sampling 150 / 416
Sampling 160 / 416
Sampling 170 / 416
Sampling 180 / 416
Sampling 190 / 416
Sampling 200 / 416
Sampling 210 / 416
Sampling 220 / 416
Sampling 230 / 416
Sampling 240 / 416
Sampling 250 / 416
Sampling 260 / 416
Sampling 270 / 416
Sampling 280 / 416
Sampling 290 / 416
Sampling 300 / 416
Sampling 310 / 416
Sampling 320 / 416
Sampling 330 / 416
Sampling 340 / 416
Sampling 350 / 416
Sampling 360 / 416
Sampling 370 / 416
Sampling 380 / 416
Sampling 390 / 416
Sampling 400 / 416
Sampling 410 / 416
  -> temp/E1_v5b/P-cm/3_y_conditional/436__s2/chord2mel
=== [145/285] 446__s0
  [tempo] output_bpm=120.00
torch.Size([1, 416, 32]) torch.Size([1, 416, 32])
Yinyang Sampling
Sampling 80 / 416
Sampling 90 / 416
Sampling 100 / 416
Sampling 110 / 416
Sampling 120 / 416
Sampling 130 / 416
Sampling 140 / 416
Sampling 150 / 416
Sampling 160 / 416
Sampling 170 / 416
Sampling 180 / 416
Sampling 190 / 416
Sampling 200 / 416
Sampling 210 / 416
Sampling 220 / 416
Sampling 230 / 416
Sampling 240 / 416
Sampling 250 / 416
Sampling 260 / 416
Sampling 270 / 416
Sampling 280 / 416
Sampling 290 / 416
Sampling 300 / 416
Sampling 310 / 416
Sampling 320 / 416
Sampling 330 / 416
Sampling 340 / 416
Sampling 350 / 416
Sampling 360 / 416
Sampling 370 / 416
Sampling 380 / 416
Sampling 390 / 416
Sampling 400 / 416
Sampling 410 / 416
  -> temp/E1_v5b/P-cm/3_y_conditional/446__s0/chord2mel
=== [146/285] 446__s1
  [tempo] output_bpm=120.00
torch.Size([1, 416, 32]) torch.Size([1, 416, 32])
Yinyang Sampling
Sampling 80 / 416
Sampling 90 / 416
Sampling 100 / 416
Sampling 110 / 416
Sampling 120 / 416
Sampling 130 / 416
Sampling 140 / 416
Sampling 150 / 416
Sampling 160 / 416
Sampling 170 / 416
Sampling 180 / 416
Sampling 190 / 416
Sampling 200 / 416
Sampling 210 / 416
Sampling 220 / 416
Sampling 230 / 416
Sampling 240 / 416
Sampling 250 / 416
Sampling 260 / 416
Sampling 270 / 416
Sampling 280 / 416
Sampling 290 / 416
Sampling 300 / 416
Sampling 310 / 416
Sampling 320 / 416
Sampling 330 / 416
Sampling 340 / 416
Sampling 350 / 416
Sampling 360 / 416
Sampling 370 / 416
Sampling 380 / 416
Sampling 390 / 416
Sampling 400 / 416
Sampling 410 / 416
  -> temp/E1_v5b/P-cm/3_y_conditional/446__s1/chord2mel
=== [147/285] 446__s2
  [tempo] output_bpm=120.00
torch.Size([1, 416, 32]) torch.Size([1, 416, 32])
Yinyang Sampling
Sampling 80 / 416
Sampling 90 / 416
Sampling 100 / 416
Sampling 110 / 416
Sampling 120 / 416
Sampling 130 / 416
Sampling 140 / 416
Sampling 150 / 416
Sampling 160 / 416
Sampling 170 / 416
Sampling 180 / 416
Sampling 190 / 416
Sampling 200 / 416
Sampling 210 / 416
Sampling 220 / 416
Sampling 230 / 416
Sampling 240 / 416
Sampling 250 / 416
Sampling 260 / 416
Sampling 270 / 416
Sampling 280 / 416
Sampling 290 / 416
Sampling 300 / 416
Sampling 310 / 416
Sampling 320 / 416
Sampling 330 / 416
Sampling 340 / 416
Sampling 350 / 416
Sampling 360 / 416
Sampling 370 / 416
Sampling 380 / 416
Sampling 390 / 416
Sampling 400 / 416
Sampling 410 / 416
  -> temp/E1_v5b/P-cm/3_y_conditional/446__s2/chord2mel
=== [148/285] 456__s0
  [tempo] output_bpm=120.00
torch.Size([1, 416, 32]) torch.Size([1, 416, 32])
Yinyang Sampling
Sampling 80 / 416
Sampling 90 / 416
Sampling 100 / 416
Sampling 110 / 416
Sampling 120 / 416
Sampling 130 / 416
Sampling 140 / 416
Sampling 150 / 416
Sampling 160 / 416
Sampling 170 / 416
Sampling 180 / 416
Sampling 190 / 416
Sampling 200 / 416
Sampling 210 / 416
Sampling 220 / 416
Sampling 230 / 416
Sampling 240 / 416
Sampling 250 / 416
Sampling 260 / 416
Sampling 270 / 416
Sampling 280 / 416
Sampling 290 / 416
Sampling 300 / 416
Sampling 310 / 416
Sampling 320 / 416
Sampling 330 / 416
Sampling 340 / 416
Sampling 350 / 416
Sampling 360 / 416
Sampling 370 / 416
Sampling 380 / 416
Sampling 390 / 416
Sampling 400 / 416
Sampling 410 / 416
  -> temp/E1_v5b/P-cm/3_y_conditional/456__s0/chord2mel
=== [149/285] 456__s1
  [tempo] output_bpm=120.00
torch.Size([1, 416, 32]) torch.Size([1, 416, 32])
Yinyang Sampling
Sampling 80 / 416
Sampling 90 / 416
Sampling 100 / 416
Sampling 110 / 416
Sampling 120 / 416
Sampling 130 / 416
Sampling 140 / 416
Sampling 150 / 416
Sampling 160 / 416
Sampling 170 / 416
Sampling 180 / 416
Sampling 190 / 416
Sampling 200 / 416
Sampling 210 / 416
Sampling 220 / 416
Sampling 230 / 416
Sampling 240 / 416
Sampling 250 / 416
Sampling 260 / 416
Sampling 270 / 416
Sampling 280 / 416
Sampling 290 / 416
Sampling 300 / 416
Sampling 310 / 416
Sampling 320 / 416
Sampling 330 / 416
Sampling 340 / 416
Sampling 350 / 416
Sampling 360 / 416
Sampling 370 / 416
Sampling 380 / 416
Sampling 390 / 416
Sampling 400 / 416
Sampling 410 / 416
  -> temp/E1_v5b/P-cm/3_y_conditional/456__s1/chord2mel
=== [150/285] 456__s2
  [tempo] output_bpm=120.00
torch.Size([1, 416, 32]) torch.Size([1, 416, 32])
Yinyang Sampling
Sampling 80 / 416
Sampling 90 / 416
Sampling 100 / 416
Sampling 110 / 416
Sampling 120 / 416
Sampling 130 / 416
Sampling 140 / 416
Sampling 150 / 416
Sampling 160 / 416
Sampling 170 / 416
Sampling 180 / 416
Sampling 190 / 416
Sampling 200 / 416
Sampling 210 / 416
Sampling 220 / 416
Sampling 230 / 416
Sampling 240 / 416
Sampling 250 / 416
Sampling 260 / 416
Sampling 270 / 416
Sampling 280 / 416
Sampling 290 / 416
Sampling 300 / 416
Sampling 310 / 416
Sampling 320 / 416
Sampling 330 / 416
Sampling 340 / 416
Sampling 350 / 416
Sampling 360 / 416
Sampling 370 / 416
Sampling 380 / 416
Sampling 390 / 416
Sampling 400 / 416
Sampling 410 / 416
  -> temp/E1_v5b/P-cm/3_y_conditional/456__s2/chord2mel
=== [151/285] 466__s0
  [tempo] output_bpm=120.00
torch.Size([1, 416, 32]) torch.Size([1, 416, 32])
Yinyang Sampling
Sampling 80 / 416
Sampling 90 / 416
Sampling 100 / 416
Sampling 110 / 416
Sampling 120 / 416
Sampling 130 / 416
Sampling 140 / 416
Sampling 150 / 416
Sampling 160 / 416
Sampling 170 / 416
Sampling 180 / 416
Sampling 190 / 416
Sampling 200 / 416
Sampling 210 / 416
Sampling 220 / 416
Sampling 230 / 416
Sampling 240 / 416
Sampling 250 / 416
Sampling 260 / 416
Sampling 270 / 416
Sampling 280 / 416
Sampling 290 / 416
Sampling 300 / 416
Sampling 310 / 416
Sampling 320 / 416
Sampling 330 / 416
Sampling 340 / 416
Sampling 350 / 416
Sampling 360 / 416
Sampling 370 / 416
Sampling 380 / 416
Sampling 390 / 416
Sampling 400 / 416
Sampling 410 / 416
  -> temp/E1_v5b/P-cm/3_y_conditional/466__s0/chord2mel
=== [152/285] 466__s1
  [tempo] output_bpm=120.00
torch.Size([1, 416, 32]) torch.Size([1, 416, 32])
Yinyang Sampling
Sampling 80 / 416
Sampling 90 / 416
Sampling 100 / 416
Sampling 110 / 416
Sampling 120 / 416
Sampling 130 / 416
Sampling 140 / 416
Sampling 150 / 416
Sampling 160 / 416
Sampling 170 / 416
Sampling 180 / 416
Sampling 190 / 416
Sampling 200 / 416
Sampling 210 / 416
Sampling 220 / 416
Sampling 230 / 416
Sampling 240 / 416
Sampling 250 / 416
Sampling 260 / 416
Sampling 270 / 416
Sampling 280 / 416
Sampling 290 / 416
Sampling 300 / 416
Sampling 310 / 416
Sampling 320 / 416
Sampling 330 / 416
Sampling 340 / 416
Sampling 350 / 416
Sampling 360 / 416
Sampling 370 / 416
Sampling 380 / 416
Sampling 390 / 416
Sampling 400 / 416
Sampling 410 / 416
  -> temp/E1_v5b/P-cm/3_y_conditional/466__s1/chord2mel
=== [153/285] 466__s2
  [tempo] output_bpm=120.00
torch.Size([1, 416, 32]) torch.Size([1, 416, 32])
Yinyang Sampling
Sampling 80 / 416
Sampling 90 / 416
Sampling 100 / 416
Sampling 110 / 416
Sampling 120 / 416
Sampling 130 / 416
Sampling 140 / 416
Sampling 150 / 416
Sampling 160 / 416
Sampling 170 / 416
Sampling 180 / 416
Sampling 190 / 416
Sampling 200 / 416
Sampling 210 / 416
Sampling 220 / 416
Sampling 230 / 416
Sampling 240 / 416
Sampling 250 / 416
Sampling 260 / 416
Sampling 270 / 416
Sampling 280 / 416
Sampling 290 / 416
Sampling 300 / 416
Sampling 310 / 416
Sampling 320 / 416
Sampling 330 / 416
Sampling 340 / 416
Sampling 350 / 416
Sampling 360 / 416
Sampling 370 / 416
Sampling 380 / 416
Sampling 390 / 416
Sampling 400 / 416
Sampling 410 / 416
  -> temp/E1_v5b/P-cm/3_y_conditional/466__s2/chord2mel
=== [154/285] 476__s0
  [tempo] output_bpm=120.00
torch.Size([1, 416, 32]) torch.Size([1, 416, 32])
Yinyang Sampling
Sampling 80 / 416
Sampling 90 / 416
Sampling 100 / 416
Sampling 110 / 416
Sampling 120 / 416
Sampling 130 / 416
Sampling 140 / 416
Sampling 150 / 416
Sampling 160 / 416
Sampling 170 / 416
Sampling 180 / 416
Sampling 190 / 416
Sampling 200 / 416
Sampling 210 / 416
Sampling 220 / 416
Sampling 230 / 416
Sampling 240 / 416
Sampling 250 / 416
Sampling 260 / 416
Sampling 270 / 416
Sampling 280 / 416
Sampling 290 / 416
Sampling 300 / 416
Sampling 310 / 416
Sampling 320 / 416
Sampling 330 / 416
Sampling 340 / 416
Sampling 350 / 416
Sampling 360 / 416
Sampling 370 / 416
Sampling 380 / 416
Sampling 390 / 416
Sampling 400 / 416
Sampling 410 / 416
  -> temp/E1_v5b/P-cm/3_y_conditional/476__s0/chord2mel
=== [155/285] 476__s1
  [tempo] output_bpm=120.00
torch.Size([1, 416, 32]) torch.Size([1, 416, 32])
Yinyang Sampling
Sampling 80 / 416
Sampling 90 / 416
Sampling 100 / 416
Sampling 110 / 416
Sampling 120 / 416
Sampling 130 / 416
Sampling 140 / 416
Sampling 150 / 416
Sampling 160 / 416
Sampling 170 / 416
Sampling 180 / 416
Sampling 190 / 416
Sampling 200 / 416
Sampling 210 / 416
Sampling 220 / 416
Sampling 230 / 416
Sampling 240 / 416
Sampling 250 / 416
Sampling 260 / 416
Sampling 270 / 416
Sampling 280 / 416
Sampling 290 / 416
Sampling 300 / 416
Sampling 310 / 416
Sampling 320 / 416
Sampling 330 / 416
Sampling 340 / 416
Sampling 350 / 416
Sampling 360 / 416
Sampling 370 / 416
Sampling 380 / 416
Sampling 390 / 416
Sampling 400 / 416
Sampling 410 / 416
  -> temp/E1_v5b/P-cm/3_y_conditional/476__s1/chord2mel
=== [156/285] 476__s2
  [tempo] output_bpm=120.00
torch.Size([1, 416, 32]) torch.Size([1, 416, 32])
Yinyang Sampling
Sampling 80 / 416
Sampling 90 / 416
Sampling 100 / 416
Sampling 110 / 416
Sampling 120 / 416
Sampling 130 / 416
Sampling 140 / 416
Sampling 150 / 416
Sampling 160 / 416
Sampling 170 / 416
Sampling 180 / 416
Sampling 190 / 416
Sampling 200 / 416
Sampling 210 / 416
Sampling 220 / 416
Sampling 230 / 416
Sampling 240 / 416
Sampling 250 / 416
Sampling 260 / 416
Sampling 270 / 416
Sampling 280 / 416
Sampling 290 / 416
Sampling 300 / 416
Sampling 310 / 416
Sampling 320 / 416
Sampling 330 / 416
Sampling 340 / 416
Sampling 350 / 416
Sampling 360 / 416
Sampling 370 / 416
Sampling 380 / 416
Sampling 390 / 416
Sampling 400 / 416
Sampling 410 / 416
  -> temp/E1_v5b/P-cm/3_y_conditional/476__s2/chord2mel
=== [157/285] 486__s0
  [tempo] output_bpm=120.00
torch.Size([1, 416, 32]) torch.Size([1, 416, 32])
Yinyang Sampling
Sampling 80 / 416
Sampling 90 / 416
Sampling 100 / 416
Sampling 110 / 416
Sampling 120 / 416
Sampling 130 / 416
Sampling 140 / 416
Sampling 150 / 416
Sampling 160 / 416
Sampling 170 / 416
Sampling 180 / 416
Sampling 190 / 416
Sampling 200 / 416
Sampling 210 / 416
Sampling 220 / 416
Sampling 230 / 416
Sampling 240 / 416
Sampling 250 / 416
Sampling 260 / 416
Sampling 270 / 416
Sampling 280 / 416
Sampling 290 / 416
Sampling 300 / 416
Sampling 310 / 416
Sampling 320 / 416
Sampling 330 / 416
Sampling 340 / 416
Sampling 350 / 416
Sampling 360 / 416
Sampling 370 / 416
Sampling 380 / 416
Sampling 390 / 416
Sampling 400 / 416
Sampling 410 / 416
  -> temp/E1_v5b/P-cm/3_y_conditional/486__s0/chord2mel
=== [158/285] 486__s1
  [tempo] output_bpm=120.00
torch.Size([1, 416, 32]) torch.Size([1, 416, 32])
Yinyang Sampling
Sampling 80 / 416
Sampling 90 / 416
Sampling 100 / 416
Sampling 110 / 416
Sampling 120 / 416
Sampling 130 / 416
Sampling 140 / 416
Sampling 150 / 416
Sampling 160 / 416
Sampling 170 / 416
Sampling 180 / 416
Sampling 190 / 416
Sampling 200 / 416
Sampling 210 / 416
Sampling 220 / 416
Sampling 230 / 416
Sampling 240 / 416
Sampling 250 / 416
Sampling 260 / 416
Sampling 270 / 416
Sampling 280 / 416
Sampling 290 / 416
Sampling 300 / 416
Sampling 310 / 416
Sampling 320 / 416
Sampling 330 / 416
Sampling 340 / 416
Sampling 350 / 416
Sampling 360 / 416
Sampling 370 / 416
Sampling 380 / 416
Sampling 390 / 416
Sampling 400 / 416
Sampling 410 / 416
  -> temp/E1_v5b/P-cm/3_y_conditional/486__s1/chord2mel
=== [159/285] 486__s2
  [tempo] output_bpm=120.00
torch.Size([1, 416, 32]) torch.Size([1, 416, 32])
Yinyang Sampling
Sampling 80 / 416
Sampling 90 / 416
Sampling 100 / 416
Sampling 110 / 416
Sampling 120 / 416
Sampling 130 / 416
Sampling 140 / 416
Sampling 150 / 416
Sampling 160 / 416
Sampling 170 / 416
Sampling 180 / 416
Sampling 190 / 416
Sampling 200 / 416
Sampling 210 / 416
Sampling 220 / 416
Sampling 230 / 416
Sampling 240 / 416
Sampling 250 / 416
Sampling 260 / 416
Sampling 270 / 416
Sampling 280 / 416
Sampling 290 / 416
Sampling 300 / 416
Sampling 310 / 416
Sampling 320 / 416
Sampling 330 / 416
Sampling 340 / 416
Sampling 350 / 416
Sampling 360 / 416
Sampling 370 / 416
Sampling 380 / 416
Sampling 390 / 416
Sampling 400 / 416
Sampling 410 / 416
  -> temp/E1_v5b/P-cm/3_y_conditional/486__s2/chord2mel
=== [160/285] 496__s0
  [tempo] output_bpm=120.00
torch.Size([1, 416, 32]) torch.Size([1, 416, 32])
Yinyang Sampling
Sampling 80 / 416
Sampling 90 / 416
Sampling 100 / 416
Sampling 110 / 416
Sampling 120 / 416
Sampling 130 / 416
Sampling 140 / 416
Sampling 150 / 416
Sampling 160 / 416
Sampling 170 / 416
Sampling 180 / 416
Sampling 190 / 416
Sampling 200 / 416
Sampling 210 / 416
Sampling 220 / 416
Sampling 230 / 416
Sampling 240 / 416
Sampling 250 / 416
Sampling 260 / 416
Sampling 270 / 416
Sampling 280 / 416
Sampling 290 / 416
Sampling 300 / 416
Sampling 310 / 416
Sampling 320 / 416
Sampling 330 / 416
Sampling 340 / 416
Sampling 350 / 416
Sampling 360 / 416
Sampling 370 / 416
Sampling 380 / 416
Sampling 390 / 416
Sampling 400 / 416
Sampling 410 / 416
  -> temp/E1_v5b/P-cm/3_y_conditional/496__s0/chord2mel
=== [161/285] 496__s1
  [tempo] output_bpm=120.00
torch.Size([1, 416, 32]) torch.Size([1, 416, 32])
Yinyang Sampling
Sampling 80 / 416
Sampling 90 / 416
Sampling 100 / 416
Sampling 110 / 416
Sampling 120 / 416
Sampling 130 / 416
Sampling 140 / 416
Sampling 150 / 416
Sampling 160 / 416
Sampling 170 / 416
Sampling 180 / 416
Sampling 190 / 416
Sampling 200 / 416
Sampling 210 / 416
Sampling 220 / 416
Sampling 230 / 416
Sampling 240 / 416
Sampling 250 / 416
Sampling 260 / 416
Sampling 270 / 416
Sampling 280 / 416
Sampling 290 / 416
Sampling 300 / 416
Sampling 310 / 416
Sampling 320 / 416
Sampling 330 / 416
Sampling 340 / 416
Sampling 350 / 416
Sampling 360 / 416
Sampling 370 / 416
Sampling 380 / 416
Sampling 390 / 416
Sampling 400 / 416
Sampling 410 / 416
  -> temp/E1_v5b/P-cm/3_y_conditional/496__s1/chord2mel
=== [162/285] 496__s2
  [tempo] output_bpm=120.00
torch.Size([1, 416, 32]) torch.Size([1, 416, 32])
Yinyang Sampling
Sampling 80 / 416
Sampling 90 / 416
Sampling 100 / 416
Sampling 110 / 416
Sampling 120 / 416
Sampling 130 / 416
Sampling 140 / 416
Sampling 150 / 416
Sampling 160 / 416
Sampling 170 / 416
Sampling 180 / 416
Sampling 190 / 416
Sampling 200 / 416
Sampling 210 / 416
Sampling 220 / 416
Sampling 230 / 416
Sampling 240 / 416
Sampling 250 / 416
Sampling 260 / 416
Sampling 270 / 416
Sampling 280 / 416
Sampling 290 / 416
Sampling 300 / 416
Sampling 310 / 416
Sampling 320 / 416
Sampling 330 / 416
Sampling 340 / 416
Sampling 350 / 416
Sampling 360 / 416
Sampling 370 / 416
Sampling 380 / 416
Sampling 390 / 416
Sampling 400 / 416
Sampling 410 / 416
  -> temp/E1_v5b/P-cm/3_y_conditional/496__s2/chord2mel
=== [163/285] 506__s0
  [tempo] output_bpm=120.00
torch.Size([1, 416, 32]) torch.Size([1, 416, 32])
Yinyang Sampling
Sampling 80 / 416
Sampling 90 / 416
Sampling 100 / 416
Sampling 110 / 416
Sampling 120 / 416
Sampling 130 / 416
Sampling 140 / 416
Sampling 150 / 416
Sampling 160 / 416
Sampling 170 / 416
Sampling 180 / 416
Sampling 190 / 416
Sampling 200 / 416
Sampling 210 / 416
Sampling 220 / 416
Sampling 230 / 416
Sampling 240 / 416
Sampling 250 / 416
Sampling 260 / 416
Sampling 270 / 416
Sampling 280 / 416
Sampling 290 / 416
Sampling 300 / 416
Sampling 310 / 416
Sampling 320 / 416
Sampling 330 / 416
Sampling 340 / 416
Sampling 350 / 416
Sampling 360 / 416
Sampling 370 / 416
Sampling 380 / 416
Sampling 390 / 416
Sampling 400 / 416
Sampling 410 / 416
  -> temp/E1_v5b/P-cm/3_y_conditional/506__s0/chord2mel
=== [164/285] 506__s1
  [tempo] output_bpm=120.00
torch.Size([1, 416, 32]) torch.Size([1, 416, 32])
Yinyang Sampling
Sampling 80 / 416
Sampling 90 / 416
Sampling 100 / 416
Sampling 110 / 416
Sampling 120 / 416
Sampling 130 / 416
Sampling 140 / 416
Sampling 150 / 416
Sampling 160 / 416
Sampling 170 / 416
Sampling 180 / 416
Sampling 190 / 416
Sampling 200 / 416
Sampling 210 / 416
Sampling 220 / 416
Sampling 230 / 416
Sampling 240 / 416
Sampling 250 / 416
Sampling 260 / 416
Sampling 270 / 416
Sampling 280 / 416
Sampling 290 / 416
Sampling 300 / 416
Sampling 310 / 416
Sampling 320 / 416
Sampling 330 / 416
Sampling 340 / 416
Sampling 350 / 416
Sampling 360 / 416
Sampling 370 / 416
Sampling 380 / 416
Sampling 390 / 416
Sampling 400 / 416
Sampling 410 / 416
  -> temp/E1_v5b/P-cm/3_y_conditional/506__s1/chord2mel
=== [165/285] 506__s2
  [tempo] output_bpm=120.00
torch.Size([1, 416, 32]) torch.Size([1, 416, 32])
Yinyang Sampling
Sampling 80 / 416
Sampling 90 / 416
Sampling 100 / 416
Sampling 110 / 416
Sampling 120 / 416
Sampling 130 / 416
Sampling 140 / 416
Sampling 150 / 416
Sampling 160 / 416
Sampling 170 / 416
Sampling 180 / 416
Sampling 190 / 416
Sampling 200 / 416
Sampling 210 / 416
Sampling 220 / 416
Sampling 230 / 416
Sampling 240 / 416
Sampling 250 / 416
Sampling 260 / 416
Sampling 270 / 416
Sampling 280 / 416
Sampling 290 / 416
Sampling 300 / 416
Sampling 310 / 416
Sampling 320 / 416
Sampling 330 / 416
Sampling 340 / 416
Sampling 350 / 416
Sampling 360 / 416
Sampling 370 / 416
Sampling 380 / 416
Sampling 390 / 416
Sampling 400 / 416
Sampling 410 / 416
  -> temp/E1_v5b/P-cm/3_y_conditional/506__s2/chord2mel
=== [166/285] 516__s0
  [tempo] output_bpm=120.00
torch.Size([1, 416, 32]) torch.Size([1, 416, 32])
Yinyang Sampling
Sampling 80 / 416
Sampling 90 / 416
Sampling 100 / 416
Sampling 110 / 416
Sampling 120 / 416
Sampling 130 / 416
Sampling 140 / 416
Sampling 150 / 416
Sampling 160 / 416
Sampling 170 / 416
Sampling 180 / 416
Sampling 190 / 416
Sampling 200 / 416
Sampling 210 / 416
Sampling 220 / 416
Sampling 230 / 416
Sampling 240 / 416
Sampling 250 / 416
Sampling 260 / 416
Sampling 270 / 416
Sampling 280 / 416
Sampling 290 / 416
Sampling 300 / 416
Sampling 310 / 416
Sampling 320 / 416
Sampling 330 / 416
Sampling 340 / 416
Sampling 350 / 416
Sampling 360 / 416
Sampling 370 / 416
Sampling 380 / 416
Sampling 390 / 416
Sampling 400 / 416
Sampling 410 / 416
  -> temp/E1_v5b/P-cm/3_y_conditional/516__s0/chord2mel
=== [167/285] 516__s1
  [tempo] output_bpm=120.00
torch.Size([1, 416, 32]) torch.Size([1, 416, 32])
Yinyang Sampling
Sampling 80 / 416
Sampling 90 / 416
Sampling 100 / 416
Sampling 110 / 416
Sampling 120 / 416
Sampling 130 / 416
Sampling 140 / 416
Sampling 150 / 416
Sampling 160 / 416
Sampling 170 / 416
Sampling 180 / 416
Sampling 190 / 416
Sampling 200 / 416
Sampling 210 / 416
Sampling 220 / 416
Sampling 230 / 416
Sampling 240 / 416
Sampling 250 / 416
Sampling 260 / 416
Sampling 270 / 416
Sampling 280 / 416
Sampling 290 / 416
Sampling 300 / 416
Sampling 310 / 416
Sampling 320 / 416
Sampling 330 / 416
Sampling 340 / 416
Sampling 350 / 416
Sampling 360 / 416
Sampling 370 / 416
Sampling 380 / 416
Sampling 390 / 416
Sampling 400 / 416
Sampling 410 / 416
  -> temp/E1_v5b/P-cm/3_y_conditional/516__s1/chord2mel
=== [168/285] 516__s2
  [tempo] output_bpm=120.00
torch.Size([1, 416, 32]) torch.Size([1, 416, 32])
Yinyang Sampling
Sampling 80 / 416
Sampling 90 / 416
Sampling 100 / 416
Sampling 110 / 416
Sampling 120 / 416
Sampling 130 / 416
Sampling 140 / 416
Sampling 150 / 416
Sampling 160 / 416
Sampling 170 / 416
Sampling 180 / 416
Sampling 190 / 416
Sampling 200 / 416
Sampling 210 / 416
Sampling 220 / 416
Sampling 230 / 416
Sampling 240 / 416
Sampling 250 / 416
Sampling 260 / 416
Sampling 270 / 416
Sampling 280 / 416
Sampling 290 / 416
Sampling 300 / 416
Sampling 310 / 416
Sampling 320 / 416
Sampling 330 / 416
Sampling 340 / 416
Sampling 350 / 416
Sampling 360 / 416
Sampling 370 / 416
Sampling 380 / 416
Sampling 390 / 416
Sampling 400 / 416
Sampling 410 / 416
  -> temp/E1_v5b/P-cm/3_y_conditional/516__s2/chord2mel
=== [169/285] 526__s0
  [tempo] output_bpm=120.00
torch.Size([1, 416, 32]) torch.Size([1, 416, 32])
Yinyang Sampling
Sampling 80 / 416
Sampling 90 / 416
Sampling 100 / 416
Sampling 110 / 416
Sampling 120 / 416
Sampling 130 / 416
Sampling 140 / 416
Sampling 150 / 416
Sampling 160 / 416
Sampling 170 / 416
Sampling 180 / 416
Sampling 190 / 416
Sampling 200 / 416
Sampling 210 / 416
Sampling 220 / 416
Sampling 230 / 416
Sampling 240 / 416
Sampling 250 / 416
Sampling 260 / 416
Sampling 270 / 416
Sampling 280 / 416
Sampling 290 / 416
Sampling 300 / 416
Sampling 310 / 416
Sampling 320 / 416
Sampling 330 / 416
Sampling 340 / 416
Sampling 350 / 416
Sampling 360 / 416
Sampling 370 / 416
Sampling 380 / 416
Sampling 390 / 416
Sampling 400 / 416
Sampling 410 / 416
  -> temp/E1_v5b/P-cm/3_y_conditional/526__s0/chord2mel
=== [170/285] 526__s1
  [tempo] output_bpm=120.00
torch.Size([1, 416, 32]) torch.Size([1, 416, 32])
Yinyang Sampling
Sampling 80 / 416
Sampling 90 / 416
Sampling 100 / 416
Sampling 110 / 416
Sampling 120 / 416
Sampling 130 / 416
Sampling 140 / 416
Sampling 150 / 416
Sampling 160 / 416
Sampling 170 / 416
Sampling 180 / 416
Sampling 190 / 416
Sampling 200 / 416
Sampling 210 / 416
Sampling 220 / 416
Sampling 230 / 416
Sampling 240 / 416
Sampling 250 / 416
Sampling 260 / 416
Sampling 270 / 416
Sampling 280 / 416
Sampling 290 / 416
Sampling 300 / 416
Sampling 310 / 416
Sampling 320 / 416
Sampling 330 / 416
Sampling 340 / 416
Sampling 350 / 416
Sampling 360 / 416
Sampling 370 / 416
Sampling 380 / 416
Sampling 390 / 416
Sampling 400 / 416
Sampling 410 / 416
  -> temp/E1_v5b/P-cm/3_y_conditional/526__s1/chord2mel
=== [171/285] 526__s2
  [tempo] output_bpm=120.00
torch.Size([1, 416, 32]) torch.Size([1, 416, 32])
Yinyang Sampling
Sampling 80 / 416
Sampling 90 / 416
Sampling 100 / 416
Sampling 110 / 416
Sampling 120 / 416
Sampling 130 / 416
Sampling 140 / 416
Sampling 150 / 416
Sampling 160 / 416
Sampling 170 / 416
Sampling 180 / 416
Sampling 190 / 416
Sampling 200 / 416
Sampling 210 / 416
Sampling 220 / 416
Sampling 230 / 416
Sampling 240 / 416
Sampling 250 / 416
Sampling 260 / 416
Sampling 270 / 416
Sampling 280 / 416
Sampling 290 / 416
Sampling 300 / 416
Sampling 310 / 416
Sampling 320 / 416
Sampling 330 / 416
Sampling 340 / 416
Sampling 350 / 416
Sampling 360 / 416
Sampling 370 / 416
Sampling 380 / 416
Sampling 390 / 416
Sampling 400 / 416
Sampling 410 / 416
  -> temp/E1_v5b/P-cm/3_y_conditional/526__s2/chord2mel
=== [172/285] 536__s0
  [tempo] output_bpm=120.00
torch.Size([1, 416, 32]) torch.Size([1, 416, 32])
Yinyang Sampling
Sampling 80 / 416
Sampling 90 / 416
Sampling 100 / 416
Sampling 110 / 416
Sampling 120 / 416
Sampling 130 / 416
Sampling 140 / 416
Sampling 150 / 416
Sampling 160 / 416
Sampling 170 / 416
Sampling 180 / 416
Sampling 190 / 416
Sampling 200 / 416
Sampling 210 / 416
Sampling 220 / 416
Sampling 230 / 416
Sampling 240 / 416
Sampling 250 / 416
Sampling 260 / 416
Sampling 270 / 416
Sampling 280 / 416
Sampling 290 / 416
Sampling 300 / 416
Sampling 310 / 416
Sampling 320 / 416
Sampling 330 / 416
Sampling 340 / 416
Sampling 350 / 416
Sampling 360 / 416
Sampling 370 / 416
Sampling 380 / 416
Sampling 390 / 416
Sampling 400 / 416
Sampling 410 / 416
  -> temp/E1_v5b/P-cm/3_y_conditional/536__s0/chord2mel
=== [173/285] 536__s1
  [tempo] output_bpm=120.00
torch.Size([1, 416, 32]) torch.Size([1, 416, 32])
Yinyang Sampling
Sampling 80 / 416
Sampling 90 / 416
Sampling 100 / 416
Sampling 110 / 416
Sampling 120 / 416
Sampling 130 / 416
Sampling 140 / 416
Sampling 150 / 416
Sampling 160 / 416
Sampling 170 / 416
Sampling 180 / 416
Sampling 190 / 416
Sampling 200 / 416
Sampling 210 / 416
Sampling 220 / 416
Sampling 230 / 416
Sampling 240 / 416
Sampling 250 / 416
Sampling 260 / 416
Sampling 270 / 416
Sampling 280 / 416
Sampling 290 / 416
Sampling 300 / 416
Sampling 310 / 416
Sampling 320 / 416
Sampling 330 / 416
Sampling 340 / 416
Sampling 350 / 416
Sampling 360 / 416
Sampling 370 / 416
Sampling 380 / 416
Sampling 390 / 416
Sampling 400 / 416
Sampling 410 / 416
  -> temp/E1_v5b/P-cm/3_y_conditional/536__s1/chord2mel
=== [174/285] 536__s2
  [tempo] output_bpm=120.00
torch.Size([1, 416, 32]) torch.Size([1, 416, 32])
Yinyang Sampling
Sampling 80 / 416
Sampling 90 / 416
Sampling 100 / 416
Sampling 110 / 416
Sampling 120 / 416
Sampling 130 / 416
Sampling 140 / 416
Sampling 150 / 416
Sampling 160 / 416
Sampling 170 / 416
Sampling 180 / 416
Sampling 190 / 416
Sampling 200 / 416
Sampling 210 / 416
Sampling 220 / 416
Sampling 230 / 416
Sampling 240 / 416
Sampling 250 / 416
Sampling 260 / 416
Sampling 270 / 416
Sampling 280 / 416
Sampling 290 / 416
Sampling 300 / 416
Sampling 310 / 416
Sampling 320 / 416
Sampling 330 / 416
Sampling 340 / 416
Sampling 350 / 416
Sampling 360 / 416
Sampling 370 / 416
Sampling 380 / 416
Sampling 390 / 416
Sampling 400 / 416
Sampling 410 / 416
  -> temp/E1_v5b/P-cm/3_y_conditional/536__s2/chord2mel
=== [175/285] 546__s0
  [tempo] output_bpm=120.00
torch.Size([1, 416, 32]) torch.Size([1, 416, 32])
Yinyang Sampling
Sampling 80 / 416
Sampling 90 / 416
Sampling 100 / 416
Sampling 110 / 416
Sampling 120 / 416
Sampling 130 / 416
Sampling 140 / 416
Sampling 150 / 416
Sampling 160 / 416
Sampling 170 / 416
Sampling 180 / 416
Sampling 190 / 416
Sampling 200 / 416
Sampling 210 / 416
Sampling 220 / 416
Sampling 230 / 416
Sampling 240 / 416
Sampling 250 / 416
Sampling 260 / 416
Sampling 270 / 416
Sampling 280 / 416
Sampling 290 / 416
Sampling 300 / 416
Sampling 310 / 416
Sampling 320 / 416
Sampling 330 / 416
Sampling 340 / 416
Sampling 350 / 416
Sampling 360 / 416
Sampling 370 / 416
Sampling 380 / 416
Sampling 390 / 416
Sampling 400 / 416
Sampling 410 / 416
  -> temp/E1_v5b/P-cm/3_y_conditional/546__s0/chord2mel
=== [176/285] 546__s1
  [tempo] output_bpm=120.00
torch.Size([1, 416, 32]) torch.Size([1, 416, 32])
Yinyang Sampling
Sampling 80 / 416
Sampling 90 / 416
Sampling 100 / 416
Sampling 110 / 416
Sampling 120 / 416
Sampling 130 / 416
Sampling 140 / 416
Sampling 150 / 416
Sampling 160 / 416
Sampling 170 / 416
Sampling 180 / 416
Sampling 190 / 416
Sampling 200 / 416
Sampling 210 / 416
Sampling 220 / 416
Sampling 230 / 416
Sampling 240 / 416
Sampling 250 / 416
Sampling 260 / 416
Sampling 270 / 416
Sampling 280 / 416
Sampling 290 / 416
Sampling 300 / 416
Sampling 310 / 416
Sampling 320 / 416
Sampling 330 / 416
Sampling 340 / 416
Sampling 350 / 416
Sampling 360 / 416
Sampling 370 / 416
Sampling 380 / 416
Sampling 390 / 416
Sampling 400 / 416
Sampling 410 / 416
  -> temp/E1_v5b/P-cm/3_y_conditional/546__s1/chord2mel
=== [177/285] 546__s2
  [tempo] output_bpm=120.00
torch.Size([1, 416, 32]) torch.Size([1, 416, 32])
Yinyang Sampling
Sampling 80 / 416
Sampling 90 / 416
Sampling 100 / 416
Sampling 110 / 416
Sampling 120 / 416
Sampling 130 / 416
Sampling 140 / 416
Sampling 150 / 416
Sampling 160 / 416
Sampling 170 / 416
Sampling 180 / 416
Sampling 190 / 416
Sampling 200 / 416
Sampling 210 / 416
Sampling 220 / 416
Sampling 230 / 416
Sampling 240 / 416
Sampling 250 / 416
Sampling 260 / 416
Sampling 270 / 416
Sampling 280 / 416
Sampling 290 / 416
Sampling 300 / 416
Sampling 310 / 416
Sampling 320 / 416
Sampling 330 / 416
Sampling 340 / 416
Sampling 350 / 416
Sampling 360 / 416
Sampling 370 / 416
Sampling 380 / 416
Sampling 390 / 416
Sampling 400 / 416
Sampling 410 / 416
  -> temp/E1_v5b/P-cm/3_y_conditional/546__s2/chord2mel
=== [178/285] 556__s0
  [tempo] output_bpm=120.00
torch.Size([1, 416, 32]) torch.Size([1, 416, 32])
Yinyang Sampling
Sampling 80 / 416
Sampling 90 / 416
Sampling 100 / 416
Sampling 110 / 416
Sampling 120 / 416
Sampling 130 / 416
Sampling 140 / 416
Sampling 150 / 416
Sampling 160 / 416
Sampling 170 / 416
Sampling 180 / 416
Sampling 190 / 416
Sampling 200 / 416
Sampling 210 / 416
Sampling 220 / 416
Sampling 230 / 416
Sampling 240 / 416
Sampling 250 / 416
Sampling 260 / 416
Sampling 270 / 416
Sampling 280 / 416
Sampling 290 / 416
Sampling 300 / 416
Sampling 310 / 416
Sampling 320 / 416
Sampling 330 / 416
Sampling 340 / 416
Sampling 350 / 416
Sampling 360 / 416
Sampling 370 / 416
Sampling 380 / 416
Sampling 390 / 416
Sampling 400 / 416
Sampling 410 / 416
  -> temp/E1_v5b/P-cm/3_y_conditional/556__s0/chord2mel
=== [179/285] 556__s1
  [tempo] output_bpm=120.00
torch.Size([1, 416, 32]) torch.Size([1, 416, 32])
Yinyang Sampling
Sampling 80 / 416
Sampling 90 / 416
Sampling 100 / 416
Sampling 110 / 416
Sampling 120 / 416
Sampling 130 / 416
Sampling 140 / 416
Sampling 150 / 416
Sampling 160 / 416
Sampling 170 / 416
Sampling 180 / 416
Sampling 190 / 416
Sampling 200 / 416
Sampling 210 / 416
Sampling 220 / 416
Sampling 230 / 416
Sampling 240 / 416
Sampling 250 / 416
Sampling 260 / 416
Sampling 270 / 416
Sampling 280 / 416
Sampling 290 / 416
Sampling 300 / 416
Sampling 310 / 416
Sampling 320 / 416
Sampling 330 / 416
Sampling 340 / 416
Sampling 350 / 416
Sampling 360 / 416
Sampling 370 / 416
Sampling 380 / 416
Sampling 390 / 416
Sampling 400 / 416
Sampling 410 / 416
  -> temp/E1_v5b/P-cm/3_y_conditional/556__s1/chord2mel
=== [180/285] 556__s2
  [tempo] output_bpm=120.00
torch.Size([1, 416, 32]) torch.Size([1, 416, 32])
Yinyang Sampling
Sampling 80 / 416
Sampling 90 / 416
Sampling 100 / 416
Sampling 110 / 416
Sampling 120 / 416
Sampling 130 / 416
Sampling 140 / 416
Sampling 150 / 416
Sampling 160 / 416
Sampling 170 / 416
Sampling 180 / 416
Sampling 190 / 416
Sampling 200 / 416
Sampling 210 / 416
Sampling 220 / 416
Sampling 230 / 416
Sampling 240 / 416
Sampling 250 / 416
Sampling 260 / 416
Sampling 270 / 416
Sampling 280 / 416
Sampling 290 / 416
Sampling 300 / 416
Sampling 310 / 416
Sampling 320 / 416
Sampling 330 / 416
Sampling 340 / 416
Sampling 350 / 416
Sampling 360 / 416
Sampling 370 / 416
Sampling 380 / 416
Sampling 390 / 416
Sampling 400 / 416
Sampling 410 / 416
  -> temp/E1_v5b/P-cm/3_y_conditional/556__s2/chord2mel
=== [181/285] 566__s0
  [tempo] output_bpm=120.00
torch.Size([1, 416, 32]) torch.Size([1, 416, 32])
Yinyang Sampling
Sampling 80 / 416
Sampling 90 / 416
Sampling 100 / 416
Sampling 110 / 416
Sampling 120 / 416
Sampling 130 / 416
Sampling 140 / 416
Sampling 150 / 416
Sampling 160 / 416
Sampling 170 / 416
Sampling 180 / 416
Sampling 190 / 416
Sampling 200 / 416
Sampling 210 / 416
Sampling 220 / 416
Sampling 230 / 416
Sampling 240 / 416
Sampling 250 / 416
Sampling 260 / 416
Sampling 270 / 416
Sampling 280 / 416
Sampling 290 / 416
Sampling 300 / 416
Sampling 310 / 416
Sampling 320 / 416
Sampling 330 / 416
Sampling 340 / 416
Sampling 350 / 416
Sampling 360 / 416
Sampling 370 / 416
Sampling 380 / 416
Sampling 390 / 416
Sampling 400 / 416
Sampling 410 / 416
  -> temp/E1_v5b/P-cm/3_y_conditional/566__s0/chord2mel
=== [182/285] 566__s1
  [tempo] output_bpm=120.00
torch.Size([1, 416, 32]) torch.Size([1, 416, 32])
Yinyang Sampling
Sampling 80 / 416
Sampling 90 / 416
Sampling 100 / 416
Sampling 110 / 416
Sampling 120 / 416
Sampling 130 / 416
Sampling 140 / 416
Sampling 150 / 416
Sampling 160 / 416
Sampling 170 / 416
Sampling 180 / 416
Sampling 190 / 416
Sampling 200 / 416
Sampling 210 / 416
Sampling 220 / 416
Sampling 230 / 416
Sampling 240 / 416
Sampling 250 / 416
Sampling 260 / 416
Sampling 270 / 416
Sampling 280 / 416
Sampling 290 / 416
Sampling 300 / 416
Sampling 310 / 416
Sampling 320 / 416
Sampling 330 / 416
Sampling 340 / 416
Sampling 350 / 416
Sampling 360 / 416
Sampling 370 / 416
Sampling 380 / 416
Sampling 390 / 416
Sampling 400 / 416
Sampling 410 / 416
  -> temp/E1_v5b/P-cm/3_y_conditional/566__s1/chord2mel
=== [183/285] 566__s2
  [tempo] output_bpm=120.00
torch.Size([1, 416, 32]) torch.Size([1, 416, 32])
Yinyang Sampling
Sampling 80 / 416
Sampling 90 / 416
Sampling 100 / 416
Sampling 110 / 416
Sampling 120 / 416
Sampling 130 / 416
Sampling 140 / 416
Sampling 150 / 416
Sampling 160 / 416
Sampling 170 / 416
Sampling 180 / 416
Sampling 190 / 416
Sampling 200 / 416
Sampling 210 / 416
Sampling 220 / 416
Sampling 230 / 416
Sampling 240 / 416
Sampling 250 / 416
Sampling 260 / 416
Sampling 270 / 416
Sampling 280 / 416
Sampling 290 / 416
Sampling 300 / 416
Sampling 310 / 416
Sampling 320 / 416
Sampling 330 / 416
Sampling 340 / 416
Sampling 350 / 416
Sampling 360 / 416
Sampling 370 / 416
Sampling 380 / 416
Sampling 390 / 416
Sampling 400 / 416
Sampling 410 / 416
  -> temp/E1_v5b/P-cm/3_y_conditional/566__s2/chord2mel
=== [184/285] 576__s0
  [tempo] output_bpm=120.00
torch.Size([1, 416, 32]) torch.Size([1, 416, 32])
Yinyang Sampling
Sampling 80 / 416
Sampling 90 / 416
Sampling 100 / 416
Sampling 110 / 416
Sampling 120 / 416
Sampling 130 / 416
Sampling 140 / 416
Sampling 150 / 416
Sampling 160 / 416
Sampling 170 / 416
Sampling 180 / 416
Sampling 190 / 416
Sampling 200 / 416
Sampling 210 / 416
Sampling 220 / 416
Sampling 230 / 416
Sampling 240 / 416
Sampling 250 / 416
Sampling 260 / 416
Sampling 270 / 416
Sampling 280 / 416
Sampling 290 / 416
Sampling 300 / 416
Sampling 310 / 416
Sampling 320 / 416
Sampling 330 / 416
Sampling 340 / 416
Sampling 350 / 416
Sampling 360 / 416
Sampling 370 / 416
Sampling 380 / 416
Sampling 390 / 416
Sampling 400 / 416
Sampling 410 / 416
  -> temp/E1_v5b/P-cm/3_y_conditional/576__s0/chord2mel
=== [185/285] 576__s1
  [tempo] output_bpm=120.00
torch.Size([1, 416, 32]) torch.Size([1, 416, 32])
Yinyang Sampling
Sampling 80 / 416
Sampling 90 / 416
Sampling 100 / 416
Sampling 110 / 416
Sampling 120 / 416
Sampling 130 / 416
Sampling 140 / 416
Sampling 150 / 416
Sampling 160 / 416
Sampling 170 / 416
Sampling 180 / 416
Sampling 190 / 416
Sampling 200 / 416
Sampling 210 / 416
Sampling 220 / 416
Sampling 230 / 416
Sampling 240 / 416
Sampling 250 / 416
Sampling 260 / 416
Sampling 270 / 416
Sampling 280 / 416
Sampling 290 / 416
Sampling 300 / 416
Sampling 310 / 416
Sampling 320 / 416
Sampling 330 / 416
Sampling 340 / 416
Sampling 350 / 416
Sampling 360 / 416
Sampling 370 / 416
Sampling 380 / 416
Sampling 390 / 416
Sampling 400 / 416
Sampling 410 / 416
  -> temp/E1_v5b/P-cm/3_y_conditional/576__s1/chord2mel
=== [186/285] 576__s2
  [tempo] output_bpm=120.00
torch.Size([1, 416, 32]) torch.Size([1, 416, 32])
Yinyang Sampling
Sampling 80 / 416
Sampling 90 / 416
Sampling 100 / 416
Sampling 110 / 416
Sampling 120 / 416
Sampling 130 / 416
Sampling 140 / 416
Sampling 150 / 416
Sampling 160 / 416
Sampling 170 / 416
Sampling 180 / 416
Sampling 190 / 416
Sampling 200 / 416
Sampling 210 / 416
Sampling 220 / 416
Sampling 230 / 416
Sampling 240 / 416
Sampling 250 / 416
Sampling 260 / 416
Sampling 270 / 416
Sampling 280 / 416
Sampling 290 / 416
Sampling 300 / 416
Sampling 310 / 416
Sampling 320 / 416
Sampling 330 / 416
Sampling 340 / 416
Sampling 350 / 416
Sampling 360 / 416
Sampling 370 / 416
Sampling 380 / 416
Sampling 390 / 416
Sampling 400 / 416
Sampling 410 / 416
  -> temp/E1_v5b/P-cm/3_y_conditional/576__s2/chord2mel
=== [187/285] 586__s0
  [tempo] output_bpm=120.00
torch.Size([1, 416, 32]) torch.Size([1, 416, 32])
Yinyang Sampling
Sampling 80 / 416
Sampling 90 / 416
Sampling 100 / 416
Sampling 110 / 416
Sampling 120 / 416
Sampling 130 / 416
Sampling 140 / 416
Sampling 150 / 416
Sampling 160 / 416
Sampling 170 / 416
Sampling 180 / 416
Sampling 190 / 416
Sampling 200 / 416
Sampling 210 / 416
Sampling 220 / 416
Sampling 230 / 416
Sampling 240 / 416
Sampling 250 / 416
Sampling 260 / 416
Sampling 270 / 416
Sampling 280 / 416
Sampling 290 / 416
Sampling 300 / 416
Sampling 310 / 416
Sampling 320 / 416
Sampling 330 / 416
Sampling 340 / 416
Sampling 350 / 416
Sampling 360 / 416
Sampling 370 / 416
Sampling 380 / 416
Sampling 390 / 416
Sampling 400 / 416
Sampling 410 / 416
  -> temp/E1_v5b/P-cm/3_y_conditional/586__s0/chord2mel
=== [188/285] 586__s1
  [tempo] output_bpm=120.00
torch.Size([1, 416, 32]) torch.Size([1, 416, 32])
Yinyang Sampling
Sampling 80 / 416
Sampling 90 / 416
Sampling 100 / 416
Sampling 110 / 416
Sampling 120 / 416
Sampling 130 / 416
Sampling 140 / 416
Sampling 150 / 416
Sampling 160 / 416
Sampling 170 / 416
Sampling 180 / 416
Sampling 190 / 416
Sampling 200 / 416
Sampling 210 / 416
Sampling 220 / 416
Sampling 230 / 416
Sampling 240 / 416
Sampling 250 / 416
Sampling 260 / 416
Sampling 270 / 416
Sampling 280 / 416
Sampling 290 / 416
Sampling 300 / 416
Sampling 310 / 416
Sampling 320 / 416
Sampling 330 / 416
Sampling 340 / 416
Sampling 350 / 416
Sampling 360 / 416
Sampling 370 / 416
Sampling 380 / 416
Sampling 390 / 416
Sampling 400 / 416
Sampling 410 / 416
  -> temp/E1_v5b/P-cm/3_y_conditional/586__s1/chord2mel
=== [189/285] 586__s2
  [tempo] output_bpm=120.00
torch.Size([1, 416, 32]) torch.Size([1, 416, 32])
Yinyang Sampling
Sampling 80 / 416
Sampling 90 / 416
Sampling 100 / 416
Sampling 110 / 416
Sampling 120 / 416
Sampling 130 / 416
Sampling 140 / 416
Sampling 150 / 416
Sampling 160 / 416
Sampling 170 / 416
Sampling 180 / 416
Sampling 190 / 416
Sampling 200 / 416
Sampling 210 / 416
Sampling 220 / 416
Sampling 230 / 416
Sampling 240 / 416
Sampling 250 / 416
Sampling 260 / 416
Sampling 270 / 416
Sampling 280 / 416
Sampling 290 / 416
Sampling 300 / 416
Sampling 310 / 416
Sampling 320 / 416
Sampling 330 / 416
Sampling 340 / 416
Sampling 350 / 416
Sampling 360 / 416
Sampling 370 / 416
Sampling 380 / 416
Sampling 390 / 416
Sampling 400 / 416
Sampling 410 / 416
  -> temp/E1_v5b/P-cm/3_y_conditional/586__s2/chord2mel
=== [190/285] 596__s0
  [tempo] output_bpm=120.00
torch.Size([1, 416, 32]) torch.Size([1, 416, 32])
Yinyang Sampling
Sampling 80 / 416
Sampling 90 / 416
Sampling 100 / 416
Sampling 110 / 416
Sampling 120 / 416
Sampling 130 / 416
Sampling 140 / 416
Sampling 150 / 416
Sampling 160 / 416
Sampling 170 / 416
Sampling 180 / 416
Sampling 190 / 416
Sampling 200 / 416
Sampling 210 / 416
Sampling 220 / 416
Sampling 230 / 416
Sampling 240 / 416
Sampling 250 / 416
Sampling 260 / 416
Sampling 270 / 416
Sampling 280 / 416
Sampling 290 / 416
Sampling 300 / 416
Sampling 310 / 416
Sampling 320 / 416
Sampling 330 / 416
Sampling 340 / 416
Sampling 350 / 416
Sampling 360 / 416
Sampling 370 / 416
Sampling 380 / 416
Sampling 390 / 416
Sampling 400 / 416
Sampling 410 / 416
  -> temp/E1_v5b/P-cm/3_y_conditional/596__s0/chord2mel
=== [191/285] 596__s1
  [tempo] output_bpm=120.00
torch.Size([1, 416, 32]) torch.Size([1, 416, 32])
Yinyang Sampling
Sampling 80 / 416
Sampling 90 / 416
Sampling 100 / 416
Sampling 110 / 416
Sampling 120 / 416
Sampling 130 / 416
Sampling 140 / 416
Sampling 150 / 416
Sampling 160 / 416
Sampling 170 / 416
Sampling 180 / 416
Sampling 190 / 416
Sampling 200 / 416
Sampling 210 / 416
Sampling 220 / 416
Sampling 230 / 416
Sampling 240 / 416
Sampling 250 / 416
Sampling 260 / 416
Sampling 270 / 416
Sampling 280 / 416
Sampling 290 / 416
Sampling 300 / 416
Sampling 310 / 416
Sampling 320 / 416
Sampling 330 / 416
Sampling 340 / 416
Sampling 350 / 416
Sampling 360 / 416
Sampling 370 / 416
Sampling 380 / 416
Sampling 390 / 416
Sampling 400 / 416
Sampling 410 / 416
  -> temp/E1_v5b/P-cm/3_y_conditional/596__s1/chord2mel
=== [192/285] 596__s2
  [tempo] output_bpm=120.00
torch.Size([1, 416, 32]) torch.Size([1, 416, 32])
Yinyang Sampling
Sampling 80 / 416
Sampling 90 / 416
Sampling 100 / 416
Sampling 110 / 416
Sampling 120 / 416
Sampling 130 / 416
Sampling 140 / 416
Sampling 150 / 416
Sampling 160 / 416
Sampling 170 / 416
Sampling 180 / 416
Sampling 190 / 416
Sampling 200 / 416
Sampling 210 / 416
Sampling 220 / 416
Sampling 230 / 416
Sampling 240 / 416
Sampling 250 / 416
Sampling 260 / 416
Sampling 270 / 416
Sampling 280 / 416
Sampling 290 / 416
Sampling 300 / 416
Sampling 310 / 416
Sampling 320 / 416
Sampling 330 / 416
Sampling 340 / 416
Sampling 350 / 416
Sampling 360 / 416
Sampling 370 / 416
Sampling 380 / 416
Sampling 390 / 416
Sampling 400 / 416
Sampling 410 / 416
  -> temp/E1_v5b/P-cm/3_y_conditional/596__s2/chord2mel
=== [193/285] 606__s0
  [tempo] output_bpm=120.00
torch.Size([1, 416, 32]) torch.Size([1, 416, 32])
Yinyang Sampling
Sampling 80 / 416
Sampling 90 / 416
Sampling 100 / 416
Sampling 110 / 416
Sampling 120 / 416
Sampling 130 / 416
Sampling 140 / 416
Sampling 150 / 416
Sampling 160 / 416
Sampling 170 / 416
Sampling 180 / 416
Sampling 190 / 416
Sampling 200 / 416
Sampling 210 / 416
Sampling 220 / 416
Sampling 230 / 416
Sampling 240 / 416
Sampling 250 / 416
Sampling 260 / 416
Sampling 270 / 416
Sampling 280 / 416
Sampling 290 / 416
Sampling 300 / 416
Sampling 310 / 416
Sampling 320 / 416
Sampling 330 / 416
Sampling 340 / 416
Sampling 350 / 416
Sampling 360 / 416
Sampling 370 / 416
Sampling 380 / 416
Sampling 390 / 416
Sampling 400 / 416
Sampling 410 / 416
  -> temp/E1_v5b/P-cm/3_y_conditional/606__s0/chord2mel
=== [194/285] 606__s1
  [tempo] output_bpm=120.00
torch.Size([1, 416, 32]) torch.Size([1, 416, 32])
Yinyang Sampling
Sampling 80 / 416
Sampling 90 / 416
Sampling 100 / 416
Sampling 110 / 416
Sampling 120 / 416
Sampling 130 / 416
Sampling 140 / 416
Sampling 150 / 416
Sampling 160 / 416
Sampling 170 / 416
Sampling 180 / 416
Sampling 190 / 416
Sampling 200 / 416
Sampling 210 / 416
Sampling 220 / 416
Sampling 230 / 416
Sampling 240 / 416
Sampling 250 / 416
Sampling 260 / 416
Sampling 270 / 416
Sampling 280 / 416
Sampling 290 / 416
Sampling 300 / 416
Sampling 310 / 416
Sampling 320 / 416
Sampling 330 / 416
Sampling 340 / 416
Sampling 350 / 416
Sampling 360 / 416
Sampling 370 / 416
Sampling 380 / 416
Sampling 390 / 416
Sampling 400 / 416
Sampling 410 / 416
  -> temp/E1_v5b/P-cm/3_y_conditional/606__s1/chord2mel
=== [195/285] 606__s2
  [tempo] output_bpm=120.00
torch.Size([1, 416, 32]) torch.Size([1, 416, 32])
Yinyang Sampling
Sampling 80 / 416
Sampling 90 / 416
Sampling 100 / 416
Sampling 110 / 416
Sampling 120 / 416
Sampling 130 / 416
Sampling 140 / 416
Sampling 150 / 416
Sampling 160 / 416
Sampling 170 / 416
Sampling 180 / 416
Sampling 190 / 416
Sampling 200 / 416
Sampling 210 / 416
Sampling 220 / 416
Sampling 230 / 416
Sampling 240 / 416
Sampling 250 / 416
Sampling 260 / 416
Sampling 270 / 416
Sampling 280 / 416
Sampling 290 / 416
Sampling 300 / 416
Sampling 310 / 416
Sampling 320 / 416
Sampling 330 / 416
Sampling 340 / 416
Sampling 350 / 416
Sampling 360 / 416
Sampling 370 / 416
Sampling 380 / 416
Sampling 390 / 416
Sampling 400 / 416
Sampling 410 / 416
  -> temp/E1_v5b/P-cm/3_y_conditional/606__s2/chord2mel
=== [196/285] 616__s0
  [tempo] output_bpm=120.00
torch.Size([1, 416, 32]) torch.Size([1, 416, 32])
Yinyang Sampling
Sampling 80 / 416
Sampling 90 / 416
Sampling 100 / 416
Sampling 110 / 416
Sampling 120 / 416
Sampling 130 / 416
Sampling 140 / 416
Sampling 150 / 416
Sampling 160 / 416
Sampling 170 / 416
Sampling 180 / 416
Sampling 190 / 416
Sampling 200 / 416
Sampling 210 / 416
Sampling 220 / 416
Sampling 230 / 416
Sampling 240 / 416
Sampling 250 / 416
Sampling 260 / 416
Sampling 270 / 416
Sampling 280 / 416
Sampling 290 / 416
Sampling 300 / 416
Sampling 310 / 416
Sampling 320 / 416
Sampling 330 / 416
Sampling 340 / 416
Sampling 350 / 416
Sampling 360 / 416
Sampling 370 / 416
Sampling 380 / 416
Sampling 390 / 416
Sampling 400 / 416
Sampling 410 / 416
  -> temp/E1_v5b/P-cm/3_y_conditional/616__s0/chord2mel
=== [197/285] 616__s1
  [tempo] output_bpm=120.00
torch.Size([1, 416, 32]) torch.Size([1, 416, 32])
Yinyang Sampling
Sampling 80 / 416
Sampling 90 / 416
Sampling 100 / 416
Sampling 110 / 416
Sampling 120 / 416
Sampling 130 / 416
Sampling 140 / 416
Sampling 150 / 416
Sampling 160 / 416
Sampling 170 / 416
Sampling 180 / 416
Sampling 190 / 416
Sampling 200 / 416
Sampling 210 / 416
Sampling 220 / 416
Sampling 230 / 416
Sampling 240 / 416
Sampling 250 / 416
Sampling 260 / 416
Sampling 270 / 416
Sampling 280 / 416
Sampling 290 / 416
Sampling 300 / 416
Sampling 310 / 416
Sampling 320 / 416
Sampling 330 / 416
Sampling 340 / 416
Sampling 350 / 416
Sampling 360 / 416
Sampling 370 / 416
Sampling 380 / 416
Sampling 390 / 416
Sampling 400 / 416
Sampling 410 / 416
  -> temp/E1_v5b/P-cm/3_y_conditional/616__s1/chord2mel
=== [198/285] 616__s2
  [tempo] output_bpm=120.00
torch.Size([1, 416, 32]) torch.Size([1, 416, 32])
Yinyang Sampling
Sampling 80 / 416
Sampling 90 / 416
Sampling 100 / 416
Sampling 110 / 416
Sampling 120 / 416
Sampling 130 / 416
Sampling 140 / 416
Sampling 150 / 416
Sampling 160 / 416
Sampling 170 / 416
Sampling 180 / 416
Sampling 190 / 416
Sampling 200 / 416
Sampling 210 / 416
Sampling 220 / 416
Sampling 230 / 416
Sampling 240 / 416
Sampling 250 / 416
Sampling 260 / 416
Sampling 270 / 416
Sampling 280 / 416
Sampling 290 / 416
Sampling 300 / 416
Sampling 310 / 416
Sampling 320 / 416
Sampling 330 / 416
Sampling 340 / 416
Sampling 350 / 416
Sampling 360 / 416
Sampling 370 / 416
Sampling 380 / 416
Sampling 390 / 416
Sampling 400 / 416
Sampling 410 / 416
  -> temp/E1_v5b/P-cm/3_y_conditional/616__s2/chord2mel
=== [199/285] 626__s0
  [tempo] output_bpm=120.00
torch.Size([1, 416, 32]) torch.Size([1, 416, 32])
Yinyang Sampling
Sampling 80 / 416
Sampling 90 / 416
Sampling 100 / 416
Sampling 110 / 416
Sampling 120 / 416
Sampling 130 / 416
Sampling 140 / 416
Sampling 150 / 416
Sampling 160 / 416
Sampling 170 / 416
Sampling 180 / 416
Sampling 190 / 416
Sampling 200 / 416
Sampling 210 / 416
Sampling 220 / 416
Sampling 230 / 416
Sampling 240 / 416
Sampling 250 / 416
Sampling 260 / 416
Sampling 270 / 416
Sampling 280 / 416
Sampling 290 / 416
Sampling 300 / 416
Sampling 310 / 416
Sampling 320 / 416
Sampling 330 / 416
Sampling 340 / 416
Sampling 350 / 416
Sampling 360 / 416
Sampling 370 / 416
Sampling 380 / 416
Sampling 390 / 416
Sampling 400 / 416
Sampling 410 / 416
  -> temp/E1_v5b/P-cm/3_y_conditional/626__s0/chord2mel
=== [200/285] 626__s1
  [tempo] output_bpm=120.00
torch.Size([1, 416, 32]) torch.Size([1, 416, 32])
Yinyang Sampling
Sampling 80 / 416
Sampling 90 / 416
Sampling 100 / 416
Sampling 110 / 416
Sampling 120 / 416
Sampling 130 / 416
Sampling 140 / 416
Sampling 150 / 416
Sampling 160 / 416
Sampling 170 / 416
Sampling 180 / 416
Sampling 190 / 416
Sampling 200 / 416
Sampling 210 / 416
Sampling 220 / 416
Sampling 230 / 416
Sampling 240 / 416
Sampling 250 / 416
Sampling 260 / 416
Sampling 270 / 416
Sampling 280 / 416
Sampling 290 / 416
Sampling 300 / 416
Sampling 310 / 416
Sampling 320 / 416
Sampling 330 / 416
Sampling 340 / 416
Sampling 350 / 416
Sampling 360 / 416
Sampling 370 / 416
Sampling 380 / 416
Sampling 390 / 416
Sampling 400 / 416
Sampling 410 / 416
  -> temp/E1_v5b/P-cm/3_y_conditional/626__s1/chord2mel
=== [201/285] 626__s2
  [tempo] output_bpm=120.00
torch.Size([1, 416, 32]) torch.Size([1, 416, 32])
Yinyang Sampling
Sampling 80 / 416
Sampling 90 / 416
Sampling 100 / 416
Sampling 110 / 416
Sampling 120 / 416
Sampling 130 / 416
Sampling 140 / 416
Sampling 150 / 416
Sampling 160 / 416
Sampling 170 / 416
Sampling 180 / 416
Sampling 190 / 416
Sampling 200 / 416
Sampling 210 / 416
Sampling 220 / 416
Sampling 230 / 416
Sampling 240 / 416
Sampling 250 / 416
Sampling 260 / 416
Sampling 270 / 416
Sampling 280 / 416
Sampling 290 / 416
Sampling 300 / 416
Sampling 310 / 416
Sampling 320 / 416
Sampling 330 / 416
Sampling 340 / 416
Sampling 350 / 416
Sampling 360 / 416
Sampling 370 / 416
Sampling 380 / 416
Sampling 390 / 416
Sampling 400 / 416
Sampling 410 / 416
  -> temp/E1_v5b/P-cm/3_y_conditional/626__s2/chord2mel
=== [202/285] 636__s0
  [tempo] output_bpm=120.00
torch.Size([1, 416, 32]) torch.Size([1, 416, 32])
Yinyang Sampling
Sampling 80 / 416
Sampling 90 / 416
Sampling 100 / 416
Sampling 110 / 416
Sampling 120 / 416
Sampling 130 / 416
Sampling 140 / 416
Sampling 150 / 416
Sampling 160 / 416
Sampling 170 / 416
Sampling 180 / 416
Sampling 190 / 416
Sampling 200 / 416
Sampling 210 / 416
Sampling 220 / 416
Sampling 230 / 416
Sampling 240 / 416
Sampling 250 / 416
Sampling 260 / 416
Sampling 270 / 416
Sampling 280 / 416
Sampling 290 / 416
Sampling 300 / 416
Sampling 310 / 416
Sampling 320 / 416
Sampling 330 / 416
Sampling 340 / 416
Sampling 350 / 416
Sampling 360 / 416
Sampling 370 / 416
Sampling 380 / 416
Sampling 390 / 416
Sampling 400 / 416
Sampling 410 / 416
  -> temp/E1_v5b/P-cm/3_y_conditional/636__s0/chord2mel
=== [203/285] 636__s1
  [tempo] output_bpm=120.00
torch.Size([1, 416, 32]) torch.Size([1, 416, 32])
Yinyang Sampling
Sampling 80 / 416
Sampling 90 / 416
Sampling 100 / 416
Sampling 110 / 416
Sampling 120 / 416
Sampling 130 / 416
Sampling 140 / 416
Sampling 150 / 416
Sampling 160 / 416
Sampling 170 / 416
Sampling 180 / 416
Sampling 190 / 416
Sampling 200 / 416
Sampling 210 / 416
Sampling 220 / 416
Sampling 230 / 416
Sampling 240 / 416
Sampling 250 / 416
Sampling 260 / 416
Sampling 270 / 416
Sampling 280 / 416
Sampling 290 / 416
Sampling 300 / 416
Sampling 310 / 416
Sampling 320 / 416
Sampling 330 / 416
Sampling 340 / 416
Sampling 350 / 416
Sampling 360 / 416
Sampling 370 / 416
Sampling 380 / 416
Sampling 390 / 416
Sampling 400 / 416
Sampling 410 / 416
  -> temp/E1_v5b/P-cm/3_y_conditional/636__s1/chord2mel
=== [204/285] 636__s2
  [tempo] output_bpm=120.00
torch.Size([1, 416, 32]) torch.Size([1, 416, 32])
Yinyang Sampling
Sampling 80 / 416
Sampling 90 / 416
Sampling 100 / 416
Sampling 110 / 416
Sampling 120 / 416
Sampling 130 / 416
Sampling 140 / 416
Sampling 150 / 416
Sampling 160 / 416
Sampling 170 / 416
Sampling 180 / 416
Sampling 190 / 416
Sampling 200 / 416
Sampling 210 / 416
Sampling 220 / 416
Sampling 230 / 416
Sampling 240 / 416
Sampling 250 / 416
Sampling 260 / 416
Sampling 270 / 416
Sampling 280 / 416
Sampling 290 / 416
Sampling 300 / 416
Sampling 310 / 416
Sampling 320 / 416
Sampling 330 / 416
Sampling 340 / 416
Sampling 350 / 416
Sampling 360 / 416
Sampling 370 / 416
Sampling 380 / 416
Sampling 390 / 416
Sampling 400 / 416
Sampling 410 / 416
  -> temp/E1_v5b/P-cm/3_y_conditional/636__s2/chord2mel
=== [205/285] 646__s0
  [tempo] output_bpm=120.00
torch.Size([1, 416, 32]) torch.Size([1, 416, 32])
Yinyang Sampling
Sampling 80 / 416
Sampling 90 / 416
Sampling 100 / 416
Sampling 110 / 416
Sampling 120 / 416
Sampling 130 / 416
Sampling 140 / 416
Sampling 150 / 416
Sampling 160 / 416
Sampling 170 / 416
Sampling 180 / 416
Sampling 190 / 416
Sampling 200 / 416
Sampling 210 / 416
Sampling 220 / 416
Sampling 230 / 416
Sampling 240 / 416
Sampling 250 / 416
Sampling 260 / 416
Sampling 270 / 416
Sampling 280 / 416
Sampling 290 / 416
Sampling 300 / 416
Sampling 310 / 416
Sampling 320 / 416
Sampling 330 / 416
Sampling 340 / 416
Sampling 350 / 416
Sampling 360 / 416
Sampling 370 / 416
Sampling 380 / 416
Sampling 390 / 416
Sampling 400 / 416
Sampling 410 / 416
  -> temp/E1_v5b/P-cm/3_y_conditional/646__s0/chord2mel
=== [206/285] 646__s1
  [tempo] output_bpm=120.00
torch.Size([1, 416, 32]) torch.Size([1, 416, 32])
Yinyang Sampling
Sampling 80 / 416
Sampling 90 / 416
Sampling 100 / 416
Sampling 110 / 416
Sampling 120 / 416
Sampling 130 / 416
Sampling 140 / 416
Sampling 150 / 416
Sampling 160 / 416
Sampling 170 / 416
Sampling 180 / 416
Sampling 190 / 416
Sampling 200 / 416
Sampling 210 / 416
Sampling 220 / 416
Sampling 230 / 416
Sampling 240 / 416
Sampling 250 / 416
Sampling 260 / 416
Sampling 270 / 416
Sampling 280 / 416
Sampling 290 / 416
Sampling 300 / 416
Sampling 310 / 416
Sampling 320 / 416
Sampling 330 / 416
Sampling 340 / 416
Sampling 350 / 416
Sampling 360 / 416
Sampling 370 / 416
Sampling 380 / 416
Sampling 390 / 416
Sampling 400 / 416
Sampling 410 / 416
  -> temp/E1_v5b/P-cm/3_y_conditional/646__s1/chord2mel
=== [207/285] 646__s2
  [tempo] output_bpm=120.00
torch.Size([1, 416, 32]) torch.Size([1, 416, 32])
Yinyang Sampling
Sampling 80 / 416
Sampling 90 / 416
Sampling 100 / 416
Sampling 110 / 416
Sampling 120 / 416
Sampling 130 / 416
Sampling 140 / 416
Sampling 150 / 416
Sampling 160 / 416
Sampling 170 / 416
Sampling 180 / 416
Sampling 190 / 416
Sampling 200 / 416
Sampling 210 / 416
Sampling 220 / 416
Sampling 230 / 416
Sampling 240 / 416
Sampling 250 / 416
Sampling 260 / 416
Sampling 270 / 416
Sampling 280 / 416
Sampling 290 / 416
Sampling 300 / 416
Sampling 310 / 416
Sampling 320 / 416
Sampling 330 / 416
Sampling 340 / 416
Sampling 350 / 416
Sampling 360 / 416
Sampling 370 / 416
Sampling 380 / 416
Sampling 390 / 416
Sampling 400 / 416
Sampling 410 / 416
  -> temp/E1_v5b/P-cm/3_y_conditional/646__s2/chord2mel
=== [208/285] 656__s0
  [tempo] output_bpm=120.00
torch.Size([1, 416, 32]) torch.Size([1, 416, 32])
Yinyang Sampling
Sampling 80 / 416
Sampling 90 / 416
Sampling 100 / 416
Sampling 110 / 416
Sampling 120 / 416
Sampling 130 / 416
Sampling 140 / 416
Sampling 150 / 416
Sampling 160 / 416
Sampling 170 / 416
Sampling 180 / 416
Sampling 190 / 416
Sampling 200 / 416
Sampling 210 / 416
Sampling 220 / 416
Sampling 230 / 416
Sampling 240 / 416
Sampling 250 / 416
Sampling 260 / 416
Sampling 270 / 416
Sampling 280 / 416
Sampling 290 / 416
Sampling 300 / 416
Sampling 310 / 416
Sampling 320 / 416
Sampling 330 / 416
Sampling 340 / 416
Sampling 350 / 416
Sampling 360 / 416
Sampling 370 / 416
Sampling 380 / 416
Sampling 390 / 416
Sampling 400 / 416
Sampling 410 / 416
  -> temp/E1_v5b/P-cm/3_y_conditional/656__s0/chord2mel
=== [209/285] 656__s1
  [tempo] output_bpm=120.00
torch.Size([1, 416, 32]) torch.Size([1, 416, 32])
Yinyang Sampling
Sampling 80 / 416
Sampling 90 / 416
Sampling 100 / 416
Sampling 110 / 416
Sampling 120 / 416
Sampling 130 / 416
Sampling 140 / 416
Sampling 150 / 416
Sampling 160 / 416
Sampling 170 / 416
Sampling 180 / 416
Sampling 190 / 416
Sampling 200 / 416
Sampling 210 / 416
Sampling 220 / 416
Sampling 230 / 416
Sampling 240 / 416
Sampling 250 / 416
Sampling 260 / 416
Sampling 270 / 416
Sampling 280 / 416
Sampling 290 / 416
Sampling 300 / 416
Sampling 310 / 416
Sampling 320 / 416
Sampling 330 / 416
Sampling 340 / 416
Sampling 350 / 416
Sampling 360 / 416
Sampling 370 / 416
Sampling 380 / 416
Sampling 390 / 416
Sampling 400 / 416
Sampling 410 / 416
  -> temp/E1_v5b/P-cm/3_y_conditional/656__s1/chord2mel
=== [210/285] 656__s2
  [tempo] output_bpm=120.00
torch.Size([1, 416, 32]) torch.Size([1, 416, 32])
Yinyang Sampling
Sampling 80 / 416
Sampling 90 / 416
Sampling 100 / 416
Sampling 110 / 416
Sampling 120 / 416
Sampling 130 / 416
Sampling 140 / 416
Sampling 150 / 416
Sampling 160 / 416
Sampling 170 / 416
Sampling 180 / 416
Sampling 190 / 416
Sampling 200 / 416
Sampling 210 / 416
Sampling 220 / 416
Sampling 230 / 416
Sampling 240 / 416
Sampling 250 / 416
Sampling 260 / 416
Sampling 270 / 416
Sampling 280 / 416
Sampling 290 / 416
Sampling 300 / 416
Sampling 310 / 416
Sampling 320 / 416
Sampling 330 / 416
Sampling 340 / 416
Sampling 350 / 416
Sampling 360 / 416
Sampling 370 / 416
Sampling 380 / 416
Sampling 390 / 416
Sampling 400 / 416
Sampling 410 / 416
  -> temp/E1_v5b/P-cm/3_y_conditional/656__s2/chord2mel
=== [211/285] 666__s0
  [tempo] output_bpm=120.00
torch.Size([1, 416, 32]) torch.Size([1, 416, 32])
Yinyang Sampling
Sampling 80 / 416
Sampling 90 / 416
Sampling 100 / 416
Sampling 110 / 416
Sampling 120 / 416
Sampling 130 / 416
Sampling 140 / 416
Sampling 150 / 416
Sampling 160 / 416
Sampling 170 / 416
Sampling 180 / 416
Sampling 190 / 416
Sampling 200 / 416
Sampling 210 / 416
Sampling 220 / 416
Sampling 230 / 416
Sampling 240 / 416
Sampling 250 / 416
Sampling 260 / 416
Sampling 270 / 416
Sampling 280 / 416
Sampling 290 / 416
Sampling 300 / 416
Sampling 310 / 416
Sampling 320 / 416
Sampling 330 / 416
Sampling 340 / 416
Sampling 350 / 416
Sampling 360 / 416
Sampling 370 / 416
Sampling 380 / 416
Sampling 390 / 416
Sampling 400 / 416
Sampling 410 / 416
  -> temp/E1_v5b/P-cm/3_y_conditional/666__s0/chord2mel
=== [212/285] 666__s1
  [tempo] output_bpm=120.00
torch.Size([1, 416, 32]) torch.Size([1, 416, 32])
Yinyang Sampling
Sampling 80 / 416
Sampling 90 / 416
Sampling 100 / 416
Sampling 110 / 416
Sampling 120 / 416
Sampling 130 / 416
Sampling 140 / 416
Sampling 150 / 416
Sampling 160 / 416
Sampling 170 / 416
Sampling 180 / 416
Sampling 190 / 416
Sampling 200 / 416
Sampling 210 / 416
Sampling 220 / 416
Sampling 230 / 416
Sampling 240 / 416
Sampling 250 / 416
Sampling 260 / 416
Sampling 270 / 416
Sampling 280 / 416
Sampling 290 / 416
Sampling 300 / 416
Sampling 310 / 416
Sampling 320 / 416
Sampling 330 / 416
Sampling 340 / 416
Sampling 350 / 416
Sampling 360 / 416
Sampling 370 / 416
Sampling 380 / 416
Sampling 390 / 416
Sampling 400 / 416
Sampling 410 / 416
  -> temp/E1_v5b/P-cm/3_y_conditional/666__s1/chord2mel
=== [213/285] 666__s2
  [tempo] output_bpm=120.00
torch.Size([1, 416, 32]) torch.Size([1, 416, 32])
Yinyang Sampling
Sampling 80 / 416
Sampling 90 / 416
Sampling 100 / 416
Sampling 110 / 416
Sampling 120 / 416
Sampling 130 / 416
Sampling 140 / 416
Sampling 150 / 416
Sampling 160 / 416
Sampling 170 / 416
Sampling 180 / 416
Sampling 190 / 416
Sampling 200 / 416
Sampling 210 / 416
Sampling 220 / 416
Sampling 230 / 416
Sampling 240 / 416
Sampling 250 / 416
Sampling 260 / 416
Sampling 270 / 416
Sampling 280 / 416
Sampling 290 / 416
Sampling 300 / 416
Sampling 310 / 416
Sampling 320 / 416
Sampling 330 / 416
Sampling 340 / 416
Sampling 350 / 416
Sampling 360 / 416
Sampling 370 / 416
Sampling 380 / 416
Sampling 390 / 416
Sampling 400 / 416
Sampling 410 / 416
  -> temp/E1_v5b/P-cm/3_y_conditional/666__s2/chord2mel
=== [214/285] 676__s0
  [tempo] output_bpm=120.00
torch.Size([1, 416, 32]) torch.Size([1, 416, 32])
Yinyang Sampling
Sampling 80 / 416
Sampling 90 / 416
Sampling 100 / 416
Sampling 110 / 416
Sampling 120 / 416
Sampling 130 / 416
Sampling 140 / 416
Sampling 150 / 416
Sampling 160 / 416
Sampling 170 / 416
Sampling 180 / 416
Sampling 190 / 416
Sampling 200 / 416
Sampling 210 / 416
Sampling 220 / 416
Sampling 230 / 416
Sampling 240 / 416
Sampling 250 / 416
Sampling 260 / 416
Sampling 270 / 416
Sampling 280 / 416
Sampling 290 / 416
Sampling 300 / 416
Sampling 310 / 416
Sampling 320 / 416
Sampling 330 / 416
Sampling 340 / 416
Sampling 350 / 416
Sampling 360 / 416
Sampling 370 / 416
Sampling 380 / 416
Sampling 390 / 416
Sampling 400 / 416
Sampling 410 / 416
  -> temp/E1_v5b/P-cm/3_y_conditional/676__s0/chord2mel
=== [215/285] 676__s1
  [tempo] output_bpm=120.00
torch.Size([1, 416, 32]) torch.Size([1, 416, 32])
Yinyang Sampling
Sampling 80 / 416
Sampling 90 / 416
Sampling 100 / 416
Sampling 110 / 416
Sampling 120 / 416
Sampling 130 / 416
Sampling 140 / 416
Sampling 150 / 416
Sampling 160 / 416
Sampling 170 / 416
Sampling 180 / 416
Sampling 190 / 416
Sampling 200 / 416
Sampling 210 / 416
Sampling 220 / 416
Sampling 230 / 416
Sampling 240 / 416
Sampling 250 / 416
Sampling 260 / 416
Sampling 270 / 416
Sampling 280 / 416
Sampling 290 / 416
Sampling 300 / 416
Sampling 310 / 416
Sampling 320 / 416
Sampling 330 / 416
Sampling 340 / 416
Sampling 350 / 416
Sampling 360 / 416
Sampling 370 / 416
Sampling 380 / 416
Sampling 390 / 416
Sampling 400 / 416
Sampling 410 / 416
  -> temp/E1_v5b/P-cm/3_y_conditional/676__s1/chord2mel
=== [216/285] 676__s2
  [tempo] output_bpm=120.00
torch.Size([1, 416, 32]) torch.Size([1, 416, 32])
Yinyang Sampling
Sampling 80 / 416
Sampling 90 / 416
Sampling 100 / 416
Sampling 110 / 416
Sampling 120 / 416
Sampling 130 / 416
Sampling 140 / 416
Sampling 150 / 416
Sampling 160 / 416
Sampling 170 / 416
Sampling 180 / 416
Sampling 190 / 416
Sampling 200 / 416
Sampling 210 / 416
Sampling 220 / 416
Sampling 230 / 416
Sampling 240 / 416
Sampling 250 / 416
Sampling 260 / 416
Sampling 270 / 416
Sampling 280 / 416
Sampling 290 / 416
Sampling 300 / 416
Sampling 310 / 416
Sampling 320 / 416
Sampling 330 / 416
Sampling 340 / 416
Sampling 350 / 416
Sampling 360 / 416
Sampling 370 / 416
Sampling 380 / 416
Sampling 390 / 416
Sampling 400 / 416
Sampling 410 / 416
  -> temp/E1_v5b/P-cm/3_y_conditional/676__s2/chord2mel
=== [217/285] 686__s0
  [tempo] output_bpm=120.00
torch.Size([1, 416, 32]) torch.Size([1, 416, 32])
Yinyang Sampling
Sampling 80 / 416
Sampling 90 / 416
Sampling 100 / 416
Sampling 110 / 416
Sampling 120 / 416
Sampling 130 / 416
Sampling 140 / 416
Sampling 150 / 416
Sampling 160 / 416
Sampling 170 / 416
Sampling 180 / 416
Sampling 190 / 416
Sampling 200 / 416
Sampling 210 / 416
Sampling 220 / 416
Sampling 230 / 416
Sampling 240 / 416
Sampling 250 / 416
Sampling 260 / 416
Sampling 270 / 416
Sampling 280 / 416
Sampling 290 / 416
Sampling 300 / 416
Sampling 310 / 416
Sampling 320 / 416
Sampling 330 / 416
Sampling 340 / 416
Sampling 350 / 416
Sampling 360 / 416
Sampling 370 / 416
Sampling 380 / 416
Sampling 390 / 416
Sampling 400 / 416
Sampling 410 / 416
  -> temp/E1_v5b/P-cm/3_y_conditional/686__s0/chord2mel
=== [218/285] 686__s1
  [tempo] output_bpm=120.00
torch.Size([1, 416, 32]) torch.Size([1, 416, 32])
Yinyang Sampling
Sampling 80 / 416
Sampling 90 / 416
Sampling 100 / 416
Sampling 110 / 416
Sampling 120 / 416
Sampling 130 / 416
Sampling 140 / 416
Sampling 150 / 416
Sampling 160 / 416
Sampling 170 / 416
Sampling 180 / 416
Sampling 190 / 416
Sampling 200 / 416
Sampling 210 / 416
Sampling 220 / 416
Sampling 230 / 416
Sampling 240 / 416
Sampling 250 / 416
Sampling 260 / 416
Sampling 270 / 416
Sampling 280 / 416
Sampling 290 / 416
Sampling 300 / 416
Sampling 310 / 416
Sampling 320 / 416
Sampling 330 / 416
Sampling 340 / 416
Sampling 350 / 416
Sampling 360 / 416
Sampling 370 / 416
Sampling 380 / 416
Sampling 390 / 416
Sampling 400 / 416
Sampling 410 / 416
  -> temp/E1_v5b/P-cm/3_y_conditional/686__s1/chord2mel
=== [219/285] 686__s2
  [tempo] output_bpm=120.00
torch.Size([1, 416, 32]) torch.Size([1, 416, 32])
Yinyang Sampling
Sampling 80 / 416
Sampling 90 / 416
Sampling 100 / 416
Sampling 110 / 416
Sampling 120 / 416
Sampling 130 / 416
Sampling 140 / 416
Sampling 150 / 416
Sampling 160 / 416
Sampling 170 / 416
Sampling 180 / 416
Sampling 190 / 416
Sampling 200 / 416
Sampling 210 / 416
Sampling 220 / 416
Sampling 230 / 416
Sampling 240 / 416
Sampling 250 / 416
Sampling 260 / 416
Sampling 270 / 416
Sampling 280 / 416
Sampling 290 / 416
Sampling 300 / 416
Sampling 310 / 416
Sampling 320 / 416
Sampling 330 / 416
Sampling 340 / 416
Sampling 350 / 416
Sampling 360 / 416
Sampling 370 / 416
Sampling 380 / 416
Sampling 390 / 416
Sampling 400 / 416
Sampling 410 / 416
  -> temp/E1_v5b/P-cm/3_y_conditional/686__s2/chord2mel
=== [220/285] 696__s0
  [tempo] output_bpm=120.00
torch.Size([1, 416, 32]) torch.Size([1, 416, 32])
Yinyang Sampling
Sampling 80 / 416
Sampling 90 / 416
Sampling 100 / 416
Sampling 110 / 416
Sampling 120 / 416
Sampling 130 / 416
Sampling 140 / 416
Sampling 150 / 416
Sampling 160 / 416
Sampling 170 / 416
Sampling 180 / 416
Sampling 190 / 416
Sampling 200 / 416
Sampling 210 / 416
Sampling 220 / 416
Sampling 230 / 416
Sampling 240 / 416
Sampling 250 / 416
Sampling 260 / 416
Sampling 270 / 416
Sampling 280 / 416
Sampling 290 / 416
Sampling 300 / 416
Sampling 310 / 416
Sampling 320 / 416
Sampling 330 / 416
Sampling 340 / 416
Sampling 350 / 416
Sampling 360 / 416
Sampling 370 / 416
Sampling 380 / 416
Sampling 390 / 416
Sampling 400 / 416
Sampling 410 / 416
  -> temp/E1_v5b/P-cm/3_y_conditional/696__s0/chord2mel
=== [221/285] 696__s1
  [tempo] output_bpm=120.00
torch.Size([1, 416, 32]) torch.Size([1, 416, 32])
Yinyang Sampling
Sampling 80 / 416
Sampling 90 / 416
Sampling 100 / 416
Sampling 110 / 416
Sampling 120 / 416
Sampling 130 / 416
Sampling 140 / 416
Sampling 150 / 416
Sampling 160 / 416
Sampling 170 / 416
Sampling 180 / 416
Sampling 190 / 416
Sampling 200 / 416
Sampling 210 / 416
Sampling 220 / 416
Sampling 230 / 416
Sampling 240 / 416
Sampling 250 / 416
Sampling 260 / 416
Sampling 270 / 416
Sampling 280 / 416
Sampling 290 / 416
Sampling 300 / 416
Sampling 310 / 416
Sampling 320 / 416
Sampling 330 / 416
Sampling 340 / 416
Sampling 350 / 416
Sampling 360 / 416
Sampling 370 / 416
Sampling 380 / 416
Sampling 390 / 416
Sampling 400 / 416
Sampling 410 / 416
  -> temp/E1_v5b/P-cm/3_y_conditional/696__s1/chord2mel
=== [222/285] 696__s2
  [tempo] output_bpm=120.00
torch.Size([1, 416, 32]) torch.Size([1, 416, 32])
Yinyang Sampling
Sampling 80 / 416
Sampling 90 / 416
Sampling 100 / 416
Sampling 110 / 416
Sampling 120 / 416
Sampling 130 / 416
Sampling 140 / 416
Sampling 150 / 416
Sampling 160 / 416
Sampling 170 / 416
Sampling 180 / 416
Sampling 190 / 416
Sampling 200 / 416
Sampling 210 / 416
Sampling 220 / 416
Sampling 230 / 416
Sampling 240 / 416
Sampling 250 / 416
Sampling 260 / 416
Sampling 270 / 416
Sampling 280 / 416
Sampling 290 / 416
Sampling 300 / 416
Sampling 310 / 416
Sampling 320 / 416
Sampling 330 / 416
Sampling 340 / 416
Sampling 350 / 416
Sampling 360 / 416
Sampling 370 / 416
Sampling 380 / 416
Sampling 390 / 416
Sampling 400 / 416
Sampling 410 / 416
  -> temp/E1_v5b/P-cm/3_y_conditional/696__s2/chord2mel
=== [223/285] 706__s0
  [tempo] output_bpm=120.00
torch.Size([1, 416, 32]) torch.Size([1, 416, 32])
Yinyang Sampling
Sampling 80 / 416
Sampling 90 / 416
Sampling 100 / 416
Sampling 110 / 416
Sampling 120 / 416
Sampling 130 / 416
Sampling 140 / 416
Sampling 150 / 416
Sampling 160 / 416
Sampling 170 / 416
Sampling 180 / 416
Sampling 190 / 416
Sampling 200 / 416
Sampling 210 / 416
Sampling 220 / 416
Sampling 230 / 416
Sampling 240 / 416
Sampling 250 / 416
Sampling 260 / 416
Sampling 270 / 416
Sampling 280 / 416
Sampling 290 / 416
Sampling 300 / 416
Sampling 310 / 416
Sampling 320 / 416
Sampling 330 / 416
Sampling 340 / 416
Sampling 350 / 416
Sampling 360 / 416
Sampling 370 / 416
Sampling 380 / 416
Sampling 390 / 416
Sampling 400 / 416
Sampling 410 / 416
  -> temp/E1_v5b/P-cm/3_y_conditional/706__s0/chord2mel
=== [224/285] 706__s1
  [tempo] output_bpm=120.00
torch.Size([1, 416, 32]) torch.Size([1, 416, 32])
Yinyang Sampling
Sampling 80 / 416
Sampling 90 / 416
Sampling 100 / 416
Sampling 110 / 416
Sampling 120 / 416
Sampling 130 / 416
Sampling 140 / 416
Sampling 150 / 416
Sampling 160 / 416
Sampling 170 / 416
Sampling 180 / 416
Sampling 190 / 416
Sampling 200 / 416
Sampling 210 / 416
Sampling 220 / 416
Sampling 230 / 416
Sampling 240 / 416
Sampling 250 / 416
Sampling 260 / 416
Sampling 270 / 416
Sampling 280 / 416
Sampling 290 / 416
Sampling 300 / 416
Sampling 310 / 416
Sampling 320 / 416
Sampling 330 / 416
Sampling 340 / 416
Sampling 350 / 416
Sampling 360 / 416
Sampling 370 / 416
Sampling 380 / 416
Sampling 390 / 416
Sampling 400 / 416
Sampling 410 / 416
  -> temp/E1_v5b/P-cm/3_y_conditional/706__s1/chord2mel
=== [225/285] 706__s2
  [tempo] output_bpm=120.00
torch.Size([1, 416, 32]) torch.Size([1, 416, 32])
Yinyang Sampling
Sampling 80 / 416
Sampling 90 / 416
Sampling 100 / 416
Sampling 110 / 416
Sampling 120 / 416
Sampling 130 / 416
Sampling 140 / 416
Sampling 150 / 416
Sampling 160 / 416
Sampling 170 / 416
Sampling 180 / 416
Sampling 190 / 416
Sampling 200 / 416
Sampling 210 / 416
Sampling 220 / 416
Sampling 230 / 416
Sampling 240 / 416
Sampling 250 / 416
Sampling 260 / 416
Sampling 270 / 416
Sampling 280 / 416
Sampling 290 / 416
Sampling 300 / 416
Sampling 310 / 416
Sampling 320 / 416
Sampling 330 / 416
Sampling 340 / 416
Sampling 350 / 416
Sampling 360 / 416
Sampling 370 / 416
Sampling 380 / 416
Sampling 390 / 416
Sampling 400 / 416
Sampling 410 / 416
  -> temp/E1_v5b/P-cm/3_y_conditional/706__s2/chord2mel
=== [226/285] 716__s0
  [tempo] output_bpm=120.00
torch.Size([1, 416, 32]) torch.Size([1, 416, 32])
Yinyang Sampling
Sampling 80 / 416
Sampling 90 / 416
Sampling 100 / 416
Sampling 110 / 416
Sampling 120 / 416
Sampling 130 / 416
Sampling 140 / 416
Sampling 150 / 416
Sampling 160 / 416
Sampling 170 / 416
Sampling 180 / 416
Sampling 190 / 416
Sampling 200 / 416
Sampling 210 / 416
Sampling 220 / 416
Sampling 230 / 416
Sampling 240 / 416
Sampling 250 / 416
Sampling 260 / 416
Sampling 270 / 416
Sampling 280 / 416
Sampling 290 / 416
Sampling 300 / 416
Sampling 310 / 416
Sampling 320 / 416
Sampling 330 / 416
Sampling 340 / 416
Sampling 350 / 416
Sampling 360 / 416
Sampling 370 / 416
Sampling 380 / 416
Sampling 390 / 416
Sampling 400 / 416
Sampling 410 / 416
  -> temp/E1_v5b/P-cm/3_y_conditional/716__s0/chord2mel
=== [227/285] 716__s1
  [tempo] output_bpm=120.00
torch.Size([1, 416, 32]) torch.Size([1, 416, 32])
Yinyang Sampling
Sampling 80 / 416
Sampling 90 / 416
Sampling 100 / 416
Sampling 110 / 416
Sampling 120 / 416
Sampling 130 / 416
Sampling 140 / 416
Sampling 150 / 416
Sampling 160 / 416
Sampling 170 / 416
Sampling 180 / 416
Sampling 190 / 416
Sampling 200 / 416
Sampling 210 / 416
Sampling 220 / 416
Sampling 230 / 416
Sampling 240 / 416
Sampling 250 / 416
Sampling 260 / 416
Sampling 270 / 416
Sampling 280 / 416
Sampling 290 / 416
Sampling 300 / 416
Sampling 310 / 416
Sampling 320 / 416
Sampling 330 / 416
Sampling 340 / 416
Sampling 350 / 416
Sampling 360 / 416
Sampling 370 / 416
Sampling 380 / 416
Sampling 390 / 416
Sampling 400 / 416
Sampling 410 / 416
  -> temp/E1_v5b/P-cm/3_y_conditional/716__s1/chord2mel
=== [228/285] 716__s2
  [tempo] output_bpm=120.00
torch.Size([1, 416, 32]) torch.Size([1, 416, 32])
Yinyang Sampling
Sampling 80 / 416
Sampling 90 / 416
Sampling 100 / 416
Sampling 110 / 416
Sampling 120 / 416
Sampling 130 / 416
Sampling 140 / 416
Sampling 150 / 416
Sampling 160 / 416
Sampling 170 / 416
Sampling 180 / 416
Sampling 190 / 416
Sampling 200 / 416
Sampling 210 / 416
Sampling 220 / 416
Sampling 230 / 416
Sampling 240 / 416
Sampling 250 / 416
Sampling 260 / 416
Sampling 270 / 416
Sampling 280 / 416
Sampling 290 / 416
Sampling 300 / 416
Sampling 310 / 416
Sampling 320 / 416
Sampling 330 / 416
Sampling 340 / 416
Sampling 350 / 416
Sampling 360 / 416
Sampling 370 / 416
Sampling 380 / 416
Sampling 390 / 416
Sampling 400 / 416
Sampling 410 / 416
  -> temp/E1_v5b/P-cm/3_y_conditional/716__s2/chord2mel
=== [229/285] 726__s0
  [tempo] output_bpm=120.00
torch.Size([1, 416, 32]) torch.Size([1, 416, 32])
Yinyang Sampling
Sampling 80 / 416
Sampling 90 / 416
Sampling 100 / 416
Sampling 110 / 416
Sampling 120 / 416
Sampling 130 / 416
Sampling 140 / 416
Sampling 150 / 416
Sampling 160 / 416
Sampling 170 / 416
Sampling 180 / 416
Sampling 190 / 416
Sampling 200 / 416
Sampling 210 / 416
Sampling 220 / 416
Sampling 230 / 416
Sampling 240 / 416
Sampling 250 / 416
Sampling 260 / 416
Sampling 270 / 416
Sampling 280 / 416
Sampling 290 / 416
Sampling 300 / 416
Sampling 310 / 416
Sampling 320 / 416
Sampling 330 / 416
Sampling 340 / 416
Sampling 350 / 416
Sampling 360 / 416
Sampling 370 / 416
Sampling 380 / 416
Sampling 390 / 416
Sampling 400 / 416
Sampling 410 / 416
  -> temp/E1_v5b/P-cm/3_y_conditional/726__s0/chord2mel
=== [230/285] 726__s1
  [tempo] output_bpm=120.00
torch.Size([1, 416, 32]) torch.Size([1, 416, 32])
Yinyang Sampling
Sampling 80 / 416
Sampling 90 / 416
Sampling 100 / 416
Sampling 110 / 416
Sampling 120 / 416
Sampling 130 / 416
Sampling 140 / 416
Sampling 150 / 416
Sampling 160 / 416
Sampling 170 / 416
Sampling 180 / 416
Sampling 190 / 416
Sampling 200 / 416
Sampling 210 / 416
Sampling 220 / 416
Sampling 230 / 416
Sampling 240 / 416
Sampling 250 / 416
Sampling 260 / 416
Sampling 270 / 416
Sampling 280 / 416
Sampling 290 / 416
Sampling 300 / 416
Sampling 310 / 416
Sampling 320 / 416
Sampling 330 / 416
Sampling 340 / 416
Sampling 350 / 416
Sampling 360 / 416
Sampling 370 / 416
Sampling 380 / 416
Sampling 390 / 416
Sampling 400 / 416
Sampling 410 / 416
  -> temp/E1_v5b/P-cm/3_y_conditional/726__s1/chord2mel
=== [231/285] 726__s2
  [tempo] output_bpm=120.00
torch.Size([1, 416, 32]) torch.Size([1, 416, 32])
Yinyang Sampling
Sampling 80 / 416
Sampling 90 / 416
Sampling 100 / 416
Sampling 110 / 416
Sampling 120 / 416
Sampling 130 / 416
Sampling 140 / 416
Sampling 150 / 416
Sampling 160 / 416
Sampling 170 / 416
Sampling 180 / 416
Sampling 190 / 416
Sampling 200 / 416
Sampling 210 / 416
Sampling 220 / 416
Sampling 230 / 416
Sampling 240 / 416
Sampling 250 / 416
Sampling 260 / 416
Sampling 270 / 416
Sampling 280 / 416
Sampling 290 / 416
Sampling 300 / 416
Sampling 310 / 416
Sampling 320 / 416
Sampling 330 / 416
Sampling 340 / 416
Sampling 350 / 416
Sampling 360 / 416
Sampling 370 / 416
Sampling 380 / 416
Sampling 390 / 416
Sampling 400 / 416
Sampling 410 / 416
  -> temp/E1_v5b/P-cm/3_y_conditional/726__s2/chord2mel
=== [232/285] 736__s0
  [tempo] output_bpm=120.00
torch.Size([1, 416, 32]) torch.Size([1, 416, 32])
Yinyang Sampling
Sampling 80 / 416
Sampling 90 / 416
Sampling 100 / 416
Sampling 110 / 416
Sampling 120 / 416
Sampling 130 / 416
Sampling 140 / 416
Sampling 150 / 416
Sampling 160 / 416
Sampling 170 / 416
Sampling 180 / 416
Sampling 190 / 416
Sampling 200 / 416
Sampling 210 / 416
Sampling 220 / 416
Sampling 230 / 416
Sampling 240 / 416
Sampling 250 / 416
Sampling 260 / 416
Sampling 270 / 416
Sampling 280 / 416
Sampling 290 / 416
Sampling 300 / 416
Sampling 310 / 416
Sampling 320 / 416
Sampling 330 / 416
Sampling 340 / 416
Sampling 350 / 416
Sampling 360 / 416
Sampling 370 / 416
Sampling 380 / 416
Sampling 390 / 416
Sampling 400 / 416
Sampling 410 / 416
  -> temp/E1_v5b/P-cm/3_y_conditional/736__s0/chord2mel
=== [233/285] 736__s1
  [tempo] output_bpm=120.00
torch.Size([1, 416, 32]) torch.Size([1, 416, 32])
Yinyang Sampling
Sampling 80 / 416
Sampling 90 / 416
Sampling 100 / 416
Sampling 110 / 416
Sampling 120 / 416
Sampling 130 / 416
Sampling 140 / 416
Sampling 150 / 416
Sampling 160 / 416
Sampling 170 / 416
Sampling 180 / 416
Sampling 190 / 416
Sampling 200 / 416
Sampling 210 / 416
Sampling 220 / 416
Sampling 230 / 416
Sampling 240 / 416
Sampling 250 / 416
Sampling 260 / 416
Sampling 270 / 416
Sampling 280 / 416
Sampling 290 / 416
Sampling 300 / 416
Sampling 310 / 416
Sampling 320 / 416
Sampling 330 / 416
Sampling 340 / 416
Sampling 350 / 416
Sampling 360 / 416
Sampling 370 / 416
Sampling 380 / 416
Sampling 390 / 416
Sampling 400 / 416
Sampling 410 / 416
  -> temp/E1_v5b/P-cm/3_y_conditional/736__s1/chord2mel
=== [234/285] 736__s2
  [tempo] output_bpm=120.00
torch.Size([1, 416, 32]) torch.Size([1, 416, 32])
Yinyang Sampling
Sampling 80 / 416
Sampling 90 / 416
Sampling 100 / 416
Sampling 110 / 416
Sampling 120 / 416
Sampling 130 / 416
Sampling 140 / 416
Sampling 150 / 416
Sampling 160 / 416
Sampling 170 / 416
Sampling 180 / 416
Sampling 190 / 416
Sampling 200 / 416
Sampling 210 / 416
Sampling 220 / 416
Sampling 230 / 416
Sampling 240 / 416
Sampling 250 / 416
Sampling 260 / 416
Sampling 270 / 416
Sampling 280 / 416
Sampling 290 / 416
Sampling 300 / 416
Sampling 310 / 416
Sampling 320 / 416
Sampling 330 / 416
Sampling 340 / 416
Sampling 350 / 416
Sampling 360 / 416
Sampling 370 / 416
Sampling 380 / 416
Sampling 390 / 416
Sampling 400 / 416
Sampling 410 / 416
  -> temp/E1_v5b/P-cm/3_y_conditional/736__s2/chord2mel
=== [235/285] 746__s0
  [tempo] output_bpm=120.00
torch.Size([1, 416, 32]) torch.Size([1, 416, 32])
Yinyang Sampling
Sampling 80 / 416
Sampling 90 / 416
Sampling 100 / 416
Sampling 110 / 416
Sampling 120 / 416
Sampling 130 / 416
Sampling 140 / 416
Sampling 150 / 416
Sampling 160 / 416
Sampling 170 / 416
Sampling 180 / 416
Sampling 190 / 416
Sampling 200 / 416
Sampling 210 / 416
Sampling 220 / 416
Sampling 230 / 416
Sampling 240 / 416
Sampling 250 / 416
Sampling 260 / 416
Sampling 270 / 416
Sampling 280 / 416
Sampling 290 / 416
Sampling 300 / 416
Sampling 310 / 416
Sampling 320 / 416
Sampling 330 / 416
Sampling 340 / 416
Sampling 350 / 416
Sampling 360 / 416
Sampling 370 / 416
Sampling 380 / 416
Sampling 390 / 416
Sampling 400 / 416
Sampling 410 / 416
  -> temp/E1_v5b/P-cm/3_y_conditional/746__s0/chord2mel
=== [236/285] 746__s1
  [tempo] output_bpm=120.00
torch.Size([1, 416, 32]) torch.Size([1, 416, 32])
Yinyang Sampling
Sampling 80 / 416
Sampling 90 / 416
Sampling 100 / 416
Sampling 110 / 416
Sampling 120 / 416
Sampling 130 / 416
Sampling 140 / 416
Sampling 150 / 416
Sampling 160 / 416
Sampling 170 / 416
Sampling 180 / 416
Sampling 190 / 416
Sampling 200 / 416
Sampling 210 / 416
Sampling 220 / 416
Sampling 230 / 416
Sampling 240 / 416
Sampling 250 / 416
Sampling 260 / 416
Sampling 270 / 416
Sampling 280 / 416
Sampling 290 / 416
Sampling 300 / 416
Sampling 310 / 416
Sampling 320 / 416
Sampling 330 / 416
Sampling 340 / 416
Sampling 350 / 416
Sampling 360 / 416
Sampling 370 / 416
Sampling 380 / 416
Sampling 390 / 416
Sampling 400 / 416
Sampling 410 / 416
  -> temp/E1_v5b/P-cm/3_y_conditional/746__s1/chord2mel
=== [237/285] 746__s2
  [tempo] output_bpm=120.00
torch.Size([1, 416, 32]) torch.Size([1, 416, 32])
Yinyang Sampling
Sampling 80 / 416
Sampling 90 / 416
Sampling 100 / 416
Sampling 110 / 416
Sampling 120 / 416
Sampling 130 / 416
Sampling 140 / 416
Sampling 150 / 416
Sampling 160 / 416
Sampling 170 / 416
Sampling 180 / 416
Sampling 190 / 416
Sampling 200 / 416
Sampling 210 / 416
Sampling 220 / 416
Sampling 230 / 416
Sampling 240 / 416
Sampling 250 / 416
Sampling 260 / 416
Sampling 270 / 416
Sampling 280 / 416
Sampling 290 / 416
Sampling 300 / 416
Sampling 310 / 416
Sampling 320 / 416
Sampling 330 / 416
Sampling 340 / 416
Sampling 350 / 416
Sampling 360 / 416
Sampling 370 / 416
Sampling 380 / 416
Sampling 390 / 416
Sampling 400 / 416
Sampling 410 / 416
  -> temp/E1_v5b/P-cm/3_y_conditional/746__s2/chord2mel
=== [238/285] 756__s0
  [tempo] output_bpm=120.00
torch.Size([1, 416, 32]) torch.Size([1, 416, 32])
Yinyang Sampling
Sampling 80 / 416
Sampling 90 / 416
Sampling 100 / 416
Sampling 110 / 416
Sampling 120 / 416
Sampling 130 / 416
Sampling 140 / 416
Sampling 150 / 416
Sampling 160 / 416
Sampling 170 / 416
Sampling 180 / 416
Sampling 190 / 416
Sampling 200 / 416
Sampling 210 / 416
Sampling 220 / 416
Sampling 230 / 416
Sampling 240 / 416
Sampling 250 / 416
Sampling 260 / 416
Sampling 270 / 416
Sampling 280 / 416
Sampling 290 / 416
Sampling 300 / 416
Sampling 310 / 416
Sampling 320 / 416
Sampling 330 / 416
Sampling 340 / 416
Sampling 350 / 416
Sampling 360 / 416
Sampling 370 / 416
Sampling 380 / 416
Sampling 390 / 416
Sampling 400 / 416
Sampling 410 / 416
  -> temp/E1_v5b/P-cm/3_y_conditional/756__s0/chord2mel
=== [239/285] 756__s1
  [tempo] output_bpm=120.00
torch.Size([1, 416, 32]) torch.Size([1, 416, 32])
Yinyang Sampling
Sampling 80 / 416
Sampling 90 / 416
Sampling 100 / 416
Sampling 110 / 416
Sampling 120 / 416
Sampling 130 / 416
Sampling 140 / 416
Sampling 150 / 416
Sampling 160 / 416
Sampling 170 / 416
Sampling 180 / 416
Sampling 190 / 416
Sampling 200 / 416
Sampling 210 / 416
Sampling 220 / 416
Sampling 230 / 416
Sampling 240 / 416
Sampling 250 / 416
Sampling 260 / 416
Sampling 270 / 416
Sampling 280 / 416
Sampling 290 / 416
Sampling 300 / 416
Sampling 310 / 416
Sampling 320 / 416
Sampling 330 / 416
Sampling 340 / 416
Sampling 350 / 416
Sampling 360 / 416
Sampling 370 / 416
Sampling 380 / 416
Sampling 390 / 416
Sampling 400 / 416
Sampling 410 / 416
  -> temp/E1_v5b/P-cm/3_y_conditional/756__s1/chord2mel
=== [240/285] 756__s2
  [tempo] output_bpm=120.00
torch.Size([1, 416, 32]) torch.Size([1, 416, 32])
Yinyang Sampling
Sampling 80 / 416
Sampling 90 / 416
Sampling 100 / 416
Sampling 110 / 416
Sampling 120 / 416
Sampling 130 / 416
Sampling 140 / 416
Sampling 150 / 416
Sampling 160 / 416
Sampling 170 / 416
Sampling 180 / 416
Sampling 190 / 416
Sampling 200 / 416
Sampling 210 / 416
Sampling 220 / 416
Sampling 230 / 416
Sampling 240 / 416
Sampling 250 / 416
Sampling 260 / 416
Sampling 270 / 416
Sampling 280 / 416
Sampling 290 / 416
Sampling 300 / 416
Sampling 310 / 416
Sampling 320 / 416
Sampling 330 / 416
Sampling 340 / 416
Sampling 350 / 416
Sampling 360 / 416
Sampling 370 / 416
Sampling 380 / 416
Sampling 390 / 416
Sampling 400 / 416
Sampling 410 / 416
  -> temp/E1_v5b/P-cm/3_y_conditional/756__s2/chord2mel
=== [241/285] 766__s0
  [tempo] output_bpm=120.00
torch.Size([1, 416, 32]) torch.Size([1, 416, 32])
Yinyang Sampling
Sampling 80 / 416
Sampling 90 / 416
Sampling 100 / 416
Sampling 110 / 416
Sampling 120 / 416
Sampling 130 / 416
Sampling 140 / 416
Sampling 150 / 416
Sampling 160 / 416
Sampling 170 / 416
Sampling 180 / 416
Sampling 190 / 416
Sampling 200 / 416
Sampling 210 / 416
Sampling 220 / 416
Sampling 230 / 416
Sampling 240 / 416
Sampling 250 / 416
Sampling 260 / 416
Sampling 270 / 416
Sampling 280 / 416
Sampling 290 / 416
Sampling 300 / 416
Sampling 310 / 416
Sampling 320 / 416
Sampling 330 / 416
Sampling 340 / 416
Sampling 350 / 416
Sampling 360 / 416
Sampling 370 / 416
Sampling 380 / 416
Sampling 390 / 416
Sampling 400 / 416
Sampling 410 / 416
  -> temp/E1_v5b/P-cm/3_y_conditional/766__s0/chord2mel
=== [242/285] 766__s1
  [tempo] output_bpm=120.00
torch.Size([1, 416, 32]) torch.Size([1, 416, 32])
Yinyang Sampling
Sampling 80 / 416
Sampling 90 / 416
Sampling 100 / 416
Sampling 110 / 416
Sampling 120 / 416
Sampling 130 / 416
Sampling 140 / 416
Sampling 150 / 416
Sampling 160 / 416
Sampling 170 / 416
Sampling 180 / 416
Sampling 190 / 416
Sampling 200 / 416
Sampling 210 / 416
Sampling 220 / 416
Sampling 230 / 416
Sampling 240 / 416
Sampling 250 / 416
Sampling 260 / 416
Sampling 270 / 416
Sampling 280 / 416
Sampling 290 / 416
Sampling 300 / 416
Sampling 310 / 416
Sampling 320 / 416
Sampling 330 / 416
Sampling 340 / 416
Sampling 350 / 416
Sampling 360 / 416
Sampling 370 / 416
Sampling 380 / 416
Sampling 390 / 416
Sampling 400 / 416
Sampling 410 / 416
  -> temp/E1_v5b/P-cm/3_y_conditional/766__s1/chord2mel
=== [243/285] 766__s2
  [tempo] output_bpm=120.00
torch.Size([1, 416, 32]) torch.Size([1, 416, 32])
Yinyang Sampling
Sampling 80 / 416
Sampling 90 / 416
Sampling 100 / 416
Sampling 110 / 416
Sampling 120 / 416
Sampling 130 / 416
Sampling 140 / 416
Sampling 150 / 416
Sampling 160 / 416
Sampling 170 / 416
Sampling 180 / 416
Sampling 190 / 416
Sampling 200 / 416
Sampling 210 / 416
Sampling 220 / 416
Sampling 230 / 416
Sampling 240 / 416
Sampling 250 / 416
Sampling 260 / 416
Sampling 270 / 416
Sampling 280 / 416
Sampling 290 / 416
Sampling 300 / 416
Sampling 310 / 416
Sampling 320 / 416
Sampling 330 / 416
Sampling 340 / 416
Sampling 350 / 416
Sampling 360 / 416
Sampling 370 / 416
Sampling 380 / 416
Sampling 390 / 416
Sampling 400 / 416
Sampling 410 / 416
  -> temp/E1_v5b/P-cm/3_y_conditional/766__s2/chord2mel
=== [244/285] 776__s0
  [tempo] output_bpm=120.00
torch.Size([1, 416, 32]) torch.Size([1, 416, 32])
Yinyang Sampling
Sampling 80 / 416
Sampling 90 / 416
Sampling 100 / 416
Sampling 110 / 416
Sampling 120 / 416
Sampling 130 / 416
Sampling 140 / 416
Sampling 150 / 416
Sampling 160 / 416
Sampling 170 / 416
Sampling 180 / 416
Sampling 190 / 416
Sampling 200 / 416
Sampling 210 / 416
Sampling 220 / 416
Sampling 230 / 416
Sampling 240 / 416
Sampling 250 / 416
Sampling 260 / 416
Sampling 270 / 416
Sampling 280 / 416
Sampling 290 / 416
Sampling 300 / 416
Sampling 310 / 416
Sampling 320 / 416
Sampling 330 / 416
Sampling 340 / 416
Sampling 350 / 416
Sampling 360 / 416
Sampling 370 / 416
Sampling 380 / 416
Sampling 390 / 416
Sampling 400 / 416
Sampling 410 / 416
  -> temp/E1_v5b/P-cm/3_y_conditional/776__s0/chord2mel
=== [245/285] 776__s1
  [tempo] output_bpm=120.00
torch.Size([1, 416, 32]) torch.Size([1, 416, 32])
Yinyang Sampling
Sampling 80 / 416
Sampling 90 / 416
Sampling 100 / 416
Sampling 110 / 416
Sampling 120 / 416
Sampling 130 / 416
Sampling 140 / 416
Sampling 150 / 416
Sampling 160 / 416
Sampling 170 / 416
Sampling 180 / 416
Sampling 190 / 416
Sampling 200 / 416
Sampling 210 / 416
Sampling 220 / 416
Sampling 230 / 416
Sampling 240 / 416
Sampling 250 / 416
Sampling 260 / 416
Sampling 270 / 416
Sampling 280 / 416
Sampling 290 / 416
Sampling 300 / 416
Sampling 310 / 416
Sampling 320 / 416
Sampling 330 / 416
Sampling 340 / 416
Sampling 350 / 416
Sampling 360 / 416
Sampling 370 / 416
Sampling 380 / 416
Sampling 390 / 416
Sampling 400 / 416
Sampling 410 / 416
  -> temp/E1_v5b/P-cm/3_y_conditional/776__s1/chord2mel
=== [246/285] 776__s2
  [tempo] output_bpm=120.00
torch.Size([1, 416, 32]) torch.Size([1, 416, 32])
Yinyang Sampling
Sampling 80 / 416
Sampling 90 / 416
Sampling 100 / 416
Sampling 110 / 416
Sampling 120 / 416
Sampling 130 / 416
Sampling 140 / 416
Sampling 150 / 416
Sampling 160 / 416
Sampling 170 / 416
Sampling 180 / 416
Sampling 190 / 416
Sampling 200 / 416
Sampling 210 / 416
Sampling 220 / 416
Sampling 230 / 416
Sampling 240 / 416
Sampling 250 / 416
Sampling 260 / 416
Sampling 270 / 416
Sampling 280 / 416
Sampling 290 / 416
Sampling 300 / 416
Sampling 310 / 416
Sampling 320 / 416
Sampling 330 / 416
Sampling 340 / 416
Sampling 350 / 416
Sampling 360 / 416
Sampling 370 / 416
Sampling 380 / 416
Sampling 390 / 416
Sampling 400 / 416
Sampling 410 / 416
  -> temp/E1_v5b/P-cm/3_y_conditional/776__s2/chord2mel
=== [247/285] 786__s0
  [tempo] output_bpm=120.00
torch.Size([1, 416, 32]) torch.Size([1, 416, 32])
Yinyang Sampling
Sampling 80 / 416
Sampling 90 / 416
Sampling 100 / 416
Sampling 110 / 416
Sampling 120 / 416
Sampling 130 / 416
Sampling 140 / 416
Sampling 150 / 416
Sampling 160 / 416
Sampling 170 / 416
Sampling 180 / 416
Sampling 190 / 416
Sampling 200 / 416
Sampling 210 / 416
Sampling 220 / 416
Sampling 230 / 416
Sampling 240 / 416
Sampling 250 / 416
Sampling 260 / 416
Sampling 270 / 416
Sampling 280 / 416
Sampling 290 / 416
Sampling 300 / 416
Sampling 310 / 416
Sampling 320 / 416
Sampling 330 / 416
Sampling 340 / 416
Sampling 350 / 416
Sampling 360 / 416
Sampling 370 / 416
Sampling 380 / 416
Sampling 390 / 416
Sampling 400 / 416
Sampling 410 / 416
  -> temp/E1_v5b/P-cm/3_y_conditional/786__s0/chord2mel
=== [248/285] 786__s1
  [tempo] output_bpm=120.00
torch.Size([1, 416, 32]) torch.Size([1, 416, 32])
Yinyang Sampling
Sampling 80 / 416
Sampling 90 / 416
Sampling 100 / 416
Sampling 110 / 416
Sampling 120 / 416
Sampling 130 / 416
Sampling 140 / 416
Sampling 150 / 416
Sampling 160 / 416
Sampling 170 / 416
Sampling 180 / 416
Sampling 190 / 416
Sampling 200 / 416
Sampling 210 / 416
Sampling 220 / 416
Sampling 230 / 416
Sampling 240 / 416
Sampling 250 / 416
Sampling 260 / 416
Sampling 270 / 416
Sampling 280 / 416
Sampling 290 / 416
Sampling 300 / 416
Sampling 310 / 416
Sampling 320 / 416
Sampling 330 / 416
Sampling 340 / 416
Sampling 350 / 416
Sampling 360 / 416
Sampling 370 / 416
Sampling 380 / 416
Sampling 390 / 416
Sampling 400 / 416
Sampling 410 / 416
  -> temp/E1_v5b/P-cm/3_y_conditional/786__s1/chord2mel
=== [249/285] 786__s2
  [tempo] output_bpm=120.00
  failed: TypeError("'NoneType' object is not subscriptable")
  [diag] tempi=[120.0]  end=10.8s  instruments=1
  [diag]   track-0 name='MELODY' program=0 drum=False notes=24 span=3.0-10.8s
  [diag] XFMidi ok: end_time=344.0 grid units, 1 instruments
  [diag] preprocess_midi(ins_ids=['track-1']) -> None
  [diag] preprocess_midi(ins_ids=['track-0']) -> ok torch.Size([416, 64])
  [diag] preprocess_midi(ins_ids=['track-1', 'track-0']) -> None
=== [250/285] 796__s0
  [tempo] output_bpm=120.00
torch.Size([1, 416, 32]) torch.Size([1, 416, 32])
Yinyang Sampling
Sampling 80 / 416
Sampling 90 / 416
Sampling 100 / 416
Sampling 110 / 416
Sampling 120 / 416
Sampling 130 / 416
Sampling 140 / 416
Sampling 150 / 416
Sampling 160 / 416
Sampling 170 / 416
Sampling 180 / 416
Sampling 190 / 416
Sampling 200 / 416
Sampling 210 / 416
Sampling 220 / 416
Sampling 230 / 416
Sampling 240 / 416
Sampling 250 / 416
Sampling 260 / 416
Sampling 270 / 416
Sampling 280 / 416
Sampling 290 / 416
Sampling 300 / 416
Sampling 310 / 416
Sampling 320 / 416
Sampling 330 / 416
Sampling 340 / 416
Sampling 350 / 416
Sampling 360 / 416
Sampling 370 / 416
Sampling 380 / 416
Sampling 390 / 416
Sampling 400 / 416
Sampling 410 / 416
  -> temp/E1_v5b/P-cm/3_y_conditional/796__s0/chord2mel
=== [251/285] 796__s1
  [tempo] output_bpm=120.00
torch.Size([1, 416, 32]) torch.Size([1, 416, 32])
Yinyang Sampling
Sampling 80 / 416
Sampling 90 / 416
Sampling 100 / 416
Sampling 110 / 416
Sampling 120 / 416
Sampling 130 / 416
Sampling 140 / 416
Sampling 150 / 416
Sampling 160 / 416
Sampling 170 / 416
Sampling 180 / 416
Sampling 190 / 416
Sampling 200 / 416
Sampling 210 / 416
Sampling 220 / 416
Sampling 230 / 416
Sampling 240 / 416
Sampling 250 / 416
Sampling 260 / 416
Sampling 270 / 416
Sampling 280 / 416
Sampling 290 / 416
Sampling 300 / 416
Sampling 310 / 416
Sampling 320 / 416
Sampling 330 / 416
Sampling 340 / 416
Sampling 350 / 416
Sampling 360 / 416
Sampling 370 / 416
Sampling 380 / 416
Sampling 390 / 416
Sampling 400 / 416
Sampling 410 / 416
  -> temp/E1_v5b/P-cm/3_y_conditional/796__s1/chord2mel
=== [252/285] 796__s2
  [tempo] output_bpm=120.00
torch.Size([1, 416, 32]) torch.Size([1, 416, 32])
Yinyang Sampling
Sampling 80 / 416
Sampling 90 / 416
Sampling 100 / 416
Sampling 110 / 416
Sampling 120 / 416
Sampling 130 / 416
Sampling 140 / 416
Sampling 150 / 416
Sampling 160 / 416
Sampling 170 / 416
Sampling 180 / 416
Sampling 190 / 416
Sampling 200 / 416
Sampling 210 / 416
Sampling 220 / 416
Sampling 230 / 416
Sampling 240 / 416
Sampling 250 / 416
Sampling 260 / 416
Sampling 270 / 416
Sampling 280 / 416
Sampling 290 / 416
Sampling 300 / 416
Sampling 310 / 416
Sampling 320 / 416
Sampling 330 / 416
Sampling 340 / 416
Sampling 350 / 416
Sampling 360 / 416
Sampling 370 / 416
Sampling 380 / 416
Sampling 390 / 416
Sampling 400 / 416
Sampling 410 / 416
  -> temp/E1_v5b/P-cm/3_y_conditional/796__s2/chord2mel
=== [253/285] 806__s0
  [tempo] output_bpm=120.00
torch.Size([1, 416, 32]) torch.Size([1, 416, 32])
Yinyang Sampling
Sampling 80 / 416
Sampling 90 / 416
Sampling 100 / 416
Sampling 110 / 416
Sampling 120 / 416
Sampling 130 / 416
Sampling 140 / 416
Sampling 150 / 416
Sampling 160 / 416
Sampling 170 / 416
Sampling 180 / 416
Sampling 190 / 416
Sampling 200 / 416
Sampling 210 / 416
Sampling 220 / 416
Sampling 230 / 416
Sampling 240 / 416
Sampling 250 / 416
Sampling 260 / 416
Sampling 270 / 416
Sampling 280 / 416
Sampling 290 / 416
Sampling 300 / 416
Sampling 310 / 416
Sampling 320 / 416
Sampling 330 / 416
Sampling 340 / 416
Sampling 350 / 416
Sampling 360 / 416
Sampling 370 / 416
Sampling 380 / 416
Sampling 390 / 416
Sampling 400 / 416
Sampling 410 / 416
  -> temp/E1_v5b/P-cm/3_y_conditional/806__s0/chord2mel
=== [254/285] 806__s1
  [tempo] output_bpm=120.00
torch.Size([1, 416, 32]) torch.Size([1, 416, 32])
Yinyang Sampling
Sampling 80 / 416
Sampling 90 / 416
Sampling 100 / 416
Sampling 110 / 416
Sampling 120 / 416
Sampling 130 / 416
Sampling 140 / 416
Sampling 150 / 416
Sampling 160 / 416
Sampling 170 / 416
Sampling 180 / 416
Sampling 190 / 416
Sampling 200 / 416
Sampling 210 / 416
Sampling 220 / 416
Sampling 230 / 416
Sampling 240 / 416
Sampling 250 / 416
Sampling 260 / 416
Sampling 270 / 416
Sampling 280 / 416
Sampling 290 / 416
Sampling 300 / 416
Sampling 310 / 416
Sampling 320 / 416
Sampling 330 / 416
Sampling 340 / 416
Sampling 350 / 416
Sampling 360 / 416
Sampling 370 / 416
Sampling 380 / 416
Sampling 390 / 416
Sampling 400 / 416
Sampling 410 / 416
  -> temp/E1_v5b/P-cm/3_y_conditional/806__s1/chord2mel
=== [255/285] 806__s2
  [tempo] output_bpm=120.00
torch.Size([1, 416, 32]) torch.Size([1, 416, 32])
Yinyang Sampling
Sampling 80 / 416
Sampling 90 / 416
Sampling 100 / 416
Sampling 110 / 416
Sampling 120 / 416
Sampling 130 / 416
Sampling 140 / 416
Sampling 150 / 416
Sampling 160 / 416
Sampling 170 / 416
Sampling 180 / 416
Sampling 190 / 416
Sampling 200 / 416
Sampling 210 / 416
Sampling 220 / 416
Sampling 230 / 416
Sampling 240 / 416
Sampling 250 / 416
Sampling 260 / 416
Sampling 270 / 416
Sampling 280 / 416
Sampling 290 / 416
Sampling 300 / 416
Sampling 310 / 416
Sampling 320 / 416
Sampling 330 / 416
Sampling 340 / 416
Sampling 350 / 416
Sampling 360 / 416
Sampling 370 / 416
Sampling 380 / 416
Sampling 390 / 416
Sampling 400 / 416
Sampling 410 / 416
  -> temp/E1_v5b/P-cm/3_y_conditional/806__s2/chord2mel
=== [256/285] 816__s0
  [tempo] output_bpm=120.00
torch.Size([1, 416, 32]) torch.Size([1, 416, 32])
Yinyang Sampling
Sampling 80 / 416
Sampling 90 / 416
Sampling 100 / 416
Sampling 110 / 416
Sampling 120 / 416
Sampling 130 / 416
Sampling 140 / 416
Sampling 150 / 416
Sampling 160 / 416
Sampling 170 / 416
Sampling 180 / 416
Sampling 190 / 416
Sampling 200 / 416
Sampling 210 / 416
Sampling 220 / 416
Sampling 230 / 416
Sampling 240 / 416
Sampling 250 / 416
Sampling 260 / 416
Sampling 270 / 416
Sampling 280 / 416
Sampling 290 / 416
Sampling 300 / 416
Sampling 310 / 416
Sampling 320 / 416
Sampling 330 / 416
Sampling 340 / 416
Sampling 350 / 416
Sampling 360 / 416
Sampling 370 / 416
Sampling 380 / 416
Sampling 390 / 416
Sampling 400 / 416
Sampling 410 / 416
  -> temp/E1_v5b/P-cm/3_y_conditional/816__s0/chord2mel
=== [257/285] 816__s1
  [tempo] output_bpm=120.00
torch.Size([1, 416, 32]) torch.Size([1, 416, 32])
Yinyang Sampling
Sampling 80 / 416
Sampling 90 / 416
Sampling 100 / 416
Sampling 110 / 416
Sampling 120 / 416
Sampling 130 / 416
Sampling 140 / 416
Sampling 150 / 416
Sampling 160 / 416
Sampling 170 / 416
Sampling 180 / 416
Sampling 190 / 416
Sampling 200 / 416
Sampling 210 / 416
Sampling 220 / 416
Sampling 230 / 416
Sampling 240 / 416
Sampling 250 / 416
Sampling 260 / 416
Sampling 270 / 416
Sampling 280 / 416
Sampling 290 / 416
Sampling 300 / 416
Sampling 310 / 416
Sampling 320 / 416
Sampling 330 / 416
Sampling 340 / 416
Sampling 350 / 416
Sampling 360 / 416
Sampling 370 / 416
Sampling 380 / 416
Sampling 390 / 416
Sampling 400 / 416
Sampling 410 / 416
  -> temp/E1_v5b/P-cm/3_y_conditional/816__s1/chord2mel
=== [258/285] 816__s2
  [tempo] output_bpm=120.00
torch.Size([1, 416, 32]) torch.Size([1, 416, 32])
Yinyang Sampling
Sampling 80 / 416
Sampling 90 / 416
Sampling 100 / 416
Sampling 110 / 416
Sampling 120 / 416
Sampling 130 / 416
Sampling 140 / 416
Sampling 150 / 416
Sampling 160 / 416
Sampling 170 / 416
Sampling 180 / 416
Sampling 190 / 416
Sampling 200 / 416
Sampling 210 / 416
Sampling 220 / 416
Sampling 230 / 416
Sampling 240 / 416
Sampling 250 / 416
Sampling 260 / 416
Sampling 270 / 416
Sampling 280 / 416
Sampling 290 / 416
Sampling 300 / 416
Sampling 310 / 416
Sampling 320 / 416
Sampling 330 / 416
Sampling 340 / 416
Sampling 350 / 416
Sampling 360 / 416
Sampling 370 / 416
Sampling 380 / 416
Sampling 390 / 416
Sampling 400 / 416
Sampling 410 / 416
  -> temp/E1_v5b/P-cm/3_y_conditional/816__s2/chord2mel
=== [259/285] 826__s0
  [tempo] output_bpm=120.00
torch.Size([1, 416, 32]) torch.Size([1, 416, 32])
Yinyang Sampling
Sampling 80 / 416
Sampling 90 / 416
Sampling 100 / 416
Sampling 110 / 416
Sampling 120 / 416
Sampling 130 / 416
Sampling 140 / 416
Sampling 150 / 416
Sampling 160 / 416
Sampling 170 / 416
Sampling 180 / 416
Sampling 190 / 416
Sampling 200 / 416
Sampling 210 / 416
Sampling 220 / 416
Sampling 230 / 416
Sampling 240 / 416
Sampling 250 / 416
Sampling 260 / 416
Sampling 270 / 416
Sampling 280 / 416
Sampling 290 / 416
Sampling 300 / 416
Sampling 310 / 416
Sampling 320 / 416
Sampling 330 / 416
Sampling 340 / 416
Sampling 350 / 416
Sampling 360 / 416
Sampling 370 / 416
Sampling 380 / 416
Sampling 390 / 416
Sampling 400 / 416
Sampling 410 / 416
  -> temp/E1_v5b/P-cm/3_y_conditional/826__s0/chord2mel
=== [260/285] 826__s1
  [tempo] output_bpm=120.00
torch.Size([1, 416, 32]) torch.Size([1, 416, 32])
Yinyang Sampling
Sampling 80 / 416
Sampling 90 / 416
Sampling 100 / 416
Sampling 110 / 416
Sampling 120 / 416
Sampling 130 / 416
Sampling 140 / 416
Sampling 150 / 416
Sampling 160 / 416
Sampling 170 / 416
Sampling 180 / 416
Sampling 190 / 416
Sampling 200 / 416
Sampling 210 / 416
Sampling 220 / 416
Sampling 230 / 416
Sampling 240 / 416
Sampling 250 / 416
Sampling 260 / 416
Sampling 270 / 416
Sampling 280 / 416
Sampling 290 / 416
Sampling 300 / 416
Sampling 310 / 416
Sampling 320 / 416
Sampling 330 / 416
Sampling 340 / 416
Sampling 350 / 416
Sampling 360 / 416
Sampling 370 / 416
Sampling 380 / 416
Sampling 390 / 416
Sampling 400 / 416
Sampling 410 / 416
  -> temp/E1_v5b/P-cm/3_y_conditional/826__s1/chord2mel
=== [261/285] 826__s2
  [tempo] output_bpm=120.00
torch.Size([1, 416, 32]) torch.Size([1, 416, 32])
Yinyang Sampling
Sampling 80 / 416
Sampling 90 / 416
Sampling 100 / 416
Sampling 110 / 416
Sampling 120 / 416
Sampling 130 / 416
Sampling 140 / 416
Sampling 150 / 416
Sampling 160 / 416
Sampling 170 / 416
Sampling 180 / 416
Sampling 190 / 416
Sampling 200 / 416
Sampling 210 / 416
Sampling 220 / 416
Sampling 230 / 416
Sampling 240 / 416
Sampling 250 / 416
Sampling 260 / 416
Sampling 270 / 416
Sampling 280 / 416
Sampling 290 / 416
Sampling 300 / 416
Sampling 310 / 416
Sampling 320 / 416
Sampling 330 / 416
Sampling 340 / 416
Sampling 350 / 416
Sampling 360 / 416
Sampling 370 / 416
Sampling 380 / 416
Sampling 390 / 416
Sampling 400 / 416
Sampling 410 / 416
  -> temp/E1_v5b/P-cm/3_y_conditional/826__s2/chord2mel
=== [262/285] 836__s0
  [tempo] output_bpm=120.00
torch.Size([1, 416, 32]) torch.Size([1, 416, 32])
Yinyang Sampling
Sampling 80 / 416
Sampling 90 / 416
Sampling 100 / 416
Sampling 110 / 416
Sampling 120 / 416
Sampling 130 / 416
Sampling 140 / 416
Sampling 150 / 416
Sampling 160 / 416
Sampling 170 / 416
Sampling 180 / 416
Sampling 190 / 416
Sampling 200 / 416
Sampling 210 / 416
Sampling 220 / 416
Sampling 230 / 416
Sampling 240 / 416
Sampling 250 / 416
Sampling 260 / 416
Sampling 270 / 416
Sampling 280 / 416
Sampling 290 / 416
Sampling 300 / 416
Sampling 310 / 416
Sampling 320 / 416
Sampling 330 / 416
Sampling 340 / 416
Sampling 350 / 416
Sampling 360 / 416
Sampling 370 / 416
Sampling 380 / 416
Sampling 390 / 416
Sampling 400 / 416
Sampling 410 / 416
  -> temp/E1_v5b/P-cm/3_y_conditional/836__s0/chord2mel
=== [263/285] 836__s1
  [tempo] output_bpm=120.00
torch.Size([1, 416, 32]) torch.Size([1, 416, 32])
Yinyang Sampling
Sampling 80 / 416
Sampling 90 / 416
Sampling 100 / 416
Sampling 110 / 416
Sampling 120 / 416
Sampling 130 / 416
Sampling 140 / 416
Sampling 150 / 416
Sampling 160 / 416
Sampling 170 / 416
Sampling 180 / 416
Sampling 190 / 416
Sampling 200 / 416
Sampling 210 / 416
Sampling 220 / 416
Sampling 230 / 416
Sampling 240 / 416
Sampling 250 / 416
Sampling 260 / 416
Sampling 270 / 416
Sampling 280 / 416
Sampling 290 / 416
Sampling 300 / 416
Sampling 310 / 416
Sampling 320 / 416
Sampling 330 / 416
Sampling 340 / 416
Sampling 350 / 416
Sampling 360 / 416
Sampling 370 / 416
Sampling 380 / 416
Sampling 390 / 416
Sampling 400 / 416
Sampling 410 / 416
  -> temp/E1_v5b/P-cm/3_y_conditional/836__s1/chord2mel
=== [264/285] 836__s2
  [tempo] output_bpm=120.00
torch.Size([1, 416, 32]) torch.Size([1, 416, 32])
Yinyang Sampling
Sampling 80 / 416
Sampling 90 / 416
Sampling 100 / 416
Sampling 110 / 416
Sampling 120 / 416
Sampling 130 / 416
Sampling 140 / 416
Sampling 150 / 416
Sampling 160 / 416
Sampling 170 / 416
Sampling 180 / 416
Sampling 190 / 416
Sampling 200 / 416
Sampling 210 / 416
Sampling 220 / 416
Sampling 230 / 416
Sampling 240 / 416
Sampling 250 / 416
Sampling 260 / 416
Sampling 270 / 416
Sampling 280 / 416
Sampling 290 / 416
Sampling 300 / 416
Sampling 310 / 416
Sampling 320 / 416
Sampling 330 / 416
Sampling 340 / 416
Sampling 350 / 416
Sampling 360 / 416
Sampling 370 / 416
Sampling 380 / 416
Sampling 390 / 416
Sampling 400 / 416
Sampling 410 / 416
  -> temp/E1_v5b/P-cm/3_y_conditional/836__s2/chord2mel
=== [265/285] 846__s0
  [tempo] output_bpm=120.00
torch.Size([1, 416, 32]) torch.Size([1, 416, 32])
Yinyang Sampling
Sampling 80 / 416
Sampling 90 / 416
Sampling 100 / 416
Sampling 110 / 416
Sampling 120 / 416
Sampling 130 / 416
Sampling 140 / 416
Sampling 150 / 416
Sampling 160 / 416
Sampling 170 / 416
Sampling 180 / 416
Sampling 190 / 416
Sampling 200 / 416
Sampling 210 / 416
Sampling 220 / 416
Sampling 230 / 416
Sampling 240 / 416
Sampling 250 / 416
Sampling 260 / 416
Sampling 270 / 416
Sampling 280 / 416
Sampling 290 / 416
Sampling 300 / 416
Sampling 310 / 416
Sampling 320 / 416
Sampling 330 / 416
Sampling 340 / 416
Sampling 350 / 416
Sampling 360 / 416
Sampling 370 / 416
Sampling 380 / 416
Sampling 390 / 416
Sampling 400 / 416
Sampling 410 / 416
  -> temp/E1_v5b/P-cm/3_y_conditional/846__s0/chord2mel
=== [266/285] 846__s1
  [tempo] output_bpm=120.00
torch.Size([1, 416, 32]) torch.Size([1, 416, 32])
Yinyang Sampling
Sampling 80 / 416
Sampling 90 / 416
Sampling 100 / 416
Sampling 110 / 416
Sampling 120 / 416
Sampling 130 / 416
Sampling 140 / 416
Sampling 150 / 416
Sampling 160 / 416
Sampling 170 / 416
Sampling 180 / 416
Sampling 190 / 416
Sampling 200 / 416
Sampling 210 / 416
Sampling 220 / 416
Sampling 230 / 416
Sampling 240 / 416
Sampling 250 / 416
Sampling 260 / 416
Sampling 270 / 416
Sampling 280 / 416
Sampling 290 / 416
Sampling 300 / 416
Sampling 310 / 416
Sampling 320 / 416
Sampling 330 / 416
Sampling 340 / 416
Sampling 350 / 416
Sampling 360 / 416
Sampling 370 / 416
Sampling 380 / 416
Sampling 390 / 416
Sampling 400 / 416
Sampling 410 / 416
  -> temp/E1_v5b/P-cm/3_y_conditional/846__s1/chord2mel
=== [267/285] 846__s2
  [tempo] output_bpm=120.00
torch.Size([1, 416, 32]) torch.Size([1, 416, 32])
Yinyang Sampling
Sampling 80 / 416
Sampling 90 / 416
Sampling 100 / 416
Sampling 110 / 416
Sampling 120 / 416
Sampling 130 / 416
Sampling 140 / 416
Sampling 150 / 416
Sampling 160 / 416
Sampling 170 / 416
Sampling 180 / 416
Sampling 190 / 416
Sampling 200 / 416
Sampling 210 / 416
Sampling 220 / 416
Sampling 230 / 416
Sampling 240 / 416
Sampling 250 / 416
Sampling 260 / 416
Sampling 270 / 416
Sampling 280 / 416
Sampling 290 / 416
Sampling 300 / 416
Sampling 310 / 416
Sampling 320 / 416
Sampling 330 / 416
Sampling 340 / 416
Sampling 350 / 416
Sampling 360 / 416
Sampling 370 / 416
Sampling 380 / 416
Sampling 390 / 416
Sampling 400 / 416
Sampling 410 / 416
  -> temp/E1_v5b/P-cm/3_y_conditional/846__s2/chord2mel
=== [268/285] 856__s0
  [tempo] output_bpm=120.00
torch.Size([1, 416, 32]) torch.Size([1, 416, 32])
Yinyang Sampling
Sampling 80 / 416
Sampling 90 / 416
Sampling 100 / 416
Sampling 110 / 416
Sampling 120 / 416
Sampling 130 / 416
Sampling 140 / 416
Sampling 150 / 416
Sampling 160 / 416
Sampling 170 / 416
Sampling 180 / 416
Sampling 190 / 416
Sampling 200 / 416
Sampling 210 / 416
Sampling 220 / 416
Sampling 230 / 416
Sampling 240 / 416
Sampling 250 / 416
Sampling 260 / 416
Sampling 270 / 416
Sampling 280 / 416
Sampling 290 / 416
Sampling 300 / 416
Sampling 310 / 416
Sampling 320 / 416
Sampling 330 / 416
Sampling 340 / 416
Sampling 350 / 416
Sampling 360 / 416
Sampling 370 / 416
Sampling 380 / 416
Sampling 390 / 416
Sampling 400 / 416
Sampling 410 / 416
  -> temp/E1_v5b/P-cm/3_y_conditional/856__s0/chord2mel
=== [269/285] 856__s1
  [tempo] output_bpm=120.00
torch.Size([1, 416, 32]) torch.Size([1, 416, 32])
Yinyang Sampling
Sampling 80 / 416
Sampling 90 / 416
Sampling 100 / 416
Sampling 110 / 416
Sampling 120 / 416
Sampling 130 / 416
Sampling 140 / 416
Sampling 150 / 416
Sampling 160 / 416
Sampling 170 / 416
Sampling 180 / 416
Sampling 190 / 416
Sampling 200 / 416
Sampling 210 / 416
Sampling 220 / 416
Sampling 230 / 416
Sampling 240 / 416
Sampling 250 / 416
Sampling 260 / 416
Sampling 270 / 416
Sampling 280 / 416
Sampling 290 / 416
Sampling 300 / 416
Sampling 310 / 416
Sampling 320 / 416
Sampling 330 / 416
Sampling 340 / 416
Sampling 350 / 416
Sampling 360 / 416
Sampling 370 / 416
Sampling 380 / 416
Sampling 390 / 416
Sampling 400 / 416
Sampling 410 / 416
  -> temp/E1_v5b/P-cm/3_y_conditional/856__s1/chord2mel
=== [270/285] 856__s2
  [tempo] output_bpm=120.00
torch.Size([1, 416, 32]) torch.Size([1, 416, 32])
Yinyang Sampling
Sampling 80 / 416
Sampling 90 / 416
Sampling 100 / 416
Sampling 110 / 416
Sampling 120 / 416
Sampling 130 / 416
Sampling 140 / 416
Sampling 150 / 416
Sampling 160 / 416
Sampling 170 / 416
Sampling 180 / 416
Sampling 190 / 416
Sampling 200 / 416
Sampling 210 / 416
Sampling 220 / 416
Sampling 230 / 416
Sampling 240 / 416
Sampling 250 / 416
Sampling 260 / 416
Sampling 270 / 416
Sampling 280 / 416
Sampling 290 / 416
Sampling 300 / 416
Sampling 310 / 416
Sampling 320 / 416
Sampling 330 / 416
Sampling 340 / 416
Sampling 350 / 416
Sampling 360 / 416
Sampling 370 / 416
Sampling 380 / 416
Sampling 390 / 416
Sampling 400 / 416
Sampling 410 / 416
  -> temp/E1_v5b/P-cm/3_y_conditional/856__s2/chord2mel
=== [271/285] 866__s0
  [tempo] output_bpm=120.00
torch.Size([1, 416, 32]) torch.Size([1, 416, 32])
Yinyang Sampling
Sampling 80 / 416
Sampling 90 / 416
Sampling 100 / 416
Sampling 110 / 416
Sampling 120 / 416
Sampling 130 / 416
Sampling 140 / 416
Sampling 150 / 416
Sampling 160 / 416
Sampling 170 / 416
Sampling 180 / 416
Sampling 190 / 416
Sampling 200 / 416
Sampling 210 / 416
Sampling 220 / 416
Sampling 230 / 416
Sampling 240 / 416
Sampling 250 / 416
Sampling 260 / 416
Sampling 270 / 416
Sampling 280 / 416
Sampling 290 / 416
Sampling 300 / 416
Sampling 310 / 416
Sampling 320 / 416
Sampling 330 / 416
Sampling 340 / 416
Sampling 350 / 416
Sampling 360 / 416
Sampling 370 / 416
Sampling 380 / 416
Sampling 390 / 416
Sampling 400 / 416
Sampling 410 / 416
  -> temp/E1_v5b/P-cm/3_y_conditional/866__s0/chord2mel
=== [272/285] 866__s1
  [tempo] output_bpm=120.00
torch.Size([1, 416, 32]) torch.Size([1, 416, 32])
Yinyang Sampling
Sampling 80 / 416
Sampling 90 / 416
Sampling 100 / 416
Sampling 110 / 416
Sampling 120 / 416
Sampling 130 / 416
Sampling 140 / 416
Sampling 150 / 416
Sampling 160 / 416
Sampling 170 / 416
Sampling 180 / 416
Sampling 190 / 416
Sampling 200 / 416
Sampling 210 / 416
Sampling 220 / 416
Sampling 230 / 416
Sampling 240 / 416
Sampling 250 / 416
Sampling 260 / 416
Sampling 270 / 416
Sampling 280 / 416
Sampling 290 / 416
Sampling 300 / 416
Sampling 310 / 416
Sampling 320 / 416
Sampling 330 / 416
Sampling 340 / 416
Sampling 350 / 416
Sampling 360 / 416
Sampling 370 / 416
Sampling 380 / 416
Sampling 390 / 416
Sampling 400 / 416
Sampling 410 / 416
  -> temp/E1_v5b/P-cm/3_y_conditional/866__s1/chord2mel
=== [273/285] 866__s2
  [tempo] output_bpm=120.00
torch.Size([1, 416, 32]) torch.Size([1, 416, 32])
Yinyang Sampling
Sampling 80 / 416
Sampling 90 / 416
Sampling 100 / 416
Sampling 110 / 416
Sampling 120 / 416
Sampling 130 / 416
Sampling 140 / 416
Sampling 150 / 416
Sampling 160 / 416
Sampling 170 / 416
Sampling 180 / 416
Sampling 190 / 416
Sampling 200 / 416
Sampling 210 / 416
Sampling 220 / 416
Sampling 230 / 416
Sampling 240 / 416
Sampling 250 / 416
Sampling 260 / 416
Sampling 270 / 416
Sampling 280 / 416
Sampling 290 / 416
Sampling 300 / 416
Sampling 310 / 416
Sampling 320 / 416
Sampling 330 / 416
Sampling 340 / 416
Sampling 350 / 416
Sampling 360 / 416
Sampling 370 / 416
Sampling 380 / 416
Sampling 390 / 416
Sampling 400 / 416
Sampling 410 / 416
  -> temp/E1_v5b/P-cm/3_y_conditional/866__s2/chord2mel
=== [274/285] 876__s0
  [tempo] output_bpm=120.00
torch.Size([1, 416, 32]) torch.Size([1, 416, 32])
Yinyang Sampling
Sampling 80 / 416
Sampling 90 / 416
Sampling 100 / 416
Sampling 110 / 416
Sampling 120 / 416
Sampling 130 / 416
Sampling 140 / 416
Sampling 150 / 416
Sampling 160 / 416
Sampling 170 / 416
Sampling 180 / 416
Sampling 190 / 416
Sampling 200 / 416
Sampling 210 / 416
Sampling 220 / 416
Sampling 230 / 416
Sampling 240 / 416
Sampling 250 / 416
Sampling 260 / 416
Sampling 270 / 416
Sampling 280 / 416
Sampling 290 / 416
Sampling 300 / 416
Sampling 310 / 416
Sampling 320 / 416
Sampling 330 / 416
Sampling 340 / 416
Sampling 350 / 416
Sampling 360 / 416
Sampling 370 / 416
Sampling 380 / 416
Sampling 390 / 416
Sampling 400 / 416
Sampling 410 / 416
  -> temp/E1_v5b/P-cm/3_y_conditional/876__s0/chord2mel
=== [275/285] 876__s1
  [tempo] output_bpm=120.00
torch.Size([1, 416, 32]) torch.Size([1, 416, 32])
Yinyang Sampling
Sampling 80 / 416
Sampling 90 / 416
Sampling 100 / 416
Sampling 110 / 416
Sampling 120 / 416
Sampling 130 / 416
Sampling 140 / 416
Sampling 150 / 416
Sampling 160 / 416
Sampling 170 / 416
Sampling 180 / 416
Sampling 190 / 416
Sampling 200 / 416
Sampling 210 / 416
Sampling 220 / 416
Sampling 230 / 416
Sampling 240 / 416
Sampling 250 / 416
Sampling 260 / 416
Sampling 270 / 416
Sampling 280 / 416
Sampling 290 / 416
Sampling 300 / 416
Sampling 310 / 416
Sampling 320 / 416
Sampling 330 / 416
Sampling 340 / 416
Sampling 350 / 416
Sampling 360 / 416
Sampling 370 / 416
Sampling 380 / 416
Sampling 390 / 416
Sampling 400 / 416
Sampling 410 / 416
  -> temp/E1_v5b/P-cm/3_y_conditional/876__s1/chord2mel
=== [276/285] 876__s2
  [tempo] output_bpm=120.00
torch.Size([1, 416, 32]) torch.Size([1, 416, 32])
Yinyang Sampling
Sampling 80 / 416
Sampling 90 / 416
Sampling 100 / 416
Sampling 110 / 416
Sampling 120 / 416
Sampling 130 / 416
Sampling 140 / 416
Sampling 150 / 416
Sampling 160 / 416
Sampling 170 / 416
Sampling 180 / 416
Sampling 190 / 416
Sampling 200 / 416
Sampling 210 / 416
Sampling 220 / 416
Sampling 230 / 416
Sampling 240 / 416
Sampling 250 / 416
Sampling 260 / 416
Sampling 270 / 416
Sampling 280 / 416
Sampling 290 / 416
Sampling 300 / 416
Sampling 310 / 416
Sampling 320 / 416
Sampling 330 / 416
Sampling 340 / 416
Sampling 350 / 416
Sampling 360 / 416
Sampling 370 / 416
Sampling 380 / 416
Sampling 390 / 416
Sampling 400 / 416
Sampling 410 / 416
  -> temp/E1_v5b/P-cm/3_y_conditional/876__s2/chord2mel
=== [277/285] 886__s0
  [tempo] output_bpm=120.00
torch.Size([1, 416, 32]) torch.Size([1, 416, 32])
Yinyang Sampling
Sampling 80 / 416
Sampling 90 / 416
Sampling 100 / 416
Sampling 110 / 416
Sampling 120 / 416
Sampling 130 / 416
Sampling 140 / 416
Sampling 150 / 416
Sampling 160 / 416
Sampling 170 / 416
Sampling 180 / 416
Sampling 190 / 416
Sampling 200 / 416
Sampling 210 / 416
Sampling 220 / 416
Sampling 230 / 416
Sampling 240 / 416
Sampling 250 / 416
Sampling 260 / 416
Sampling 270 / 416
Sampling 280 / 416
Sampling 290 / 416
Sampling 300 / 416
Sampling 310 / 416
Sampling 320 / 416
Sampling 330 / 416
Sampling 340 / 416
Sampling 350 / 416
Sampling 360 / 416
Sampling 370 / 416
Sampling 380 / 416
Sampling 390 / 416
Sampling 400 / 416
Sampling 410 / 416
  -> temp/E1_v5b/P-cm/3_y_conditional/886__s0/chord2mel
=== [278/285] 886__s1
  [tempo] output_bpm=120.00
torch.Size([1, 416, 32]) torch.Size([1, 416, 32])
Yinyang Sampling
Sampling 80 / 416
Sampling 90 / 416
Sampling 100 / 416
Sampling 110 / 416
Sampling 120 / 416
Sampling 130 / 416
Sampling 140 / 416
Sampling 150 / 416
Sampling 160 / 416
Sampling 170 / 416
Sampling 180 / 416
Sampling 190 / 416
Sampling 200 / 416
Sampling 210 / 416
Sampling 220 / 416
Sampling 230 / 416
Sampling 240 / 416
Sampling 250 / 416
Sampling 260 / 416
Sampling 270 / 416
Sampling 280 / 416
Sampling 290 / 416
Sampling 300 / 416
Sampling 310 / 416
Sampling 320 / 416
Sampling 330 / 416
Sampling 340 / 416
Sampling 350 / 416
Sampling 360 / 416
Sampling 370 / 416
Sampling 380 / 416
Sampling 390 / 416
Sampling 400 / 416
Sampling 410 / 416
  -> temp/E1_v5b/P-cm/3_y_conditional/886__s1/chord2mel
=== [279/285] 886__s2
  [tempo] output_bpm=120.00
torch.Size([1, 416, 32]) torch.Size([1, 416, 32])
Yinyang Sampling
Sampling 80 / 416
Sampling 90 / 416
Sampling 100 / 416
Sampling 110 / 416
Sampling 120 / 416
Sampling 130 / 416
Sampling 140 / 416
Sampling 150 / 416
Sampling 160 / 416
Sampling 170 / 416
Sampling 180 / 416
Sampling 190 / 416
Sampling 200 / 416
Sampling 210 / 416
Sampling 220 / 416
Sampling 230 / 416
Sampling 240 / 416
Sampling 250 / 416
Sampling 260 / 416
Sampling 270 / 416
Sampling 280 / 416
Sampling 290 / 416
Sampling 300 / 416
Sampling 310 / 416
Sampling 320 / 416
Sampling 330 / 416
Sampling 340 / 416
Sampling 350 / 416
Sampling 360 / 416
Sampling 370 / 416
Sampling 380 / 416
Sampling 390 / 416
Sampling 400 / 416
Sampling 410 / 416
  -> temp/E1_v5b/P-cm/3_y_conditional/886__s2/chord2mel
=== [280/285] 896__s0
  [tempo] output_bpm=120.00
torch.Size([1, 416, 32]) torch.Size([1, 416, 32])
Yinyang Sampling
Sampling 80 / 416
Sampling 90 / 416
Sampling 100 / 416
Sampling 110 / 416
Sampling 120 / 416
Sampling 130 / 416
Sampling 140 / 416
Sampling 150 / 416
Sampling 160 / 416
Sampling 170 / 416
Sampling 180 / 416
Sampling 190 / 416
Sampling 200 / 416
Sampling 210 / 416
Sampling 220 / 416
Sampling 230 / 416
Sampling 240 / 416
Sampling 250 / 416
Sampling 260 / 416
Sampling 270 / 416
Sampling 280 / 416
Sampling 290 / 416
Sampling 300 / 416
Sampling 310 / 416
Sampling 320 / 416
Sampling 330 / 416
Sampling 340 / 416
Sampling 350 / 416
Sampling 360 / 416
Sampling 370 / 416
Sampling 380 / 416
Sampling 390 / 416
Sampling 400 / 416
Sampling 410 / 416
  -> temp/E1_v5b/P-cm/3_y_conditional/896__s0/chord2mel
=== [281/285] 896__s1
  [tempo] output_bpm=120.00
torch.Size([1, 416, 32]) torch.Size([1, 416, 32])
Yinyang Sampling
Sampling 80 / 416
Sampling 90 / 416
Sampling 100 / 416
Sampling 110 / 416
Sampling 120 / 416
Sampling 130 / 416
Sampling 140 / 416
Sampling 150 / 416
Sampling 160 / 416
Sampling 170 / 416
Sampling 180 / 416
Sampling 190 / 416
Sampling 200 / 416
Sampling 210 / 416
Sampling 220 / 416
Sampling 230 / 416
Sampling 240 / 416
Sampling 250 / 416
Sampling 260 / 416
Sampling 270 / 416
Sampling 280 / 416
Sampling 290 / 416
Sampling 300 / 416
Sampling 310 / 416
Sampling 320 / 416
Sampling 330 / 416
Sampling 340 / 416
Sampling 350 / 416
Sampling 360 / 416
Sampling 370 / 416
Sampling 380 / 416
Sampling 390 / 416
Sampling 400 / 416
Sampling 410 / 416
  -> temp/E1_v5b/P-cm/3_y_conditional/896__s1/chord2mel
=== [282/285] 896__s2
  [tempo] output_bpm=120.00
torch.Size([1, 416, 32]) torch.Size([1, 416, 32])
Yinyang Sampling
Sampling 80 / 416
Sampling 90 / 416
Sampling 100 / 416
Sampling 110 / 416
Sampling 120 / 416
Sampling 130 / 416
Sampling 140 / 416
Sampling 150 / 416
Sampling 160 / 416
Sampling 170 / 416
Sampling 180 / 416
Sampling 190 / 416
Sampling 200 / 416
Sampling 210 / 416
Sampling 220 / 416
Sampling 230 / 416
Sampling 240 / 416
Sampling 250 / 416
Sampling 260 / 416
Sampling 270 / 416
Sampling 280 / 416
Sampling 290 / 416
Sampling 300 / 416
Sampling 310 / 416
Sampling 320 / 416
Sampling 330 / 416
Sampling 340 / 416
Sampling 350 / 416
Sampling 360 / 416
Sampling 370 / 416
Sampling 380 / 416
Sampling 390 / 416
Sampling 400 / 416
Sampling 410 / 416
  -> temp/E1_v5b/P-cm/3_y_conditional/896__s2/chord2mel
=== [283/285] 906__s0
  [tempo] output_bpm=120.00
torch.Size([1, 416, 32]) torch.Size([1, 416, 32])
Yinyang Sampling
Sampling 80 / 416
Sampling 90 / 416
Sampling 100 / 416
Sampling 110 / 416
Sampling 120 / 416
Sampling 130 / 416
Sampling 140 / 416
Sampling 150 / 416
Sampling 160 / 416
Sampling 170 / 416
Sampling 180 / 416
Sampling 190 / 416
Sampling 200 / 416
Sampling 210 / 416
Sampling 220 / 416
Sampling 230 / 416
Sampling 240 / 416
Sampling 250 / 416
Sampling 260 / 416
Sampling 270 / 416
Sampling 280 / 416
Sampling 290 / 416
Sampling 300 / 416
Sampling 310 / 416
Sampling 320 / 416
Sampling 330 / 416
Sampling 340 / 416
Sampling 350 / 416
Sampling 360 / 416
Sampling 370 / 416
Sampling 380 / 416
Sampling 390 / 416
Sampling 400 / 416
Sampling 410 / 416
  -> temp/E1_v5b/P-cm/3_y_conditional/906__s0/chord2mel
=== [284/285] 906__s1
  [tempo] output_bpm=120.00
torch.Size([1, 416, 32]) torch.Size([1, 416, 32])
Yinyang Sampling
Sampling 80 / 416
Sampling 90 / 416
Sampling 100 / 416
Sampling 110 / 416
Sampling 120 / 416
Sampling 130 / 416
Sampling 140 / 416
Sampling 150 / 416
Sampling 160 / 416
Sampling 170 / 416
Sampling 180 / 416
Sampling 190 / 416
Sampling 200 / 416
Sampling 210 / 416
Sampling 220 / 416
Sampling 230 / 416
Sampling 240 / 416
Sampling 250 / 416
Sampling 260 / 416
Sampling 270 / 416
Sampling 280 / 416
Sampling 290 / 416
Sampling 300 / 416
Sampling 310 / 416
Sampling 320 / 416
Sampling 330 / 416
Sampling 340 / 416
Sampling 350 / 416
Sampling 360 / 416
Sampling 370 / 416
Sampling 380 / 416
Sampling 390 / 416
Sampling 400 / 416
Sampling 410 / 416
  -> temp/E1_v5b/P-cm/3_y_conditional/906__s1/chord2mel
=== [285/285] 906__s2
  [tempo] output_bpm=120.00
torch.Size([1, 416, 32]) torch.Size([1, 416, 32])
Yinyang Sampling
Sampling 80 / 416
Sampling 90 / 416
Sampling 100 / 416
Sampling 110 / 416
Sampling 120 / 416
Sampling 130 / 416
Sampling 140 / 416
Sampling 150 / 416
Sampling 160 / 416
Sampling 170 / 416
Sampling 180 / 416
Sampling 190 / 416
Sampling 200 / 416
Sampling 210 / 416
Sampling 220 / 416
Sampling 230 / 416
Sampling 240 / 416
Sampling 250 / 416
Sampling 260 / 416
Sampling 270 / 416
Sampling 280 / 416
Sampling 290 / 416
Sampling 300 / 416
Sampling 310 / 416
Sampling 320 / 416
Sampling 330 / 416
Sampling 340 / 416
Sampling 350 / 416
Sampling 360 / 416
Sampling 370 / 416
Sampling 380 / 416
Sampling 390 / 416
Sampling 400 / 416
Sampling 410 / 416
  -> temp/E1_v5b/P-cm/3_y_conditional/906__s2/chord2mel

done. Manifest source line:
  --source "Y:duet_multi:temp/E1_v5b/P-cm/3_y_conditional"
--- stage D: assemble duet_multi layout ---
assembled 284 sample(s) -> temp/E1_v5b/P-cm/4_final (duet_multi, mode=co)
================================================================
P-cm complete. Run tree:
  temp/E1_v5b/P-cm/
    1_stageA_specialist/  specialist continuations (raw, single stream)
    2_hybrids/            two-track inputs handed to YinYang
    3_y_conditional/      YinYang raw output tree
    4_final/              <-- SCORE THIS (duet_multi, mode=co)

Score in E1 by adding to the export list:
  EXTRA_SOURCES="P-cm:duet_multi:temp/E1_v5b/P-cm/4_final"
================================================================
