[ckpt] auto-selected cp_transformer_yinyang_v5.1_lora_batch_8_pop909_cp8_v2_chord_mel_rev_mask0.25-10-step1.epoch=00.val_loss=0.12714.ckpt (val_loss=0.12714) from 1 val_loss-tagged ckpt(s) in ckpt/cp_transformer_yinyang_v5.1_lora_batch_8_pop909_cp8_v2_chord_mel_rev_mask0.25-10-step1
[ckpt_y] run dir -> ckpt/cp_transformer_yinyang_v5.1_lora_batch_8_pop909_cp8_v2_chord_mel_rev_mask0.25-10-step1/cp_transformer_yinyang_v5.1_lora_batch_8_pop909_cp8_v2_chord_mel_rev_mask0.25-10-step1.epoch=00.val_loss=0.12714.ckpt
================================================================
Job 232496  node=gpu-03
PIPELINE CO-GENERATION BASELINE  P-mc
stage A: ckpt/cp_transformer_v0.42_size1_pop909ft_mel_cp4_batch_24_schedule continues mel from temp/E1_v5b/prompts/mel
stage B: YinYang ckpt/cp_transformer_yinyang_v5.1_lora_batch_8_pop909_cp8_v2_chord_mel_rev_mask0.25-10-step1/cp_transformer_yinyang_v5.1_lora_batch_8_pop909_cp8_v2_chord_mel_rev_mask0.25-10-step1.epoch=00.val_loss=0.12714.ckpt (POP909-trained, DOMAIN MATCHED), direction=mel2chord
partner prompts from temp/E1_v5b/prompts/chord
PROMPT_LENGTH=80 GEN_LENGTH=416 N_SAMPLES=3
OUT_ROOT=temp/E1_v5b/P-mc
================================================================
[gpu] NVIDIA A100-SXM4-40GB
--- stage A: specialist continues the mel stream ---
/home/xinyue.li/Mitosis/midi_yinyang/transformers_roformer_moe/src/transformers/models/roformer/grouped_gemm_util.py:3: UserWarning: pkg_resources is deprecated as an API. See https://setuptools.pypa.io/en/latest/pkg_resources.html. The pkg_resources package is slated for removal as early as 2025-11-30. Refrain from using this package or pin to Setuptools<81.
  from pkg_resources import packaging
/home/xinyue.li/Mitosis/midi_yinyang/cp_transformer_inference.py:75: UserWarning: To copy construct from a tensor, it is recommended to use sourceTensor.clone().detach() or sourceTensor.clone().detach().requires_grad_(True), rather than torch.tensor(sourceTensor).
  x = torch.tensor(byte_arr).unsqueeze(0)
[ckpt] auto-selected cp_transformer_v0.42_size1_pop909ft_mel_cp4_batch_24_schedule.epoch=00.val_loss=0.39230.ckpt (val_loss=0.39230) from 1 val_loss-tagged ckpt(s) in ckpt/cp_transformer_v0.42_size1_pop909ft_mel_cp4_batch_24_schedule
[main] ckpt = ckpt/cp_transformer_v0.42_size1_pop909ft_mel_cp4_batch_24_schedule/cp_transformer_v0.42_size1_pop909ft_mel_cp4_batch_24_schedule.epoch=00.val_loss=0.39230.ckpt
95 prompt MIDIs in temp/E1_v5b/prompts/mel
=== [1/95] temp/E1_v5b/prompts/mel/001.mid
torch.Size([1, 1045, 8])
Sampling 80 / 416
Sampling 90 / 416
Sampling 100 / 416
Sampling 110 / 416
Sampling 120 / 416
Sampling 130 / 416
Sampling 140 / 416
Sampling 150 / 416
Sampling 160 / 416
Sampling 170 / 416
Sampling 180 / 416
Sampling 190 / 416
Sampling 200 / 416
Sampling 210 / 416
Sampling 220 / 416
Sampling 230 / 416
Sampling 240 / 416
Sampling 250 / 416
Sampling 260 / 416
Sampling 270 / 416
Sampling 280 / 416
Sampling 290 / 416
Sampling 300 / 416
Sampling 310 / 416
Sampling 320 / 416
Sampling 330 / 416
Sampling 340 / 416
Sampling 350 / 416
Sampling 360 / 416
Sampling 370 / 416
Sampling 380 / 416
Sampling 390 / 416
Sampling 400 / 416
Sampling 410 / 416
=== [2/95] temp/E1_v5b/prompts/mel/002.mid
torch.Size([1, 852, 8])
Sampling 80 / 416
Sampling 90 / 416
Sampling 100 / 416
Sampling 110 / 416
Sampling 120 / 416
Sampling 130 / 416
Sampling 140 / 416
Sampling 150 / 416
Sampling 160 / 416
Sampling 170 / 416
Sampling 180 / 416
Sampling 190 / 416
Sampling 200 / 416
Sampling 210 / 416
Sampling 220 / 416
Sampling 230 / 416
Sampling 240 / 416
Sampling 250 / 416
Sampling 260 / 416
Sampling 270 / 416
Sampling 280 / 416
Sampling 290 / 416
Sampling 300 / 416
Sampling 310 / 416
Sampling 320 / 416
Sampling 330 / 416
Sampling 340 / 416
Sampling 350 / 416
Sampling 360 / 416
Sampling 370 / 416
Sampling 380 / 416
Sampling 390 / 416
Sampling 400 / 416
Sampling 410 / 416
=== [3/95] temp/E1_v5b/prompts/mel/003.mid
torch.Size([1, 1035, 8])
Sampling 80 / 416
Sampling 90 / 416
Sampling 100 / 416
Sampling 110 / 416
Sampling 120 / 416
Sampling 130 / 416
Sampling 140 / 416
Sampling 150 / 416
Sampling 160 / 416
Sampling 170 / 416
Sampling 180 / 416
Sampling 190 / 416
Sampling 200 / 416
Sampling 210 / 416
Sampling 220 / 416
Sampling 230 / 416
Sampling 240 / 416
Sampling 250 / 416
Sampling 260 / 416
Sampling 270 / 416
Sampling 280 / 416
Sampling 290 / 416
Sampling 300 / 416
Sampling 310 / 416
Sampling 320 / 416
Sampling 330 / 416
Sampling 340 / 416
Sampling 350 / 416
Sampling 360 / 416
Sampling 370 / 416
Sampling 380 / 416
Sampling 390 / 416
Sampling 400 / 416
Sampling 410 / 416
=== [4/95] temp/E1_v5b/prompts/mel/004.mid
torch.Size([1, 800, 8])
Sampling 80 / 416
Sampling 90 / 416
Sampling 100 / 416
Sampling 110 / 416
Sampling 120 / 416
Sampling 130 / 416
Sampling 140 / 416
Sampling 150 / 416
Sampling 160 / 416
Sampling 170 / 416
Sampling 180 / 416
Sampling 190 / 416
Sampling 200 / 416
Sampling 210 / 416
Sampling 220 / 416
Sampling 230 / 416
Sampling 240 / 416
Sampling 250 / 416
Sampling 260 / 416
Sampling 270 / 416
Sampling 280 / 416
Sampling 290 / 416
Sampling 300 / 416
Sampling 310 / 416
Sampling 320 / 416
Sampling 330 / 416
Sampling 340 / 416
Sampling 350 / 416
Sampling 360 / 416
Sampling 370 / 416
Sampling 380 / 416
Sampling 390 / 416
Sampling 400 / 416
Sampling 410 / 416
=== [5/95] temp/E1_v5b/prompts/mel/005.mid
torch.Size([1, 1126, 8])
Sampling 80 / 416
Sampling 90 / 416
Sampling 100 / 416
Sampling 110 / 416
Sampling 120 / 416
Sampling 130 / 416
Sampling 140 / 416
Sampling 150 / 416
Sampling 160 / 416
Sampling 170 / 416
Sampling 180 / 416
Sampling 190 / 416
Sampling 200 / 416
Sampling 210 / 416
Sampling 220 / 416
Sampling 230 / 416
Sampling 240 / 416
Sampling 250 / 416
Sampling 260 / 416
Sampling 270 / 416
Sampling 280 / 416
Sampling 290 / 416
Sampling 300 / 416
Sampling 310 / 416
Sampling 320 / 416
Sampling 330 / 416
Sampling 340 / 416
Sampling 350 / 416
Sampling 360 / 416
Sampling 370 / 416
Sampling 380 / 416
Sampling 390 / 416
Sampling 400 / 416
Sampling 410 / 416
=== [6/95] temp/E1_v5b/prompts/mel/006.mid
torch.Size([1, 1753, 8])
Sampling 80 / 416
Sampling 90 / 416
Sampling 100 / 416
Sampling 110 / 416
Sampling 120 / 416
Sampling 130 / 416
Sampling 140 / 416
Sampling 150 / 416
Sampling 160 / 416
Sampling 170 / 416
Sampling 180 / 416
Sampling 190 / 416
Sampling 200 / 416
Sampling 210 / 416
Sampling 220 / 416
Sampling 230 / 416
Sampling 240 / 416
Sampling 250 / 416
Sampling 260 / 416
Sampling 270 / 416
Sampling 280 / 416
Sampling 290 / 416
Sampling 300 / 416
Sampling 310 / 416
Sampling 320 / 416
Sampling 330 / 416
Sampling 340 / 416
Sampling 350 / 416
Sampling 360 / 416
Sampling 370 / 416
Sampling 380 / 416
Sampling 390 / 416
Sampling 400 / 416
Sampling 410 / 416
=== [7/95] temp/E1_v5b/prompts/mel/016.mid
torch.Size([1, 1092, 8])
Sampling 80 / 416
Sampling 90 / 416
Sampling 100 / 416
Sampling 110 / 416
Sampling 120 / 416
Sampling 130 / 416
Sampling 140 / 416
Sampling 150 / 416
Sampling 160 / 416
Sampling 170 / 416
Sampling 180 / 416
Sampling 190 / 416
Sampling 200 / 416
Sampling 210 / 416
Sampling 220 / 416
Sampling 230 / 416
Sampling 240 / 416
Sampling 250 / 416
Sampling 260 / 416
Sampling 270 / 416
Sampling 280 / 416
Sampling 290 / 416
Sampling 300 / 416
Sampling 310 / 416
Sampling 320 / 416
Sampling 330 / 416
Sampling 340 / 416
Sampling 350 / 416
Sampling 360 / 416
Sampling 370 / 416
Sampling 380 / 416
Sampling 390 / 416
Sampling 400 / 416
Sampling 410 / 416
=== [8/95] temp/E1_v5b/prompts/mel/026.mid
torch.Size([1, 922, 8])
Sampling 80 / 416
Sampling 90 / 416
Sampling 100 / 416
Sampling 110 / 416
Sampling 120 / 416
Sampling 130 / 416
Sampling 140 / 416
Sampling 150 / 416
Sampling 160 / 416
Sampling 170 / 416
Sampling 180 / 416
Sampling 190 / 416
Sampling 200 / 416
Sampling 210 / 416
Sampling 220 / 416
Sampling 230 / 416
Sampling 240 / 416
Sampling 250 / 416
Sampling 260 / 416
Sampling 270 / 416
Sampling 280 / 416
Sampling 290 / 416
Sampling 300 / 416
Sampling 310 / 416
Sampling 320 / 416
Sampling 330 / 416
Sampling 340 / 416
Sampling 350 / 416
Sampling 360 / 416
Sampling 370 / 416
Sampling 380 / 416
Sampling 390 / 416
Sampling 400 / 416
Sampling 410 / 416
=== [9/95] temp/E1_v5b/prompts/mel/036.mid
torch.Size([1, 1366, 8])
Sampling 80 / 416
Sampling 90 / 416
Sampling 100 / 416
Sampling 110 / 416
Sampling 120 / 416
Sampling 130 / 416
Sampling 140 / 416
Sampling 150 / 416
Sampling 160 / 416
Sampling 170 / 416
Sampling 180 / 416
Sampling 190 / 416
Sampling 200 / 416
Sampling 210 / 416
Sampling 220 / 416
Sampling 230 / 416
Sampling 240 / 416
Sampling 250 / 416
Sampling 260 / 416
Sampling 270 / 416
Sampling 280 / 416
Sampling 290 / 416
Sampling 300 / 416
Sampling 310 / 416
Sampling 320 / 416
Sampling 330 / 416
Sampling 340 / 416
Sampling 350 / 416
Sampling 360 / 416
Sampling 370 / 416
Sampling 380 / 416
Sampling 390 / 416
Sampling 400 / 416
Sampling 410 / 416
=== [10/95] temp/E1_v5b/prompts/mel/046.mid
torch.Size([1, 1672, 8])
Sampling 80 / 416
Sampling 90 / 416
Sampling 100 / 416
Sampling 110 / 416
Sampling 120 / 416
Sampling 130 / 416
Sampling 140 / 416
Sampling 150 / 416
Sampling 160 / 416
Sampling 170 / 416
Sampling 180 / 416
Sampling 190 / 416
Sampling 200 / 416
Sampling 210 / 416
Sampling 220 / 416
Sampling 230 / 416
Sampling 240 / 416
Sampling 250 / 416
Sampling 260 / 416
Sampling 270 / 416
Sampling 280 / 416
Sampling 290 / 416
Sampling 300 / 416
Sampling 310 / 416
Sampling 320 / 416
Sampling 330 / 416
Sampling 340 / 416
Sampling 350 / 416
Sampling 360 / 416
Sampling 370 / 416
Sampling 380 / 416
Sampling 390 / 416
Sampling 400 / 416
Sampling 410 / 416
=== [11/95] temp/E1_v5b/prompts/mel/056.mid
torch.Size([1, 1356, 8])
Sampling 80 / 416
Sampling 90 / 416
Sampling 100 / 416
Sampling 110 / 416
Sampling 120 / 416
Sampling 130 / 416
Sampling 140 / 416
Sampling 150 / 416
Sampling 160 / 416
Sampling 170 / 416
Sampling 180 / 416
Sampling 190 / 416
Sampling 200 / 416
Sampling 210 / 416
Sampling 220 / 416
Sampling 230 / 416
Sampling 240 / 416
Sampling 250 / 416
Sampling 260 / 416
Sampling 270 / 416
Sampling 280 / 416
Sampling 290 / 416
Sampling 300 / 416
Sampling 310 / 416
Sampling 320 / 416
Sampling 330 / 416
Sampling 340 / 416
Sampling 350 / 416
Sampling 360 / 416
Sampling 370 / 416
Sampling 380 / 416
Sampling 390 / 416
Sampling 400 / 416
Sampling 410 / 416
=== [12/95] temp/E1_v5b/prompts/mel/066.mid
torch.Size([1, 1468, 8])
Sampling 80 / 416
Sampling 90 / 416
Sampling 100 / 416
Sampling 110 / 416
Sampling 120 / 416
Sampling 130 / 416
Sampling 140 / 416
Sampling 150 / 416
Sampling 160 / 416
Sampling 170 / 416
Sampling 180 / 416
Sampling 190 / 416
Sampling 200 / 416
Sampling 210 / 416
Sampling 220 / 416
Sampling 230 / 416
Sampling 240 / 416
Sampling 250 / 416
Sampling 260 / 416
Sampling 270 / 416
Sampling 280 / 416
Sampling 290 / 416
Sampling 300 / 416
Sampling 310 / 416
Sampling 320 / 416
Sampling 330 / 416
Sampling 340 / 416
Sampling 350 / 416
Sampling 360 / 416
Sampling 370 / 416
Sampling 380 / 416
Sampling 390 / 416
Sampling 400 / 416
Sampling 410 / 416
=== [13/95] temp/E1_v5b/prompts/mel/076.mid
torch.Size([1, 1438, 8])
Sampling 80 / 416
Sampling 90 / 416
Sampling 100 / 416
Sampling 110 / 416
Sampling 120 / 416
Sampling 130 / 416
Sampling 140 / 416
Sampling 150 / 416
Sampling 160 / 416
Sampling 170 / 416
Sampling 180 / 416
Sampling 190 / 416
Sampling 200 / 416
Sampling 210 / 416
Sampling 220 / 416
Sampling 230 / 416
Sampling 240 / 416
Sampling 250 / 416
Sampling 260 / 416
Sampling 270 / 416
Sampling 280 / 416
Sampling 290 / 416
Sampling 300 / 416
Sampling 310 / 416
Sampling 320 / 416
Sampling 330 / 416
Sampling 340 / 416
Sampling 350 / 416
Sampling 360 / 416
Sampling 370 / 416
Sampling 380 / 416
Sampling 390 / 416
Sampling 400 / 416
Sampling 410 / 416
=== [14/95] temp/E1_v5b/prompts/mel/086.mid
torch.Size([1, 933, 8])
Sampling 80 / 416
Sampling 90 / 416
Sampling 100 / 416
Sampling 110 / 416
Sampling 120 / 416
Sampling 130 / 416
Sampling 140 / 416
Sampling 150 / 416
Sampling 160 / 416
Sampling 170 / 416
Sampling 180 / 416
Sampling 190 / 416
Sampling 200 / 416
Sampling 210 / 416
Sampling 220 / 416
Sampling 230 / 416
Sampling 240 / 416
Sampling 250 / 416
Sampling 260 / 416
Sampling 270 / 416
Sampling 280 / 416
Sampling 290 / 416
Sampling 300 / 416
Sampling 310 / 416
Sampling 320 / 416
Sampling 330 / 416
Sampling 340 / 416
Sampling 350 / 416
Sampling 360 / 416
Sampling 370 / 416
Sampling 380 / 416
Sampling 390 / 416
Sampling 400 / 416
Sampling 410 / 416
=== [15/95] temp/E1_v5b/prompts/mel/096.mid
torch.Size([1, 1313, 8])
Sampling 80 / 416
Sampling 90 / 416
Sampling 100 / 416
Sampling 110 / 416
Sampling 120 / 416
Sampling 130 / 416
Sampling 140 / 416
Sampling 150 / 416
Sampling 160 / 416
Sampling 170 / 416
Sampling 180 / 416
Sampling 190 / 416
Sampling 200 / 416
Sampling 210 / 416
Sampling 220 / 416
Sampling 230 / 416
Sampling 240 / 416
Sampling 250 / 416
Sampling 260 / 416
Sampling 270 / 416
Sampling 280 / 416
Sampling 290 / 416
Sampling 300 / 416
Sampling 310 / 416
Sampling 320 / 416
Sampling 330 / 416
Sampling 340 / 416
Sampling 350 / 416
Sampling 360 / 416
Sampling 370 / 416
Sampling 380 / 416
Sampling 390 / 416
Sampling 400 / 416
Sampling 410 / 416
=== [16/95] temp/E1_v5b/prompts/mel/106.mid
torch.Size([1, 1242, 8])
Sampling 80 / 416
Sampling 90 / 416
Sampling 100 / 416
Sampling 110 / 416
Sampling 120 / 416
Sampling 130 / 416
Sampling 140 / 416
Sampling 150 / 416
Sampling 160 / 416
Sampling 170 / 416
Sampling 180 / 416
Sampling 190 / 416
Sampling 200 / 416
Sampling 210 / 416
Sampling 220 / 416
Sampling 230 / 416
Sampling 240 / 416
Sampling 250 / 416
Sampling 260 / 416
Sampling 270 / 416
Sampling 280 / 416
Sampling 290 / 416
Sampling 300 / 416
Sampling 310 / 416
Sampling 320 / 416
Sampling 330 / 416
Sampling 340 / 416
Sampling 350 / 416
Sampling 360 / 416
Sampling 370 / 416
Sampling 380 / 416
Sampling 390 / 416
Sampling 400 / 416
Sampling 410 / 416
=== [17/95] temp/E1_v5b/prompts/mel/116.mid
torch.Size([1, 789, 8])
Sampling 80 / 416
Sampling 90 / 416
Sampling 100 / 416
Sampling 110 / 416
Sampling 120 / 416
Sampling 130 / 416
Sampling 140 / 416
Sampling 150 / 416
Sampling 160 / 416
Sampling 170 / 416
Sampling 180 / 416
Sampling 190 / 416
Sampling 200 / 416
Sampling 210 / 416
Sampling 220 / 416
Sampling 230 / 416
Sampling 240 / 416
Sampling 250 / 416
Sampling 260 / 416
Sampling 270 / 416
Sampling 280 / 416
Sampling 290 / 416
Sampling 300 / 416
Sampling 310 / 416
Sampling 320 / 416
Sampling 330 / 416
Sampling 340 / 416
Sampling 350 / 416
Sampling 360 / 416
Sampling 370 / 416
Sampling 380 / 416
Sampling 390 / 416
Sampling 400 / 416
Sampling 410 / 416
=== [18/95] temp/E1_v5b/prompts/mel/126.mid
torch.Size([1, 1264, 8])
Sampling 80 / 416
Sampling 90 / 416
Sampling 100 / 416
Sampling 110 / 416
Sampling 120 / 416
Sampling 130 / 416
Sampling 140 / 416
Sampling 150 / 416
Sampling 160 / 416
Sampling 170 / 416
Sampling 180 / 416
Sampling 190 / 416
Sampling 200 / 416
Sampling 210 / 416
Sampling 220 / 416
Sampling 230 / 416
Sampling 240 / 416
Sampling 250 / 416
Sampling 260 / 416
Sampling 270 / 416
Sampling 280 / 416
Sampling 290 / 416
Sampling 300 / 416
Sampling 310 / 416
Sampling 320 / 416
Sampling 330 / 416
Sampling 340 / 416
Sampling 350 / 416
Sampling 360 / 416
Sampling 370 / 416
Sampling 380 / 416
Sampling 390 / 416
Sampling 400 / 416
Sampling 410 / 416
=== [19/95] temp/E1_v5b/prompts/mel/136.mid
torch.Size([1, 1051, 8])
Sampling 80 / 416
Sampling 90 / 416
Sampling 100 / 416
Sampling 110 / 416
Sampling 120 / 416
Sampling 130 / 416
Sampling 140 / 416
Sampling 150 / 416
Sampling 160 / 416
Sampling 170 / 416
Sampling 180 / 416
Sampling 190 / 416
Sampling 200 / 416
Sampling 210 / 416
Sampling 220 / 416
Sampling 230 / 416
Sampling 240 / 416
Sampling 250 / 416
Sampling 260 / 416
Sampling 270 / 416
Sampling 280 / 416
Sampling 290 / 416
Sampling 300 / 416
Sampling 310 / 416
Sampling 320 / 416
Sampling 330 / 416
Sampling 340 / 416
Sampling 350 / 416
Sampling 360 / 416
Sampling 370 / 416
Sampling 380 / 416
Sampling 390 / 416
Sampling 400 / 416
Sampling 410 / 416
=== [20/95] temp/E1_v5b/prompts/mel/146.mid
torch.Size([1, 1370, 8])
Sampling 80 / 416
Sampling 90 / 416
Sampling 100 / 416
Sampling 110 / 416
Sampling 120 / 416
Sampling 130 / 416
Sampling 140 / 416
Sampling 150 / 416
Sampling 160 / 416
Sampling 170 / 416
Sampling 180 / 416
Sampling 190 / 416
Sampling 200 / 416
Sampling 210 / 416
Sampling 220 / 416
Sampling 230 / 416
Sampling 240 / 416
Sampling 250 / 416
Sampling 260 / 416
Sampling 270 / 416
Sampling 280 / 416
Sampling 290 / 416
Sampling 300 / 416
Sampling 310 / 416
Sampling 320 / 416
Sampling 330 / 416
Sampling 340 / 416
Sampling 350 / 416
Sampling 360 / 416
Sampling 370 / 416
Sampling 380 / 416
Sampling 390 / 416
Sampling 400 / 416
Sampling 410 / 416
=== [21/95] temp/E1_v5b/prompts/mel/156.mid
torch.Size([1, 1547, 8])
Sampling 80 / 416
Sampling 90 / 416
Sampling 100 / 416
Sampling 110 / 416
Sampling 120 / 416
Sampling 130 / 416
Sampling 140 / 416
Sampling 150 / 416
Sampling 160 / 416
Sampling 170 / 416
Sampling 180 / 416
Sampling 190 / 416
Sampling 200 / 416
Sampling 210 / 416
Sampling 220 / 416
Sampling 230 / 416
Sampling 240 / 416
Sampling 250 / 416
Sampling 260 / 416
Sampling 270 / 416
Sampling 280 / 416
Sampling 290 / 416
Sampling 300 / 416
Sampling 310 / 416
Sampling 320 / 416
Sampling 330 / 416
Sampling 340 / 416
Sampling 350 / 416
Sampling 360 / 416
Sampling 370 / 416
Sampling 380 / 416
Sampling 390 / 416
Sampling 400 / 416
Sampling 410 / 416
=== [22/95] temp/E1_v5b/prompts/mel/166.mid
torch.Size([1, 1094, 8])
Sampling 80 / 416
Sampling 90 / 416
Sampling 100 / 416
Sampling 110 / 416
Sampling 120 / 416
Sampling 130 / 416
Sampling 140 / 416
Sampling 150 / 416
Sampling 160 / 416
Sampling 170 / 416
Sampling 180 / 416
Sampling 190 / 416
Sampling 200 / 416
Sampling 210 / 416
Sampling 220 / 416
Sampling 230 / 416
Sampling 240 / 416
Sampling 250 / 416
Sampling 260 / 416
Sampling 270 / 416
Sampling 280 / 416
Sampling 290 / 416
Sampling 300 / 416
Sampling 310 / 416
Sampling 320 / 416
Sampling 330 / 416
Sampling 340 / 416
Sampling 350 / 416
Sampling 360 / 416
Sampling 370 / 416
Sampling 380 / 416
Sampling 390 / 416
Sampling 400 / 416
Sampling 410 / 416
=== [23/95] temp/E1_v5b/prompts/mel/176.mid
torch.Size([1, 955, 8])
Sampling 80 / 416
Sampling 90 / 416
Sampling 100 / 416
Sampling 110 / 416
Sampling 120 / 416
Sampling 130 / 416
Sampling 140 / 416
Sampling 150 / 416
Sampling 160 / 416
Sampling 170 / 416
Sampling 180 / 416
Sampling 190 / 416
Sampling 200 / 416
Sampling 210 / 416
Sampling 220 / 416
Sampling 230 / 416
Sampling 240 / 416
Sampling 250 / 416
Sampling 260 / 416
Sampling 270 / 416
Sampling 280 / 416
Sampling 290 / 416
Sampling 300 / 416
Sampling 310 / 416
Sampling 320 / 416
Sampling 330 / 416
Sampling 340 / 416
Sampling 350 / 416
Sampling 360 / 416
Sampling 370 / 416
Sampling 380 / 416
Sampling 390 / 416
Sampling 400 / 416
Sampling 410 / 416
=== [24/95] temp/E1_v5b/prompts/mel/186.mid
torch.Size([1, 961, 8])
Sampling 80 / 416
Sampling 90 / 416
Sampling 100 / 416
Sampling 110 / 416
Sampling 120 / 416
Sampling 130 / 416
Sampling 140 / 416
Sampling 150 / 416
Sampling 160 / 416
Sampling 170 / 416
Sampling 180 / 416
Sampling 190 / 416
Sampling 200 / 416
Sampling 210 / 416
Sampling 220 / 416
Sampling 230 / 416
Sampling 240 / 416
Sampling 250 / 416
Sampling 260 / 416
Sampling 270 / 416
Sampling 280 / 416
Sampling 290 / 416
Sampling 300 / 416
Sampling 310 / 416
Sampling 320 / 416
Sampling 330 / 416
Sampling 340 / 416
Sampling 350 / 416
Sampling 360 / 416
Sampling 370 / 416
Sampling 380 / 416
Sampling 390 / 416
Sampling 400 / 416
Sampling 410 / 416
=== [25/95] temp/E1_v5b/prompts/mel/196.mid
torch.Size([1, 3016, 8])
Sampling 80 / 416
Sampling 90 / 416
Sampling 100 / 416
Sampling 110 / 416
Sampling 120 / 416
Sampling 130 / 416
Sampling 140 / 416
Sampling 150 / 416
Sampling 160 / 416
Sampling 170 / 416
Sampling 180 / 416
Sampling 190 / 416
Sampling 200 / 416
Sampling 210 / 416
Sampling 220 / 416
Sampling 230 / 416
Sampling 240 / 416
Sampling 250 / 416
Sampling 260 / 416
Sampling 270 / 416
Sampling 280 / 416
Sampling 290 / 416
Sampling 300 / 416
Sampling 310 / 416
Sampling 320 / 416
Sampling 330 / 416
Sampling 340 / 416
Sampling 350 / 416
Sampling 360 / 416
Sampling 370 / 416
Sampling 380 / 416
Sampling 390 / 416
Sampling 400 / 416
Sampling 410 / 416
=== [26/95] temp/E1_v5b/prompts/mel/206.mid
torch.Size([1, 1415, 8])
Sampling 80 / 416
Sampling 90 / 416
Sampling 100 / 416
Sampling 110 / 416
Sampling 120 / 416
Sampling 130 / 416
Sampling 140 / 416
Sampling 150 / 416
Sampling 160 / 416
Sampling 170 / 416
Sampling 180 / 416
Sampling 190 / 416
Sampling 200 / 416
Sampling 210 / 416
Sampling 220 / 416
Sampling 230 / 416
Sampling 240 / 416
Sampling 250 / 416
Sampling 260 / 416
Sampling 270 / 416
Sampling 280 / 416
Sampling 290 / 416
Sampling 300 / 416
Sampling 310 / 416
Sampling 320 / 416
Sampling 330 / 416
Sampling 340 / 416
Sampling 350 / 416
Sampling 360 / 416
Sampling 370 / 416
Sampling 380 / 416
Sampling 390 / 416
Sampling 400 / 416
Sampling 410 / 416
=== [27/95] temp/E1_v5b/prompts/mel/216.mid
torch.Size([1, 1734, 8])
Sampling 80 / 416
Sampling 90 / 416
Sampling 100 / 416
Sampling 110 / 416
Sampling 120 / 416
Sampling 130 / 416
Sampling 140 / 416
Sampling 150 / 416
Sampling 160 / 416
Sampling 170 / 416
Sampling 180 / 416
Sampling 190 / 416
Sampling 200 / 416
Sampling 210 / 416
Sampling 220 / 416
Sampling 230 / 416
Sampling 240 / 416
Sampling 250 / 416
Sampling 260 / 416
Sampling 270 / 416
Sampling 280 / 416
Sampling 290 / 416
Sampling 300 / 416
Sampling 310 / 416
Sampling 320 / 416
Sampling 330 / 416
Sampling 340 / 416
Sampling 350 / 416
Sampling 360 / 416
Sampling 370 / 416
Sampling 380 / 416
Sampling 390 / 416
Sampling 400 / 416
Sampling 410 / 416
=== [28/95] temp/E1_v5b/prompts/mel/226.mid
torch.Size([1, 1085, 8])
Sampling 80 / 416
Sampling 90 / 416
Sampling 100 / 416
Sampling 110 / 416
Sampling 120 / 416
Sampling 130 / 416
Sampling 140 / 416
Sampling 150 / 416
Sampling 160 / 416
Sampling 170 / 416
Sampling 180 / 416
Sampling 190 / 416
Sampling 200 / 416
Sampling 210 / 416
Sampling 220 / 416
Sampling 230 / 416
Sampling 240 / 416
Sampling 250 / 416
Sampling 260 / 416
Sampling 270 / 416
Sampling 280 / 416
Sampling 290 / 416
Sampling 300 / 416
Sampling 310 / 416
Sampling 320 / 416
Sampling 330 / 416
Sampling 340 / 416
Sampling 350 / 416
Sampling 360 / 416
Sampling 370 / 416
Sampling 380 / 416
Sampling 390 / 416
Sampling 400 / 416
Sampling 410 / 416
=== [29/95] temp/E1_v5b/prompts/mel/236.mid
torch.Size([1, 2081, 8])
Sampling 80 / 416
Sampling 90 / 416
Sampling 100 / 416
Sampling 110 / 416
Sampling 120 / 416
Sampling 130 / 416
Sampling 140 / 416
Sampling 150 / 416
Sampling 160 / 416
Sampling 170 / 416
Sampling 180 / 416
Sampling 190 / 416
Sampling 200 / 416
Sampling 210 / 416
Sampling 220 / 416
Sampling 230 / 416
Sampling 240 / 416
Sampling 250 / 416
Sampling 260 / 416
Sampling 270 / 416
Sampling 280 / 416
Sampling 290 / 416
Sampling 300 / 416
Sampling 310 / 416
Sampling 320 / 416
Sampling 330 / 416
Sampling 340 / 416
Sampling 350 / 416
Sampling 360 / 416
Sampling 370 / 416
Sampling 380 / 416
Sampling 390 / 416
Sampling 400 / 416
Sampling 410 / 416
=== [30/95] temp/E1_v5b/prompts/mel/246.mid
torch.Size([1, 1480, 8])
Sampling 80 / 416
Sampling 90 / 416
Sampling 100 / 416
Sampling 110 / 416
Sampling 120 / 416
Sampling 130 / 416
Sampling 140 / 416
Sampling 150 / 416
Sampling 160 / 416
Sampling 170 / 416
Sampling 180 / 416
Sampling 190 / 416
Sampling 200 / 416
Sampling 210 / 416
Sampling 220 / 416
Sampling 230 / 416
Sampling 240 / 416
Sampling 250 / 416
Sampling 260 / 416
Sampling 270 / 416
Sampling 280 / 416
Sampling 290 / 416
Sampling 300 / 416
Sampling 310 / 416
Sampling 320 / 416
Sampling 330 / 416
Sampling 340 / 416
Sampling 350 / 416
Sampling 360 / 416
Sampling 370 / 416
Sampling 380 / 416
Sampling 390 / 416
Sampling 400 / 416
Sampling 410 / 416
=== [31/95] temp/E1_v5b/prompts/mel/256.mid
torch.Size([1, 818, 8])
Sampling 80 / 416
Sampling 90 / 416
Sampling 100 / 416
Sampling 110 / 416
Sampling 120 / 416
Sampling 130 / 416
Sampling 140 / 416
Sampling 150 / 416
Sampling 160 / 416
Sampling 170 / 416
Sampling 180 / 416
Sampling 190 / 416
Sampling 200 / 416
Sampling 210 / 416
Sampling 220 / 416
Sampling 230 / 416
Sampling 240 / 416
Sampling 250 / 416
Sampling 260 / 416
Sampling 270 / 416
Sampling 280 / 416
Sampling 290 / 416
Sampling 300 / 416
Sampling 310 / 416
Sampling 320 / 416
Sampling 330 / 416
Sampling 340 / 416
Sampling 350 / 416
Sampling 360 / 416
Sampling 370 / 416
Sampling 380 / 416
Sampling 390 / 416
Sampling 400 / 416
Sampling 410 / 416
=== [32/95] temp/E1_v5b/prompts/mel/266.mid
torch.Size([1, 1416, 8])
Sampling 80 / 416
Sampling 90 / 416
Sampling 100 / 416
Sampling 110 / 416
Sampling 120 / 416
Sampling 130 / 416
Sampling 140 / 416
Sampling 150 / 416
Sampling 160 / 416
Sampling 170 / 416
Sampling 180 / 416
Sampling 190 / 416
Sampling 200 / 416
Sampling 210 / 416
Sampling 220 / 416
Sampling 230 / 416
Sampling 240 / 416
Sampling 250 / 416
Sampling 260 / 416
Sampling 270 / 416
Sampling 280 / 416
Sampling 290 / 416
Sampling 300 / 416
Sampling 310 / 416
Sampling 320 / 416
Sampling 330 / 416
Sampling 340 / 416
Sampling 350 / 416
Sampling 360 / 416
Sampling 370 / 416
Sampling 380 / 416
Sampling 390 / 416
Sampling 400 / 416
Sampling 410 / 416
=== [33/95] temp/E1_v5b/prompts/mel/276.mid
torch.Size([1, 907, 8])
Sampling 80 / 416
Sampling 90 / 416
Sampling 100 / 416
Sampling 110 / 416
Sampling 120 / 416
Sampling 130 / 416
Sampling 140 / 416
Sampling 150 / 416
Sampling 160 / 416
Sampling 170 / 416
Sampling 180 / 416
Sampling 190 / 416
Sampling 200 / 416
Sampling 210 / 416
Sampling 220 / 416
Sampling 230 / 416
Sampling 240 / 416
Sampling 250 / 416
Sampling 260 / 416
Sampling 270 / 416
Sampling 280 / 416
Sampling 290 / 416
Sampling 300 / 416
Sampling 310 / 416
Sampling 320 / 416
Sampling 330 / 416
Sampling 340 / 416
Sampling 350 / 416
Sampling 360 / 416
Sampling 370 / 416
Sampling 380 / 416
Sampling 390 / 416
Sampling 400 / 416
Sampling 410 / 416
=== [34/95] temp/E1_v5b/prompts/mel/286.mid
torch.Size([1, 880, 8])
Sampling 80 / 416
Sampling 90 / 416
Sampling 100 / 416
Sampling 110 / 416
Sampling 120 / 416
Sampling 130 / 416
Sampling 140 / 416
Sampling 150 / 416
Sampling 160 / 416
Sampling 170 / 416
Sampling 180 / 416
Sampling 190 / 416
Sampling 200 / 416
Sampling 210 / 416
Sampling 220 / 416
Sampling 230 / 416
Sampling 240 / 416
Sampling 250 / 416
Sampling 260 / 416
Sampling 270 / 416
Sampling 280 / 416
Sampling 290 / 416
Sampling 300 / 416
Sampling 310 / 416
Sampling 320 / 416
Sampling 330 / 416
Sampling 340 / 416
Sampling 350 / 416
Sampling 360 / 416
Sampling 370 / 416
Sampling 380 / 416
Sampling 390 / 416
Sampling 400 / 416
Sampling 410 / 416
=== [35/95] temp/E1_v5b/prompts/mel/296.mid
torch.Size([1, 742, 8])
Sampling 80 / 416
Sampling 90 / 416
Sampling 100 / 416
Sampling 110 / 416
Sampling 120 / 416
Sampling 130 / 416
Sampling 140 / 416
Sampling 150 / 416
Sampling 160 / 416
Sampling 170 / 416
Sampling 180 / 416
Sampling 190 / 416
Sampling 200 / 416
Sampling 210 / 416
Sampling 220 / 416
Sampling 230 / 416
Sampling 240 / 416
Sampling 250 / 416
Sampling 260 / 416
Sampling 270 / 416
Sampling 280 / 416
Sampling 290 / 416
Sampling 300 / 416
Sampling 310 / 416
Sampling 320 / 416
Sampling 330 / 416
Sampling 340 / 416
Sampling 350 / 416
Sampling 360 / 416
Sampling 370 / 416
Sampling 380 / 416
Sampling 390 / 416
Sampling 400 / 416
Sampling 410 / 416
=== [36/95] temp/E1_v5b/prompts/mel/306.mid
torch.Size([1, 1292, 8])
Sampling 80 / 416
Sampling 90 / 416
Sampling 100 / 416
Sampling 110 / 416
Sampling 120 / 416
Sampling 130 / 416
Sampling 140 / 416
Sampling 150 / 416
Sampling 160 / 416
Sampling 170 / 416
Sampling 180 / 416
Sampling 190 / 416
Sampling 200 / 416
Sampling 210 / 416
Sampling 220 / 416
Sampling 230 / 416
Sampling 240 / 416
Sampling 250 / 416
Sampling 260 / 416
Sampling 270 / 416
Sampling 280 / 416
Sampling 290 / 416
Sampling 300 / 416
Sampling 310 / 416
Sampling 320 / 416
Sampling 330 / 416
Sampling 340 / 416
Sampling 350 / 416
Sampling 360 / 416
Sampling 370 / 416
Sampling 380 / 416
Sampling 390 / 416
Sampling 400 / 416
Sampling 410 / 416
=== [37/95] temp/E1_v5b/prompts/mel/316.mid
torch.Size([1, 1067, 8])
Sampling 80 / 416
Sampling 90 / 416
Sampling 100 / 416
Sampling 110 / 416
Sampling 120 / 416
Sampling 130 / 416
Sampling 140 / 416
Sampling 150 / 416
Sampling 160 / 416
Sampling 170 / 416
Sampling 180 / 416
Sampling 190 / 416
Sampling 200 / 416
Sampling 210 / 416
Sampling 220 / 416
Sampling 230 / 416
Sampling 240 / 416
Sampling 250 / 416
Sampling 260 / 416
Sampling 270 / 416
Sampling 280 / 416
Sampling 290 / 416
Sampling 300 / 416
Sampling 310 / 416
Sampling 320 / 416
Sampling 330 / 416
Sampling 340 / 416
Sampling 350 / 416
Sampling 360 / 416
Sampling 370 / 416
Sampling 380 / 416
Sampling 390 / 416
Sampling 400 / 416
Sampling 410 / 416
=== [38/95] temp/E1_v5b/prompts/mel/336.mid
torch.Size([1, 1563, 8])
Sampling 80 / 416
Sampling 90 / 416
Sampling 100 / 416
Sampling 110 / 416
Sampling 120 / 416
Sampling 130 / 416
Sampling 140 / 416
Sampling 150 / 416
Sampling 160 / 416
Sampling 170 / 416
Sampling 180 / 416
Sampling 190 / 416
Sampling 200 / 416
Sampling 210 / 416
Sampling 220 / 416
Sampling 230 / 416
Sampling 240 / 416
Sampling 250 / 416
Sampling 260 / 416
Sampling 270 / 416
Sampling 280 / 416
Sampling 290 / 416
Sampling 300 / 416
Sampling 310 / 416
Sampling 320 / 416
Sampling 330 / 416
Sampling 340 / 416
Sampling 350 / 416
Sampling 360 / 416
Sampling 370 / 416
Sampling 380 / 416
Sampling 390 / 416
Sampling 400 / 416
Sampling 410 / 416
=== [39/95] temp/E1_v5b/prompts/mel/346.mid
torch.Size([1, 1624, 8])
Sampling 80 / 416
Sampling 90 / 416
Sampling 100 / 416
Sampling 110 / 416
Sampling 120 / 416
Sampling 130 / 416
Sampling 140 / 416
Sampling 150 / 416
Sampling 160 / 416
Sampling 170 / 416
Sampling 180 / 416
Sampling 190 / 416
Sampling 200 / 416
Sampling 210 / 416
Sampling 220 / 416
Sampling 230 / 416
Sampling 240 / 416
Sampling 250 / 416
Sampling 260 / 416
Sampling 270 / 416
Sampling 280 / 416
Sampling 290 / 416
Sampling 300 / 416
Sampling 310 / 416
Sampling 320 / 416
Sampling 330 / 416
Sampling 340 / 416
Sampling 350 / 416
Sampling 360 / 416
Sampling 370 / 416
Sampling 380 / 416
Sampling 390 / 416
Sampling 400 / 416
Sampling 410 / 416
=== [40/95] temp/E1_v5b/prompts/mel/356.mid
torch.Size([1, 1025, 8])
Sampling 80 / 416
Sampling 90 / 416
Sampling 100 / 416
Sampling 110 / 416
Sampling 120 / 416
Sampling 130 / 416
Sampling 140 / 416
Sampling 150 / 416
Sampling 160 / 416
Sampling 170 / 416
Sampling 180 / 416
Sampling 190 / 416
Sampling 200 / 416
Sampling 210 / 416
Sampling 220 / 416
Sampling 230 / 416
Sampling 240 / 416
Sampling 250 / 416
Sampling 260 / 416
Sampling 270 / 416
Sampling 280 / 416
Sampling 290 / 416
Sampling 300 / 416
Sampling 310 / 416
Sampling 320 / 416
Sampling 330 / 416
Sampling 340 / 416
Sampling 350 / 416
Sampling 360 / 416
Sampling 370 / 416
Sampling 380 / 416
Sampling 390 / 416
Sampling 400 / 416
Sampling 410 / 416
=== [41/95] temp/E1_v5b/prompts/mel/366.mid
torch.Size([1, 1440, 8])
Sampling 80 / 416
Sampling 90 / 416
Sampling 100 / 416
Sampling 110 / 416
Sampling 120 / 416
Sampling 130 / 416
Sampling 140 / 416
Sampling 150 / 416
Sampling 160 / 416
Sampling 170 / 416
Sampling 180 / 416
Sampling 190 / 416
Sampling 200 / 416
Sampling 210 / 416
Sampling 220 / 416
Sampling 230 / 416
Sampling 240 / 416
Sampling 250 / 416
Sampling 260 / 416
Sampling 270 / 416
Sampling 280 / 416
Sampling 290 / 416
Sampling 300 / 416
Sampling 310 / 416
Sampling 320 / 416
Sampling 330 / 416
Sampling 340 / 416
Sampling 350 / 416
Sampling 360 / 416
Sampling 370 / 416
Sampling 380 / 416
Sampling 390 / 416
Sampling 400 / 416
Sampling 410 / 416
=== [42/95] temp/E1_v5b/prompts/mel/376.mid
torch.Size([1, 858, 8])
Sampling 80 / 416
Sampling 90 / 416
Sampling 100 / 416
Sampling 110 / 416
Sampling 120 / 416
Sampling 130 / 416
Sampling 140 / 416
Sampling 150 / 416
Sampling 160 / 416
Sampling 170 / 416
Sampling 180 / 416
Sampling 190 / 416
Sampling 200 / 416
Sampling 210 / 416
Sampling 220 / 416
Sampling 230 / 416
Sampling 240 / 416
Sampling 250 / 416
Sampling 260 / 416
Sampling 270 / 416
Sampling 280 / 416
Sampling 290 / 416
Sampling 300 / 416
Sampling 310 / 416
Sampling 320 / 416
Sampling 330 / 416
Sampling 340 / 416
Sampling 350 / 416
Sampling 360 / 416
Sampling 370 / 416
Sampling 380 / 416
Sampling 390 / 416
Sampling 400 / 416
Sampling 410 / 416
=== [43/95] temp/E1_v5b/prompts/mel/386.mid
torch.Size([1, 2095, 8])
Sampling 80 / 416
Sampling 90 / 416
Sampling 100 / 416
Sampling 110 / 416
Sampling 120 / 416
Sampling 130 / 416
Sampling 140 / 416
Sampling 150 / 416
Sampling 160 / 416
Sampling 170 / 416
Sampling 180 / 416
Sampling 190 / 416
Sampling 200 / 416
Sampling 210 / 416
Sampling 220 / 416
Sampling 230 / 416
Sampling 240 / 416
Sampling 250 / 416
Sampling 260 / 416
Sampling 270 / 416
Sampling 280 / 416
Sampling 290 / 416
Sampling 300 / 416
Sampling 310 / 416
Sampling 320 / 416
Sampling 330 / 416
Sampling 340 / 416
Sampling 350 / 416
Sampling 360 / 416
Sampling 370 / 416
Sampling 380 / 416
Sampling 390 / 416
Sampling 400 / 416
Sampling 410 / 416
=== [44/95] temp/E1_v5b/prompts/mel/396.mid
torch.Size([1, 1168, 8])
Sampling 80 / 416
Sampling 90 / 416
Sampling 100 / 416
Sampling 110 / 416
Sampling 120 / 416
Sampling 130 / 416
Sampling 140 / 416
Sampling 150 / 416
Sampling 160 / 416
Sampling 170 / 416
Sampling 180 / 416
Sampling 190 / 416
Sampling 200 / 416
Sampling 210 / 416
Sampling 220 / 416
Sampling 230 / 416
Sampling 240 / 416
Sampling 250 / 416
Sampling 260 / 416
Sampling 270 / 416
Sampling 280 / 416
Sampling 290 / 416
Sampling 300 / 416
Sampling 310 / 416
Sampling 320 / 416
Sampling 330 / 416
Sampling 340 / 416
Sampling 350 / 416
Sampling 360 / 416
Sampling 370 / 416
Sampling 380 / 416
Sampling 390 / 416
Sampling 400 / 416
Sampling 410 / 416
=== [45/95] temp/E1_v5b/prompts/mel/406.mid
torch.Size([1, 1310, 8])
Sampling 80 / 416
Sampling 90 / 416
Sampling 100 / 416
Sampling 110 / 416
Sampling 120 / 416
Sampling 130 / 416
Sampling 140 / 416
Sampling 150 / 416
Sampling 160 / 416
Sampling 170 / 416
Sampling 180 / 416
Sampling 190 / 416
Sampling 200 / 416
Sampling 210 / 416
Sampling 220 / 416
Sampling 230 / 416
Sampling 240 / 416
Sampling 250 / 416
Sampling 260 / 416
Sampling 270 / 416
Sampling 280 / 416
Sampling 290 / 416
Sampling 300 / 416
Sampling 310 / 416
Sampling 320 / 416
Sampling 330 / 416
Sampling 340 / 416
Sampling 350 / 416
Sampling 360 / 416
Sampling 370 / 416
Sampling 380 / 416
Sampling 390 / 416
Sampling 400 / 416
Sampling 410 / 416
=== [46/95] temp/E1_v5b/prompts/mel/416.mid
torch.Size([1, 1135, 8])
Sampling 80 / 416
Sampling 90 / 416
Sampling 100 / 416
Sampling 110 / 416
Sampling 120 / 416
Sampling 130 / 416
Sampling 140 / 416
Sampling 150 / 416
Sampling 160 / 416
Sampling 170 / 416
Sampling 180 / 416
Sampling 190 / 416
Sampling 200 / 416
Sampling 210 / 416
Sampling 220 / 416
Sampling 230 / 416
Sampling 240 / 416
Sampling 250 / 416
Sampling 260 / 416
Sampling 270 / 416
Sampling 280 / 416
Sampling 290 / 416
Sampling 300 / 416
Sampling 310 / 416
Sampling 320 / 416
Sampling 330 / 416
Sampling 340 / 416
Sampling 350 / 416
Sampling 360 / 416
Sampling 370 / 416
Sampling 380 / 416
Sampling 390 / 416
Sampling 400 / 416
Sampling 410 / 416
=== [47/95] temp/E1_v5b/prompts/mel/426.mid
torch.Size([1, 1075, 8])
Sampling 80 / 416
Sampling 90 / 416
Sampling 100 / 416
Sampling 110 / 416
Sampling 120 / 416
Sampling 130 / 416
Sampling 140 / 416
Sampling 150 / 416
Sampling 160 / 416
Sampling 170 / 416
Sampling 180 / 416
Sampling 190 / 416
Sampling 200 / 416
Sampling 210 / 416
Sampling 220 / 416
Sampling 230 / 416
Sampling 240 / 416
Sampling 250 / 416
Sampling 260 / 416
Sampling 270 / 416
Sampling 280 / 416
Sampling 290 / 416
Sampling 300 / 416
Sampling 310 / 416
Sampling 320 / 416
Sampling 330 / 416
Sampling 340 / 416
Sampling 350 / 416
Sampling 360 / 416
Sampling 370 / 416
Sampling 380 / 416
Sampling 390 / 416
Sampling 400 / 416
Sampling 410 / 416
=== [48/95] temp/E1_v5b/prompts/mel/436.mid
torch.Size([1, 1147, 8])
Sampling 80 / 416
Sampling 90 / 416
Sampling 100 / 416
Sampling 110 / 416
Sampling 120 / 416
Sampling 130 / 416
Sampling 140 / 416
Sampling 150 / 416
Sampling 160 / 416
Sampling 170 / 416
Sampling 180 / 416
Sampling 190 / 416
Sampling 200 / 416
Sampling 210 / 416
Sampling 220 / 416
Sampling 230 / 416
Sampling 240 / 416
Sampling 250 / 416
Sampling 260 / 416
Sampling 270 / 416
Sampling 280 / 416
Sampling 290 / 416
Sampling 300 / 416
Sampling 310 / 416
Sampling 320 / 416
Sampling 330 / 416
Sampling 340 / 416
Sampling 350 / 416
Sampling 360 / 416
Sampling 370 / 416
Sampling 380 / 416
Sampling 390 / 416
Sampling 400 / 416
Sampling 410 / 416
=== [49/95] temp/E1_v5b/prompts/mel/446.mid
torch.Size([1, 1081, 8])
Sampling 80 / 416
Sampling 90 / 416
Sampling 100 / 416
Sampling 110 / 416
Sampling 120 / 416
Sampling 130 / 416
Sampling 140 / 416
Sampling 150 / 416
Sampling 160 / 416
Sampling 170 / 416
Sampling 180 / 416
Sampling 190 / 416
Sampling 200 / 416
Sampling 210 / 416
Sampling 220 / 416
Sampling 230 / 416
Sampling 240 / 416
Sampling 250 / 416
Sampling 260 / 416
Sampling 270 / 416
Sampling 280 / 416
Sampling 290 / 416
Sampling 300 / 416
Sampling 310 / 416
Sampling 320 / 416
Sampling 330 / 416
Sampling 340 / 416
Sampling 350 / 416
Sampling 360 / 416
Sampling 370 / 416
Sampling 380 / 416
Sampling 390 / 416
Sampling 400 / 416
Sampling 410 / 416
=== [50/95] temp/E1_v5b/prompts/mel/456.mid
torch.Size([1, 1038, 8])
Sampling 80 / 416
Sampling 90 / 416
Sampling 100 / 416
Sampling 110 / 416
Sampling 120 / 416
Sampling 130 / 416
Sampling 140 / 416
Sampling 150 / 416
Sampling 160 / 416
Sampling 170 / 416
Sampling 180 / 416
Sampling 190 / 416
Sampling 200 / 416
Sampling 210 / 416
Sampling 220 / 416
Sampling 230 / 416
Sampling 240 / 416
Sampling 250 / 416
Sampling 260 / 416
Sampling 270 / 416
Sampling 280 / 416
Sampling 290 / 416
Sampling 300 / 416
Sampling 310 / 416
Sampling 320 / 416
Sampling 330 / 416
Sampling 340 / 416
Sampling 350 / 416
Sampling 360 / 416
Sampling 370 / 416
Sampling 380 / 416
Sampling 390 / 416
Sampling 400 / 416
Sampling 410 / 416
=== [51/95] temp/E1_v5b/prompts/mel/466.mid
torch.Size([1, 1000, 8])
Sampling 80 / 416
Sampling 90 / 416
Sampling 100 / 416
Sampling 110 / 416
Sampling 120 / 416
Sampling 130 / 416
Sampling 140 / 416
Sampling 150 / 416
Sampling 160 / 416
Sampling 170 / 416
Sampling 180 / 416
Sampling 190 / 416
Sampling 200 / 416
Sampling 210 / 416
Sampling 220 / 416
Sampling 230 / 416
Sampling 240 / 416
Sampling 250 / 416
Sampling 260 / 416
Sampling 270 / 416
Sampling 280 / 416
Sampling 290 / 416
Sampling 300 / 416
Sampling 310 / 416
Sampling 320 / 416
Sampling 330 / 416
Sampling 340 / 416
Sampling 350 / 416
Sampling 360 / 416
Sampling 370 / 416
Sampling 380 / 416
Sampling 390 / 416
Sampling 400 / 416
Sampling 410 / 416
=== [52/95] temp/E1_v5b/prompts/mel/476.mid
torch.Size([1, 825, 8])
Sampling 80 / 416
Sampling 90 / 416
Sampling 100 / 416
Sampling 110 / 416
Sampling 120 / 416
Sampling 130 / 416
Sampling 140 / 416
Sampling 150 / 416
Sampling 160 / 416
Sampling 170 / 416
Sampling 180 / 416
Sampling 190 / 416
Sampling 200 / 416
Sampling 210 / 416
Sampling 220 / 416
Sampling 230 / 416
Sampling 240 / 416
Sampling 250 / 416
Sampling 260 / 416
Sampling 270 / 416
Sampling 280 / 416
Sampling 290 / 416
Sampling 300 / 416
Sampling 310 / 416
Sampling 320 / 416
Sampling 330 / 416
Sampling 340 / 416
Sampling 350 / 416
Sampling 360 / 416
Sampling 370 / 416
Sampling 380 / 416
Sampling 390 / 416
Sampling 400 / 416
Sampling 410 / 416
=== [53/95] temp/E1_v5b/prompts/mel/486.mid
torch.Size([1, 1351, 8])
Sampling 80 / 416
Sampling 90 / 416
Sampling 100 / 416
Sampling 110 / 416
Sampling 120 / 416
Sampling 130 / 416
Sampling 140 / 416
Sampling 150 / 416
Sampling 160 / 416
Sampling 170 / 416
Sampling 180 / 416
Sampling 190 / 416
Sampling 200 / 416
Sampling 210 / 416
Sampling 220 / 416
Sampling 230 / 416
Sampling 240 / 416
Sampling 250 / 416
Sampling 260 / 416
Sampling 270 / 416
Sampling 280 / 416
Sampling 290 / 416
Sampling 300 / 416
Sampling 310 / 416
Sampling 320 / 416
Sampling 330 / 416
Sampling 340 / 416
Sampling 350 / 416
Sampling 360 / 416
Sampling 370 / 416
Sampling 380 / 416
Sampling 390 / 416
Sampling 400 / 416
Sampling 410 / 416
=== [54/95] temp/E1_v5b/prompts/mel/496.mid
torch.Size([1, 1206, 8])
Sampling 80 / 416
Sampling 90 / 416
Sampling 100 / 416
Sampling 110 / 416
Sampling 120 / 416
Sampling 130 / 416
Sampling 140 / 416
Sampling 150 / 416
Sampling 160 / 416
Sampling 170 / 416
Sampling 180 / 416
Sampling 190 / 416
Sampling 200 / 416
Sampling 210 / 416
Sampling 220 / 416
Sampling 230 / 416
Sampling 240 / 416
Sampling 250 / 416
Sampling 260 / 416
Sampling 270 / 416
Sampling 280 / 416
Sampling 290 / 416
Sampling 300 / 416
Sampling 310 / 416
Sampling 320 / 416
Sampling 330 / 416
Sampling 340 / 416
Sampling 350 / 416
Sampling 360 / 416
Sampling 370 / 416
Sampling 380 / 416
Sampling 390 / 416
Sampling 400 / 416
Sampling 410 / 416
=== [55/95] temp/E1_v5b/prompts/mel/506.mid
torch.Size([1, 1144, 8])
Sampling 80 / 416
Sampling 90 / 416
Sampling 100 / 416
Sampling 110 / 416
Sampling 120 / 416
Sampling 130 / 416
Sampling 140 / 416
Sampling 150 / 416
Sampling 160 / 416
Sampling 170 / 416
Sampling 180 / 416
Sampling 190 / 416
Sampling 200 / 416
Sampling 210 / 416
Sampling 220 / 416
Sampling 230 / 416
Sampling 240 / 416
Sampling 250 / 416
Sampling 260 / 416
Sampling 270 / 416
Sampling 280 / 416
Sampling 290 / 416
Sampling 300 / 416
Sampling 310 / 416
Sampling 320 / 416
Sampling 330 / 416
Sampling 340 / 416
Sampling 350 / 416
Sampling 360 / 416
Sampling 370 / 416
Sampling 380 / 416
Sampling 390 / 416
Sampling 400 / 416
Sampling 410 / 416
=== [56/95] temp/E1_v5b/prompts/mel/516.mid
torch.Size([1, 984, 8])
Sampling 80 / 416
Sampling 90 / 416
Sampling 100 / 416
Sampling 110 / 416
Sampling 120 / 416
Sampling 130 / 416
Sampling 140 / 416
Sampling 150 / 416
Sampling 160 / 416
Sampling 170 / 416
Sampling 180 / 416
Sampling 190 / 416
Sampling 200 / 416
Sampling 210 / 416
Sampling 220 / 416
Sampling 230 / 416
Sampling 240 / 416
Sampling 250 / 416
Sampling 260 / 416
Sampling 270 / 416
Sampling 280 / 416
Sampling 290 / 416
Sampling 300 / 416
Sampling 310 / 416
Sampling 320 / 416
Sampling 330 / 416
Sampling 340 / 416
Sampling 350 / 416
Sampling 360 / 416
Sampling 370 / 416
Sampling 380 / 416
Sampling 390 / 416
Sampling 400 / 416
Sampling 410 / 416
=== [57/95] temp/E1_v5b/prompts/mel/526.mid
torch.Size([1, 988, 8])
Sampling 80 / 416
Sampling 90 / 416
Sampling 100 / 416
Sampling 110 / 416
Sampling 120 / 416
Sampling 130 / 416
Sampling 140 / 416
Sampling 150 / 416
Sampling 160 / 416
Sampling 170 / 416
Sampling 180 / 416
Sampling 190 / 416
Sampling 200 / 416
Sampling 210 / 416
Sampling 220 / 416
Sampling 230 / 416
Sampling 240 / 416
Sampling 250 / 416
Sampling 260 / 416
Sampling 270 / 416
Sampling 280 / 416
Sampling 290 / 416
Sampling 300 / 416
Sampling 310 / 416
Sampling 320 / 416
Sampling 330 / 416
Sampling 340 / 416
Sampling 350 / 416
Sampling 360 / 416
Sampling 370 / 416
Sampling 380 / 416
Sampling 390 / 416
Sampling 400 / 416
Sampling 410 / 416
=== [58/95] temp/E1_v5b/prompts/mel/536.mid
torch.Size([1, 1035, 8])
Sampling 80 / 416
Sampling 90 / 416
Sampling 100 / 416
Sampling 110 / 416
Sampling 120 / 416
Sampling 130 / 416
Sampling 140 / 416
Sampling 150 / 416
Sampling 160 / 416
Sampling 170 / 416
Sampling 180 / 416
Sampling 190 / 416
Sampling 200 / 416
Sampling 210 / 416
Sampling 220 / 416
Sampling 230 / 416
Sampling 240 / 416
Sampling 250 / 416
Sampling 260 / 416
Sampling 270 / 416
Sampling 280 / 416
Sampling 290 / 416
Sampling 300 / 416
Sampling 310 / 416
Sampling 320 / 416
Sampling 330 / 416
Sampling 340 / 416
Sampling 350 / 416
Sampling 360 / 416
Sampling 370 / 416
Sampling 380 / 416
Sampling 390 / 416
Sampling 400 / 416
Sampling 410 / 416
=== [59/95] temp/E1_v5b/prompts/mel/546.mid
torch.Size([1, 815, 8])
Sampling 80 / 416
Sampling 90 / 416
Sampling 100 / 416
Sampling 110 / 416
Sampling 120 / 416
Sampling 130 / 416
Sampling 140 / 416
Sampling 150 / 416
Sampling 160 / 416
Sampling 170 / 416
Sampling 180 / 416
Sampling 190 / 416
Sampling 200 / 416
Sampling 210 / 416
Sampling 220 / 416
Sampling 230 / 416
Sampling 240 / 416
Sampling 250 / 416
Sampling 260 / 416
Sampling 270 / 416
Sampling 280 / 416
Sampling 290 / 416
Sampling 300 / 416
Sampling 310 / 416
Sampling 320 / 416
Sampling 330 / 416
Sampling 340 / 416
Sampling 350 / 416
Sampling 360 / 416
Sampling 370 / 416
Sampling 380 / 416
Sampling 390 / 416
Sampling 400 / 416
Sampling 410 / 416
=== [60/95] temp/E1_v5b/prompts/mel/556.mid
torch.Size([1, 1761, 8])
Sampling 80 / 416
Sampling 90 / 416
Sampling 100 / 416
Sampling 110 / 416
Sampling 120 / 416
Sampling 130 / 416
Sampling 140 / 416
Sampling 150 / 416
Sampling 160 / 416
Sampling 170 / 416
Sampling 180 / 416
Sampling 190 / 416
Sampling 200 / 416
Sampling 210 / 416
Sampling 220 / 416
Sampling 230 / 416
Sampling 240 / 416
Sampling 250 / 416
Sampling 260 / 416
Sampling 270 / 416
Sampling 280 / 416
Sampling 290 / 416
Sampling 300 / 416
Sampling 310 / 416
Sampling 320 / 416
Sampling 330 / 416
Sampling 340 / 416
Sampling 350 / 416
Sampling 360 / 416
Sampling 370 / 416
Sampling 380 / 416
Sampling 390 / 416
Sampling 400 / 416
Sampling 410 / 416
=== [61/95] temp/E1_v5b/prompts/mel/566.mid
torch.Size([1, 1385, 8])
Sampling 80 / 416
Sampling 90 / 416
Sampling 100 / 416
Sampling 110 / 416
Sampling 120 / 416
Sampling 130 / 416
Sampling 140 / 416
Sampling 150 / 416
Sampling 160 / 416
Sampling 170 / 416
Sampling 180 / 416
Sampling 190 / 416
Sampling 200 / 416
Sampling 210 / 416
Sampling 220 / 416
Sampling 230 / 416
Sampling 240 / 416
Sampling 250 / 416
Sampling 260 / 416
Sampling 270 / 416
Sampling 280 / 416
Sampling 290 / 416
Sampling 300 / 416
Sampling 310 / 416
Sampling 320 / 416
Sampling 330 / 416
Sampling 340 / 416
Sampling 350 / 416
Sampling 360 / 416
Sampling 370 / 416
Sampling 380 / 416
Sampling 390 / 416
Sampling 400 / 416
Sampling 410 / 416
=== [62/95] temp/E1_v5b/prompts/mel/576.mid
torch.Size([1, 940, 8])
Sampling 80 / 416
Sampling 90 / 416
Sampling 100 / 416
Sampling 110 / 416
Sampling 120 / 416
Sampling 130 / 416
Sampling 140 / 416
Sampling 150 / 416
Sampling 160 / 416
Sampling 170 / 416
Sampling 180 / 416
Sampling 190 / 416
Sampling 200 / 416
Sampling 210 / 416
Sampling 220 / 416
Sampling 230 / 416
Sampling 240 / 416
Sampling 250 / 416
Sampling 260 / 416
Sampling 270 / 416
Sampling 280 / 416
Sampling 290 / 416
Sampling 300 / 416
Sampling 310 / 416
Sampling 320 / 416
Sampling 330 / 416
Sampling 340 / 416
Sampling 350 / 416
Sampling 360 / 416
Sampling 370 / 416
Sampling 380 / 416
Sampling 390 / 416
Sampling 400 / 416
Sampling 410 / 416
=== [63/95] temp/E1_v5b/prompts/mel/586.mid
torch.Size([1, 1143, 8])
Sampling 80 / 416
Sampling 90 / 416
Sampling 100 / 416
Sampling 110 / 416
Sampling 120 / 416
Sampling 130 / 416
Sampling 140 / 416
Sampling 150 / 416
Sampling 160 / 416
Sampling 170 / 416
Sampling 180 / 416
Sampling 190 / 416
Sampling 200 / 416
Sampling 210 / 416
Sampling 220 / 416
Sampling 230 / 416
Sampling 240 / 416
Sampling 250 / 416
Sampling 260 / 416
Sampling 270 / 416
Sampling 280 / 416
Sampling 290 / 416
Sampling 300 / 416
Sampling 310 / 416
Sampling 320 / 416
Sampling 330 / 416
Sampling 340 / 416
Sampling 350 / 416
Sampling 360 / 416
Sampling 370 / 416
Sampling 380 / 416
Sampling 390 / 416
Sampling 400 / 416
Sampling 410 / 416
=== [64/95] temp/E1_v5b/prompts/mel/596.mid
torch.Size([1, 1696, 8])
Sampling 80 / 416
Sampling 90 / 416
Sampling 100 / 416
Sampling 110 / 416
Sampling 120 / 416
Sampling 130 / 416
Sampling 140 / 416
Sampling 150 / 416
Sampling 160 / 416
Sampling 170 / 416
Sampling 180 / 416
Sampling 190 / 416
Sampling 200 / 416
Sampling 210 / 416
Sampling 220 / 416
Sampling 230 / 416
Sampling 240 / 416
Sampling 250 / 416
Sampling 260 / 416
Sampling 270 / 416
Sampling 280 / 416
Sampling 290 / 416
Sampling 300 / 416
Sampling 310 / 416
Sampling 320 / 416
Sampling 330 / 416
Sampling 340 / 416
Sampling 350 / 416
Sampling 360 / 416
Sampling 370 / 416
Sampling 380 / 416
Sampling 390 / 416
Sampling 400 / 416
Sampling 410 / 416
=== [65/95] temp/E1_v5b/prompts/mel/606.mid
torch.Size([1, 950, 8])
Sampling 80 / 416
Sampling 90 / 416
Sampling 100 / 416
Sampling 110 / 416
Sampling 120 / 416
Sampling 130 / 416
Sampling 140 / 416
Sampling 150 / 416
Sampling 160 / 416
Sampling 170 / 416
Sampling 180 / 416
Sampling 190 / 416
Sampling 200 / 416
Sampling 210 / 416
Sampling 220 / 416
Sampling 230 / 416
Sampling 240 / 416
Sampling 250 / 416
Sampling 260 / 416
Sampling 270 / 416
Sampling 280 / 416
Sampling 290 / 416
Sampling 300 / 416
Sampling 310 / 416
Sampling 320 / 416
Sampling 330 / 416
Sampling 340 / 416
Sampling 350 / 416
Sampling 360 / 416
Sampling 370 / 416
Sampling 380 / 416
Sampling 390 / 416
Sampling 400 / 416
Sampling 410 / 416
=== [66/95] temp/E1_v5b/prompts/mel/616.mid
torch.Size([1, 710, 8])
Sampling 80 / 416
Sampling 90 / 416
Sampling 100 / 416
Sampling 110 / 416
Sampling 120 / 416
Sampling 130 / 416
Sampling 140 / 416
Sampling 150 / 416
Sampling 160 / 416
Sampling 170 / 416
Sampling 180 / 416
Sampling 190 / 416
Sampling 200 / 416
Sampling 210 / 416
Sampling 220 / 416
Sampling 230 / 416
Sampling 240 / 416
Sampling 250 / 416
Sampling 260 / 416
Sampling 270 / 416
Sampling 280 / 416
Sampling 290 / 416
Sampling 300 / 416
Sampling 310 / 416
Sampling 320 / 416
Sampling 330 / 416
Sampling 340 / 416
Sampling 350 / 416
Sampling 360 / 416
Sampling 370 / 416
Sampling 380 / 416
Sampling 390 / 416
Sampling 400 / 416
Sampling 410 / 416
=== [67/95] temp/E1_v5b/prompts/mel/626.mid
torch.Size([1, 895, 8])
Sampling 80 / 416
Sampling 90 / 416
Sampling 100 / 416
Sampling 110 / 416
Sampling 120 / 416
Sampling 130 / 416
Sampling 140 / 416
Sampling 150 / 416
Sampling 160 / 416
Sampling 170 / 416
Sampling 180 / 416
Sampling 190 / 416
Sampling 200 / 416
Sampling 210 / 416
Sampling 220 / 416
Sampling 230 / 416
Sampling 240 / 416
Sampling 250 / 416
Sampling 260 / 416
Sampling 270 / 416
Sampling 280 / 416
Sampling 290 / 416
Sampling 300 / 416
Sampling 310 / 416
Sampling 320 / 416
Sampling 330 / 416
Sampling 340 / 416
Sampling 350 / 416
Sampling 360 / 416
Sampling 370 / 416
Sampling 380 / 416
Sampling 390 / 416
Sampling 400 / 416
Sampling 410 / 416
=== [68/95] temp/E1_v5b/prompts/mel/636.mid
torch.Size([1, 1201, 8])
Sampling 80 / 416
Sampling 90 / 416
Sampling 100 / 416
Sampling 110 / 416
Sampling 120 / 416
Sampling 130 / 416
Sampling 140 / 416
Sampling 150 / 416
Sampling 160 / 416
Sampling 170 / 416
Sampling 180 / 416
Sampling 190 / 416
Sampling 200 / 416
Sampling 210 / 416
Sampling 220 / 416
Sampling 230 / 416
Sampling 240 / 416
Sampling 250 / 416
Sampling 260 / 416
Sampling 270 / 416
Sampling 280 / 416
Sampling 290 / 416
Sampling 300 / 416
Sampling 310 / 416
Sampling 320 / 416
Sampling 330 / 416
Sampling 340 / 416
Sampling 350 / 416
Sampling 360 / 416
Sampling 370 / 416
Sampling 380 / 416
Sampling 390 / 416
Sampling 400 / 416
Sampling 410 / 416
=== [69/95] temp/E1_v5b/prompts/mel/646.mid
torch.Size([1, 820, 8])
Sampling 80 / 416
Sampling 90 / 416
Sampling 100 / 416
Sampling 110 / 416
Sampling 120 / 416
Sampling 130 / 416
Sampling 140 / 416
Sampling 150 / 416
Sampling 160 / 416
Sampling 170 / 416
Sampling 180 / 416
Sampling 190 / 416
Sampling 200 / 416
Sampling 210 / 416
Sampling 220 / 416
Sampling 230 / 416
Sampling 240 / 416
Sampling 250 / 416
Sampling 260 / 416
Sampling 270 / 416
Sampling 280 / 416
Sampling 290 / 416
Sampling 300 / 416
Sampling 310 / 416
Sampling 320 / 416
Sampling 330 / 416
Sampling 340 / 416
Sampling 350 / 416
Sampling 360 / 416
Sampling 370 / 416
Sampling 380 / 416
Sampling 390 / 416
Sampling 400 / 416
Sampling 410 / 416
=== [70/95] temp/E1_v5b/prompts/mel/656.mid
torch.Size([1, 1422, 8])
Sampling 80 / 416
Sampling 90 / 416
Sampling 100 / 416
Sampling 110 / 416
Sampling 120 / 416
Sampling 130 / 416
Sampling 140 / 416
Sampling 150 / 416
Sampling 160 / 416
Sampling 170 / 416
Sampling 180 / 416
Sampling 190 / 416
Sampling 200 / 416
Sampling 210 / 416
Sampling 220 / 416
Sampling 230 / 416
Sampling 240 / 416
Sampling 250 / 416
Sampling 260 / 416
Sampling 270 / 416
Sampling 280 / 416
Sampling 290 / 416
Sampling 300 / 416
Sampling 310 / 416
Sampling 320 / 416
Sampling 330 / 416
Sampling 340 / 416
Sampling 350 / 416
Sampling 360 / 416
Sampling 370 / 416
Sampling 380 / 416
Sampling 390 / 416
Sampling 400 / 416
Sampling 410 / 416
=== [71/95] temp/E1_v5b/prompts/mel/666.mid
torch.Size([1, 1305, 8])
Sampling 80 / 416
Sampling 90 / 416
Sampling 100 / 416
Sampling 110 / 416
Sampling 120 / 416
Sampling 130 / 416
Sampling 140 / 416
Sampling 150 / 416
Sampling 160 / 416
Sampling 170 / 416
Sampling 180 / 416
Sampling 190 / 416
Sampling 200 / 416
Sampling 210 / 416
Sampling 220 / 416
Sampling 230 / 416
Sampling 240 / 416
Sampling 250 / 416
Sampling 260 / 416
Sampling 270 / 416
Sampling 280 / 416
Sampling 290 / 416
Sampling 300 / 416
Sampling 310 / 416
Sampling 320 / 416
Sampling 330 / 416
Sampling 340 / 416
Sampling 350 / 416
Sampling 360 / 416
Sampling 370 / 416
Sampling 380 / 416
Sampling 390 / 416
Sampling 400 / 416
Sampling 410 / 416
=== [72/95] temp/E1_v5b/prompts/mel/676.mid
torch.Size([1, 954, 8])
Sampling 80 / 416
Sampling 90 / 416
Sampling 100 / 416
Sampling 110 / 416
Sampling 120 / 416
Sampling 130 / 416
Sampling 140 / 416
Sampling 150 / 416
Sampling 160 / 416
Sampling 170 / 416
Sampling 180 / 416
Sampling 190 / 416
Sampling 200 / 416
Sampling 210 / 416
Sampling 220 / 416
Sampling 230 / 416
Sampling 240 / 416
Sampling 250 / 416
Sampling 260 / 416
Sampling 270 / 416
Sampling 280 / 416
Sampling 290 / 416
Sampling 300 / 416
Sampling 310 / 416
Sampling 320 / 416
Sampling 330 / 416
Sampling 340 / 416
Sampling 350 / 416
Sampling 360 / 416
Sampling 370 / 416
Sampling 380 / 416
Sampling 390 / 416
Sampling 400 / 416
Sampling 410 / 416
=== [73/95] temp/E1_v5b/prompts/mel/686.mid
torch.Size([1, 1488, 8])
Sampling 80 / 416
Sampling 90 / 416
Sampling 100 / 416
Sampling 110 / 416
Sampling 120 / 416
Sampling 130 / 416
Sampling 140 / 416
Sampling 150 / 416
Sampling 160 / 416
Sampling 170 / 416
Sampling 180 / 416
Sampling 190 / 416
Sampling 200 / 416
Sampling 210 / 416
Sampling 220 / 416
Sampling 230 / 416
Sampling 240 / 416
Sampling 250 / 416
Sampling 260 / 416
Sampling 270 / 416
Sampling 280 / 416
Sampling 290 / 416
Sampling 300 / 416
Sampling 310 / 416
Sampling 320 / 416
Sampling 330 / 416
Sampling 340 / 416
Sampling 350 / 416
Sampling 360 / 416
Sampling 370 / 416
Sampling 380 / 416
Sampling 390 / 416
Sampling 400 / 416
Sampling 410 / 416
=== [74/95] temp/E1_v5b/prompts/mel/696.mid
torch.Size([1, 1151, 8])
Sampling 80 / 416
Sampling 90 / 416
Sampling 100 / 416
Sampling 110 / 416
Sampling 120 / 416
Sampling 130 / 416
Sampling 140 / 416
Sampling 150 / 416
Sampling 160 / 416
Sampling 170 / 416
Sampling 180 / 416
Sampling 190 / 416
Sampling 200 / 416
Sampling 210 / 416
Sampling 220 / 416
Sampling 230 / 416
Sampling 240 / 416
Sampling 250 / 416
Sampling 260 / 416
Sampling 270 / 416
Sampling 280 / 416
Sampling 290 / 416
Sampling 300 / 416
Sampling 310 / 416
Sampling 320 / 416
Sampling 330 / 416
Sampling 340 / 416
Sampling 350 / 416
Sampling 360 / 416
Sampling 370 / 416
Sampling 380 / 416
Sampling 390 / 416
Sampling 400 / 416
Sampling 410 / 416
=== [75/95] temp/E1_v5b/prompts/mel/706.mid
torch.Size([1, 1182, 8])
Sampling 80 / 416
Sampling 90 / 416
Sampling 100 / 416
Sampling 110 / 416
Sampling 120 / 416
Sampling 130 / 416
Sampling 140 / 416
Sampling 150 / 416
Sampling 160 / 416
Sampling 170 / 416
Sampling 180 / 416
Sampling 190 / 416
Sampling 200 / 416
Sampling 210 / 416
Sampling 220 / 416
Sampling 230 / 416
Sampling 240 / 416
Sampling 250 / 416
Sampling 260 / 416
Sampling 270 / 416
Sampling 280 / 416
Sampling 290 / 416
Sampling 300 / 416
Sampling 310 / 416
Sampling 320 / 416
Sampling 330 / 416
Sampling 340 / 416
Sampling 350 / 416
Sampling 360 / 416
Sampling 370 / 416
Sampling 380 / 416
Sampling 390 / 416
Sampling 400 / 416
Sampling 410 / 416
=== [76/95] temp/E1_v5b/prompts/mel/716.mid
torch.Size([1, 890, 8])
Sampling 80 / 416
Sampling 90 / 416
Sampling 100 / 416
Sampling 110 / 416
Sampling 120 / 416
Sampling 130 / 416
Sampling 140 / 416
Sampling 150 / 416
Sampling 160 / 416
Sampling 170 / 416
Sampling 180 / 416
Sampling 190 / 416
Sampling 200 / 416
Sampling 210 / 416
Sampling 220 / 416
Sampling 230 / 416
Sampling 240 / 416
Sampling 250 / 416
Sampling 260 / 416
Sampling 270 / 416
Sampling 280 / 416
Sampling 290 / 416
Sampling 300 / 416
Sampling 310 / 416
Sampling 320 / 416
Sampling 330 / 416
Sampling 340 / 416
Sampling 350 / 416
Sampling 360 / 416
Sampling 370 / 416
Sampling 380 / 416
Sampling 390 / 416
Sampling 400 / 416
Sampling 410 / 416
=== [77/95] temp/E1_v5b/prompts/mel/726.mid
torch.Size([1, 692, 8])
Sampling 80 / 416
Sampling 90 / 416
Sampling 100 / 416
Sampling 110 / 416
Sampling 120 / 416
Sampling 130 / 416
Sampling 140 / 416
Sampling 150 / 416
Sampling 160 / 416
Sampling 170 / 416
Sampling 180 / 416
Sampling 190 / 416
Sampling 200 / 416
Sampling 210 / 416
Sampling 220 / 416
Sampling 230 / 416
Sampling 240 / 416
Sampling 250 / 416
Sampling 260 / 416
Sampling 270 / 416
Sampling 280 / 416
Sampling 290 / 416
Sampling 300 / 416
Sampling 310 / 416
Sampling 320 / 416
Sampling 330 / 416
Sampling 340 / 416
Sampling 350 / 416
Sampling 360 / 416
Sampling 370 / 416
Sampling 380 / 416
Sampling 390 / 416
Sampling 400 / 416
Sampling 410 / 416
=== [78/95] temp/E1_v5b/prompts/mel/736.mid
torch.Size([1, 1104, 8])
Sampling 80 / 416
Sampling 90 / 416
Sampling 100 / 416
Sampling 110 / 416
Sampling 120 / 416
Sampling 130 / 416
Sampling 140 / 416
Sampling 150 / 416
Sampling 160 / 416
Sampling 170 / 416
Sampling 180 / 416
Sampling 190 / 416
Sampling 200 / 416
Sampling 210 / 416
Sampling 220 / 416
Sampling 230 / 416
Sampling 240 / 416
Sampling 250 / 416
Sampling 260 / 416
Sampling 270 / 416
Sampling 280 / 416
Sampling 290 / 416
Sampling 300 / 416
Sampling 310 / 416
Sampling 320 / 416
Sampling 330 / 416
Sampling 340 / 416
Sampling 350 / 416
Sampling 360 / 416
Sampling 370 / 416
Sampling 380 / 416
Sampling 390 / 416
Sampling 400 / 416
Sampling 410 / 416
=== [79/95] temp/E1_v5b/prompts/mel/746.mid
torch.Size([1, 646, 8])
Sampling 80 / 416
Sampling 90 / 416
Sampling 100 / 416
Sampling 110 / 416
Sampling 120 / 416
Sampling 130 / 416
Sampling 140 / 416
Sampling 150 / 416
Sampling 160 / 416
Sampling 170 / 416
Sampling 180 / 416
Sampling 190 / 416
Sampling 200 / 416
Sampling 210 / 416
Sampling 220 / 416
Sampling 230 / 416
Sampling 240 / 416
Sampling 250 / 416
Sampling 260 / 416
Sampling 270 / 416
Sampling 280 / 416
Sampling 290 / 416
Sampling 300 / 416
Sampling 310 / 416
Sampling 320 / 416
Sampling 330 / 416
Sampling 340 / 416
Sampling 350 / 416
Sampling 360 / 416
Sampling 370 / 416
Sampling 380 / 416
Sampling 390 / 416
Sampling 400 / 416
Sampling 410 / 416
=== [80/95] temp/E1_v5b/prompts/mel/756.mid
torch.Size([1, 1409, 8])
Sampling 80 / 416
Sampling 90 / 416
Sampling 100 / 416
Sampling 110 / 416
Sampling 120 / 416
Sampling 130 / 416
Sampling 140 / 416
Sampling 150 / 416
Sampling 160 / 416
Sampling 170 / 416
Sampling 180 / 416
Sampling 190 / 416
Sampling 200 / 416
Sampling 210 / 416
Sampling 220 / 416
Sampling 230 / 416
Sampling 240 / 416
Sampling 250 / 416
Sampling 260 / 416
Sampling 270 / 416
Sampling 280 / 416
Sampling 290 / 416
Sampling 300 / 416
Sampling 310 / 416
Sampling 320 / 416
Sampling 330 / 416
Sampling 340 / 416
Sampling 350 / 416
Sampling 360 / 416
Sampling 370 / 416
Sampling 380 / 416
Sampling 390 / 416
Sampling 400 / 416
Sampling 410 / 416
=== [81/95] temp/E1_v5b/prompts/mel/766.mid
torch.Size([1, 856, 8])
Sampling 80 / 416
Sampling 90 / 416
Sampling 100 / 416
Sampling 110 / 416
Sampling 120 / 416
Sampling 130 / 416
Sampling 140 / 416
Sampling 150 / 416
Sampling 160 / 416
Sampling 170 / 416
Sampling 180 / 416
Sampling 190 / 416
Sampling 200 / 416
Sampling 210 / 416
Sampling 220 / 416
Sampling 230 / 416
Sampling 240 / 416
Sampling 250 / 416
Sampling 260 / 416
Sampling 270 / 416
Sampling 280 / 416
Sampling 290 / 416
Sampling 300 / 416
Sampling 310 / 416
Sampling 320 / 416
Sampling 330 / 416
Sampling 340 / 416
Sampling 350 / 416
Sampling 360 / 416
Sampling 370 / 416
Sampling 380 / 416
Sampling 390 / 416
Sampling 400 / 416
Sampling 410 / 416
=== [82/95] temp/E1_v5b/prompts/mel/776.mid
torch.Size([1, 991, 8])
Sampling 80 / 416
Sampling 90 / 416
Sampling 100 / 416
Sampling 110 / 416
Sampling 120 / 416
Sampling 130 / 416
Sampling 140 / 416
Sampling 150 / 416
Sampling 160 / 416
Sampling 170 / 416
Sampling 180 / 416
Sampling 190 / 416
Sampling 200 / 416
Sampling 210 / 416
Sampling 220 / 416
Sampling 230 / 416
Sampling 240 / 416
Sampling 250 / 416
Sampling 260 / 416
Sampling 270 / 416
Sampling 280 / 416
Sampling 290 / 416
Sampling 300 / 416
Sampling 310 / 416
Sampling 320 / 416
Sampling 330 / 416
Sampling 340 / 416
Sampling 350 / 416
Sampling 360 / 416
Sampling 370 / 416
Sampling 380 / 416
Sampling 390 / 416
Sampling 400 / 416
Sampling 410 / 416
=== [83/95] temp/E1_v5b/prompts/mel/786.mid
torch.Size([1, 970, 8])
Sampling 80 / 416
Sampling 90 / 416
Sampling 100 / 416
Sampling 110 / 416
Sampling 120 / 416
Sampling 130 / 416
Sampling 140 / 416
Sampling 150 / 416
Sampling 160 / 416
Sampling 170 / 416
Sampling 180 / 416
Sampling 190 / 416
Sampling 200 / 416
Sampling 210 / 416
Sampling 220 / 416
Sampling 230 / 416
Sampling 240 / 416
Sampling 250 / 416
Sampling 260 / 416
Sampling 270 / 416
Sampling 280 / 416
Sampling 290 / 416
Sampling 300 / 416
Sampling 310 / 416
Sampling 320 / 416
Sampling 330 / 416
Sampling 340 / 416
Sampling 350 / 416
Sampling 360 / 416
Sampling 370 / 416
Sampling 380 / 416
Sampling 390 / 416
Sampling 400 / 416
Sampling 410 / 416
=== [84/95] temp/E1_v5b/prompts/mel/796.mid
torch.Size([1, 1054, 8])
Sampling 80 / 416
Sampling 90 / 416
Sampling 100 / 416
Sampling 110 / 416
Sampling 120 / 416
Sampling 130 / 416
Sampling 140 / 416
Sampling 150 / 416
Sampling 160 / 416
Sampling 170 / 416
Sampling 180 / 416
Sampling 190 / 416
Sampling 200 / 416
Sampling 210 / 416
Sampling 220 / 416
Sampling 230 / 416
Sampling 240 / 416
Sampling 250 / 416
Sampling 260 / 416
Sampling 270 / 416
Sampling 280 / 416
Sampling 290 / 416
Sampling 300 / 416
Sampling 310 / 416
Sampling 320 / 416
Sampling 330 / 416
Sampling 340 / 416
Sampling 350 / 416
Sampling 360 / 416
Sampling 370 / 416
Sampling 380 / 416
Sampling 390 / 416
Sampling 400 / 416
Sampling 410 / 416
=== [85/95] temp/E1_v5b/prompts/mel/806.mid
torch.Size([1, 472, 8])
Sampling 80 / 416
Sampling 90 / 416
Sampling 100 / 416
Sampling 110 / 416
Sampling 120 / 416
Sampling 130 / 416
Sampling 140 / 416
Sampling 150 / 416
Sampling 160 / 416
Sampling 170 / 416
Sampling 180 / 416
Sampling 190 / 416
Sampling 200 / 416
Sampling 210 / 416
Sampling 220 / 416
Sampling 230 / 416
Sampling 240 / 416
Sampling 250 / 416
Sampling 260 / 416
Sampling 270 / 416
Sampling 280 / 416
Sampling 290 / 416
Sampling 300 / 416
Sampling 310 / 416
Sampling 320 / 416
Sampling 330 / 416
Sampling 340 / 416
Sampling 350 / 416
Sampling 360 / 416
Sampling 370 / 416
Sampling 380 / 416
Sampling 390 / 416
Sampling 400 / 416
Sampling 410 / 416
=== [86/95] temp/E1_v5b/prompts/mel/816.mid
torch.Size([1, 840, 8])
Sampling 80 / 416
Sampling 90 / 416
Sampling 100 / 416
Sampling 110 / 416
Sampling 120 / 416
Sampling 130 / 416
Sampling 140 / 416
Sampling 150 / 416
Sampling 160 / 416
Sampling 170 / 416
Sampling 180 / 416
Sampling 190 / 416
Sampling 200 / 416
Sampling 210 / 416
Sampling 220 / 416
Sampling 230 / 416
Sampling 240 / 416
Sampling 250 / 416
Sampling 260 / 416
Sampling 270 / 416
Sampling 280 / 416
Sampling 290 / 416
Sampling 300 / 416
Sampling 310 / 416
Sampling 320 / 416
Sampling 330 / 416
Sampling 340 / 416
Sampling 350 / 416
Sampling 360 / 416
Sampling 370 / 416
Sampling 380 / 416
Sampling 390 / 416
Sampling 400 / 416
Sampling 410 / 416
=== [87/95] temp/E1_v5b/prompts/mel/826.mid
torch.Size([1, 854, 8])
Sampling 80 / 416
Sampling 90 / 416
Sampling 100 / 416
Sampling 110 / 416
Sampling 120 / 416
Sampling 130 / 416
Sampling 140 / 416
Sampling 150 / 416
Sampling 160 / 416
Sampling 170 / 416
Sampling 180 / 416
Sampling 190 / 416
Sampling 200 / 416
Sampling 210 / 416
Sampling 220 / 416
Sampling 230 / 416
Sampling 240 / 416
Sampling 250 / 416
Sampling 260 / 416
Sampling 270 / 416
Sampling 280 / 416
Sampling 290 / 416
Sampling 300 / 416
Sampling 310 / 416
Sampling 320 / 416
Sampling 330 / 416
Sampling 340 / 416
Sampling 350 / 416
Sampling 360 / 416
Sampling 370 / 416
Sampling 380 / 416
Sampling 390 / 416
Sampling 400 / 416
Sampling 410 / 416
=== [88/95] temp/E1_v5b/prompts/mel/836.mid
torch.Size([1, 1088, 8])
Sampling 80 / 416
Sampling 90 / 416
Sampling 100 / 416
Sampling 110 / 416
Sampling 120 / 416
Sampling 130 / 416
Sampling 140 / 416
Sampling 150 / 416
Sampling 160 / 416
Sampling 170 / 416
Sampling 180 / 416
Sampling 190 / 416
Sampling 200 / 416
Sampling 210 / 416
Sampling 220 / 416
Sampling 230 / 416
Sampling 240 / 416
Sampling 250 / 416
Sampling 260 / 416
Sampling 270 / 416
Sampling 280 / 416
Sampling 290 / 416
Sampling 300 / 416
Sampling 310 / 416
Sampling 320 / 416
Sampling 330 / 416
Sampling 340 / 416
Sampling 350 / 416
Sampling 360 / 416
Sampling 370 / 416
Sampling 380 / 416
Sampling 390 / 416
Sampling 400 / 416
Sampling 410 / 416
=== [89/95] temp/E1_v5b/prompts/mel/846.mid
torch.Size([1, 1111, 8])
Sampling 80 / 416
Sampling 90 / 416
Sampling 100 / 416
Sampling 110 / 416
Sampling 120 / 416
Sampling 130 / 416
Sampling 140 / 416
Sampling 150 / 416
Sampling 160 / 416
Sampling 170 / 416
Sampling 180 / 416
Sampling 190 / 416
Sampling 200 / 416
Sampling 210 / 416
Sampling 220 / 416
Sampling 230 / 416
Sampling 240 / 416
Sampling 250 / 416
Sampling 260 / 416
Sampling 270 / 416
Sampling 280 / 416
Sampling 290 / 416
Sampling 300 / 416
Sampling 310 / 416
Sampling 320 / 416
Sampling 330 / 416
Sampling 340 / 416
Sampling 350 / 416
Sampling 360 / 416
Sampling 370 / 416
Sampling 380 / 416
Sampling 390 / 416
Sampling 400 / 416
Sampling 410 / 416
=== [90/95] temp/E1_v5b/prompts/mel/856.mid
torch.Size([1, 780, 8])
Sampling 80 / 416
Sampling 90 / 416
Sampling 100 / 416
Sampling 110 / 416
Sampling 120 / 416
Sampling 130 / 416
Sampling 140 / 416
Sampling 150 / 416
Sampling 160 / 416
Sampling 170 / 416
Sampling 180 / 416
Sampling 190 / 416
Sampling 200 / 416
Sampling 210 / 416
Sampling 220 / 416
Sampling 230 / 416
Sampling 240 / 416
Sampling 250 / 416
Sampling 260 / 416
Sampling 270 / 416
Sampling 280 / 416
Sampling 290 / 416
Sampling 300 / 416
Sampling 310 / 416
Sampling 320 / 416
Sampling 330 / 416
Sampling 340 / 416
Sampling 350 / 416
Sampling 360 / 416
Sampling 370 / 416
Sampling 380 / 416
Sampling 390 / 416
Sampling 400 / 416
Sampling 410 / 416
=== [91/95] temp/E1_v5b/prompts/mel/866.mid
torch.Size([1, 1220, 8])
Sampling 80 / 416
Sampling 90 / 416
Sampling 100 / 416
Sampling 110 / 416
Sampling 120 / 416
Sampling 130 / 416
Sampling 140 / 416
Sampling 150 / 416
Sampling 160 / 416
Sampling 170 / 416
Sampling 180 / 416
Sampling 190 / 416
Sampling 200 / 416
Sampling 210 / 416
Sampling 220 / 416
Sampling 230 / 416
Sampling 240 / 416
Sampling 250 / 416
Sampling 260 / 416
Sampling 270 / 416
Sampling 280 / 416
Sampling 290 / 416
Sampling 300 / 416
Sampling 310 / 416
Sampling 320 / 416
Sampling 330 / 416
Sampling 340 / 416
Sampling 350 / 416
Sampling 360 / 416
Sampling 370 / 416
Sampling 380 / 416
Sampling 390 / 416
Sampling 400 / 416
Sampling 410 / 416
=== [92/95] temp/E1_v5b/prompts/mel/876.mid
torch.Size([1, 1765, 8])
Sampling 80 / 416
Sampling 90 / 416
Sampling 100 / 416
Sampling 110 / 416
Sampling 120 / 416
Sampling 130 / 416
Sampling 140 / 416
Sampling 150 / 416
Sampling 160 / 416
Sampling 170 / 416
Sampling 180 / 416
Sampling 190 / 416
Sampling 200 / 416
Sampling 210 / 416
Sampling 220 / 416
Sampling 230 / 416
Sampling 240 / 416
Sampling 250 / 416
Sampling 260 / 416
Sampling 270 / 416
Sampling 280 / 416
Sampling 290 / 416
Sampling 300 / 416
Sampling 310 / 416
Sampling 320 / 416
Sampling 330 / 416
Sampling 340 / 416
Sampling 350 / 416
Sampling 360 / 416
Sampling 370 / 416
Sampling 380 / 416
Sampling 390 / 416
Sampling 400 / 416
Sampling 410 / 416
=== [93/95] temp/E1_v5b/prompts/mel/886.mid
torch.Size([1, 1620, 8])
Sampling 80 / 416
Sampling 90 / 416
Sampling 100 / 416
Sampling 110 / 416
Sampling 120 / 416
Sampling 130 / 416
Sampling 140 / 416
Sampling 150 / 416
Sampling 160 / 416
Sampling 170 / 416
Sampling 180 / 416
Sampling 190 / 416
Sampling 200 / 416
Sampling 210 / 416
Sampling 220 / 416
Sampling 230 / 416
Sampling 240 / 416
Sampling 250 / 416
Sampling 260 / 416
Sampling 270 / 416
Sampling 280 / 416
Sampling 290 / 416
Sampling 300 / 416
Sampling 310 / 416
Sampling 320 / 416
Sampling 330 / 416
Sampling 340 / 416
Sampling 350 / 416
Sampling 360 / 416
Sampling 370 / 416
Sampling 380 / 416
Sampling 390 / 416
Sampling 400 / 416
Sampling 410 / 416
=== [94/95] temp/E1_v5b/prompts/mel/896.mid
torch.Size([1, 1072, 8])
Sampling 80 / 416
Sampling 90 / 416
Sampling 100 / 416
Sampling 110 / 416
Sampling 120 / 416
Sampling 130 / 416
Sampling 140 / 416
Sampling 150 / 416
Sampling 160 / 416
Sampling 170 / 416
Sampling 180 / 416
Sampling 190 / 416
Sampling 200 / 416
Sampling 210 / 416
Sampling 220 / 416
Sampling 230 / 416
Sampling 240 / 416
Sampling 250 / 416
Sampling 260 / 416
Sampling 270 / 416
Sampling 280 / 416
Sampling 290 / 416
Sampling 300 / 416
Sampling 310 / 416
Sampling 320 / 416
Sampling 330 / 416
Sampling 340 / 416
Sampling 350 / 416
Sampling 360 / 416
Sampling 370 / 416
Sampling 380 / 416
Sampling 390 / 416
Sampling 400 / 416
Sampling 410 / 416
=== [95/95] temp/E1_v5b/prompts/mel/906.mid
torch.Size([1, 706, 8])
Sampling 80 / 416
Sampling 90 / 416
Sampling 100 / 416
Sampling 110 / 416
Sampling 120 / 416
Sampling 130 / 416
Sampling 140 / 416
Sampling 150 / 416
Sampling 160 / 416
Sampling 170 / 416
Sampling 180 / 416
Sampling 190 / 416
Sampling 200 / 416
Sampling 210 / 416
Sampling 220 / 416
Sampling 230 / 416
Sampling 240 / 416
Sampling 250 / 416
Sampling 260 / 416
Sampling 270 / 416
Sampling 280 / 416
Sampling 290 / 416
Sampling 300 / 416
Sampling 310 / 416
Sampling 320 / 416
Sampling 330 / 416
Sampling 340 / 416
Sampling 350 / 416
Sampling 360 / 416
Sampling 370 / 416
Sampling 380 / 416
Sampling 390 / 416
Sampling 400 / 416
Sampling 410 / 416
--- stage B: hybrid = generated mel + partner prompt ---
built 285 hybrid file(s) -> temp/E1_v5b/P-mc/2_hybrids
--- stage C: YinYang conditional on the generated stream ---
/home/xinyue.li/Mitosis/midi_yinyang/transformers_roformer_moe/src/transformers/models/roformer/grouped_gemm_util.py:3: UserWarning: pkg_resources is deprecated as an API. See https://setuptools.pypa.io/en/latest/pkg_resources.html. The pkg_resources package is slated for removal as early as 2025-11-30. Refrain from using this package or pin to Setuptools<81.
  from pkg_resources import packaging
/home/xinyue.li/.conda/envs/mitosis/lib/python3.10/site-packages/pytorch_lightning/core/saving.py:193: Found keys that are in the model state dict but not in the checkpoint: ['model.embed_positions.weight']
/home/xinyue.li/.conda/envs/mitosis/lib/python3.10/site-packages/pytorch_lightning/core/saving.py:193: Found keys that are in the model state dict but not in the checkpoint: ['wrapped_model.base_model.model.global_sos', 'wrapped_model.base_model.model.model.embed_positions.weight', 'wrapped_model.base_model.model.model.layer.0.attention.self.query.base_layer.weight', 'wrapped_model.base_model.model.model.layer.0.attention.self.query.base_layer.bias', 'wrapped_model.base_model.model.model.layer.0.attention.self.key.weight', 'wrapped_model.base_model.model.model.layer.0.attention.self.key.bias', 'wrapped_model.base_model.model.model.layer.0.attention.self.value.base_layer.weight', 'wrapped_model.base_model.model.model.layer.0.attention.self.value.base_layer.bias', 'wrapped_model.base_model.model.model.layer.0.attention.output.dense.weight', 'wrapped_model.base_model.model.model.layer.0.attention.output.dense.bias', 'wrapped_model.base_model.model.model.layer.0.attention.output.LayerNorm.weight', 'wrapped_model.base_model.model.model.layer.0.attention.output.LayerNorm.bias', 'wrapped_model.base_model.model.model.layer.0.intermediate.dense.weight', 'wrapped_model.base_model.model.model.layer.0.intermediate.dense.bias', 'wrapped_model.base_model.model.model.layer.0.output.dense.weight', 'wrapped_model.base_model.model.model.layer.0.output.dense.bias', 'wrapped_model.base_model.model.model.layer.0.output.LayerNorm.weight', 'wrapped_model.base_model.model.model.layer.0.output.LayerNorm.bias', 'wrapped_model.base_model.model.model.layer.1.attention.self.query.base_layer.weight', 'wrapped_model.base_model.model.model.layer.1.attention.self.query.base_layer.bias', 'wrapped_model.base_model.model.model.layer.1.attention.self.key.weight', 'wrapped_model.base_model.model.model.layer.1.attention.self.key.bias', 'wrapped_model.base_model.model.model.layer.1.attention.self.value.base_layer.weight', 'wrapped_model.base_model.model.model.layer.1.attention.self.value.base_layer.bias', 'wrapped_model.base_model.model.model.layer.1.attention.output.dense.weight', 'wrapped_model.base_model.model.model.layer.1.attention.output.dense.bias', 'wrapped_model.base_model.model.model.layer.1.attention.output.LayerNorm.weight', 'wrapped_model.base_model.model.model.layer.1.attention.output.LayerNorm.bias', 'wrapped_model.base_model.model.model.layer.1.intermediate.dense.weight', 'wrapped_model.base_model.model.model.layer.1.intermediate.dense.bias', 'wrapped_model.base_model.model.model.layer.1.output.dense.weight', 'wrapped_model.base_model.model.model.layer.1.output.dense.bias', 'wrapped_model.base_model.model.model.layer.1.output.LayerNorm.weight', 'wrapped_model.base_model.model.model.layer.1.output.LayerNorm.bias', 'wrapped_model.base_model.model.model.layer.2.attention.self.query.base_layer.weight', 'wrapped_model.base_model.model.model.layer.2.attention.self.query.base_layer.bias', 'wrapped_model.base_model.model.model.layer.2.attention.self.key.weight', 'wrapped_model.base_model.model.model.layer.2.attention.self.key.bias', 'wrapped_model.base_model.model.model.layer.2.attention.self.value.base_layer.weight', 'wrapped_model.base_model.model.model.layer.2.attention.self.value.base_layer.bias', 'wrapped_model.base_model.model.model.layer.2.attention.output.dense.weight', 'wrapped_model.base_model.model.model.layer.2.attention.output.dense.bias', 'wrapped_model.base_model.model.model.layer.2.attention.output.LayerNorm.weight', 'wrapped_model.base_model.model.model.layer.2.attention.output.LayerNorm.bias', 'wrapped_model.base_model.model.model.layer.2.intermediate.dense.weight', 'wrapped_model.base_model.model.model.layer.2.intermediate.dense.bias', 'wrapped_model.base_model.model.model.layer.2.output.dense.weight', 'wrapped_model.base_model.model.model.layer.2.output.dense.bias', 'wrapped_model.base_model.model.model.layer.2.output.LayerNorm.weight', 'wrapped_model.base_model.model.model.layer.2.output.LayerNorm.bias', 'wrapped_model.base_model.model.model.layer.3.attention.self.query.base_layer.weight', 'wrapped_model.base_model.model.model.layer.3.attention.self.query.base_layer.bias', 'wrapped_model.base_model.model.model.layer.3.attention.self.key.weight', 'wrapped_model.base_model.model.model.layer.3.attention.self.key.bias', 'wrapped_model.base_model.model.model.layer.3.attention.self.value.base_layer.weight', 'wrapped_model.base_model.model.model.layer.3.attention.self.value.base_layer.bias', 'wrapped_model.base_model.model.model.layer.3.attention.output.dense.weight', 'wrapped_model.base_model.model.model.layer.3.attention.output.dense.bias', 'wrapped_model.base_model.model.model.layer.3.attention.output.LayerNorm.weight', 'wrapped_model.base_model.model.model.layer.3.attention.output.LayerNorm.bias', 'wrapped_model.base_model.model.model.layer.3.intermediate.dense.weight', 'wrapped_model.base_model.model.model.layer.3.intermediate.dense.bias', 'wrapped_model.base_model.model.model.layer.3.output.dense.weight', 'wrapped_model.base_model.model.model.layer.3.output.dense.bias', 'wrapped_model.base_model.model.model.layer.3.output.LayerNorm.weight', 'wrapped_model.base_model.model.model.layer.3.output.LayerNorm.bias', 'wrapped_model.base_model.model.model.layer.4.attention.self.query.base_layer.weight', 'wrapped_model.base_model.model.model.layer.4.attention.self.query.base_layer.bias', 'wrapped_model.base_model.model.model.layer.4.attention.self.key.weight', 'wrapped_model.base_model.model.model.layer.4.attention.self.key.bias', 'wrapped_model.base_model.model.model.layer.4.attention.self.value.base_layer.weight', 'wrapped_model.base_model.model.model.layer.4.attention.self.value.base_layer.bias', 'wrapped_model.base_model.model.model.layer.4.attention.output.dense.weight', 'wrapped_model.base_model.model.model.layer.4.attention.output.dense.bias', 'wrapped_model.base_model.model.model.layer.4.attention.output.LayerNorm.weight', 'wrapped_model.base_model.model.model.layer.4.attention.output.LayerNorm.bias', 'wrapped_model.base_model.model.model.layer.4.intermediate.dense.weight', 'wrapped_model.base_model.model.model.layer.4.intermediate.dense.bias', 'wrapped_model.base_model.model.model.layer.4.output.dense.weight', 'wrapped_model.base_model.model.model.layer.4.output.dense.bias', 'wrapped_model.base_model.model.model.layer.4.output.LayerNorm.weight', 'wrapped_model.base_model.model.model.layer.4.output.LayerNorm.bias', 'wrapped_model.base_model.model.model.layer.5.attention.self.query.base_layer.weight', 'wrapped_model.base_model.model.model.layer.5.attention.self.query.base_layer.bias', 'wrapped_model.base_model.model.model.layer.5.attention.self.key.weight', 'wrapped_model.base_model.model.model.layer.5.attention.self.key.bias', 'wrapped_model.base_model.model.model.layer.5.attention.self.value.base_layer.weight', 'wrapped_model.base_model.model.model.layer.5.attention.self.value.base_layer.bias', 'wrapped_model.base_model.model.model.layer.5.attention.output.dense.weight', 'wrapped_model.base_model.model.model.layer.5.attention.output.dense.bias', 'wrapped_model.base_model.model.model.layer.5.attention.output.LayerNorm.weight', 'wrapped_model.base_model.model.model.layer.5.attention.output.LayerNorm.bias', 'wrapped_model.base_model.model.model.layer.5.intermediate.dense.weight', 'wrapped_model.base_model.model.model.layer.5.intermediate.dense.bias', 'wrapped_model.base_model.model.model.layer.5.output.dense.weight', 'wrapped_model.base_model.model.model.layer.5.output.dense.bias', 'wrapped_model.base_model.model.model.layer.5.output.LayerNorm.weight', 'wrapped_model.base_model.model.model.layer.5.output.LayerNorm.bias', 'wrapped_model.base_model.model.model.layer.6.attention.self.query.base_layer.weight', 'wrapped_model.base_model.model.model.layer.6.attention.self.query.base_layer.bias', 'wrapped_model.base_model.model.model.layer.6.attention.self.key.weight', 'wrapped_model.base_model.model.model.layer.6.attention.self.key.bias', 'wrapped_model.base_model.model.model.layer.6.attention.self.value.base_layer.weight', 'wrapped_model.base_model.model.model.layer.6.attention.self.value.base_layer.bias', 'wrapped_model.base_model.model.model.layer.6.attention.output.dense.weight', 'wrapped_model.base_model.model.model.layer.6.attention.output.dense.bias', 'wrapped_model.base_model.model.model.layer.6.attention.output.LayerNorm.weight', 'wrapped_model.base_model.model.model.layer.6.attention.output.LayerNorm.bias', 'wrapped_model.base_model.model.model.layer.6.intermediate.dense.weight', 'wrapped_model.base_model.model.model.layer.6.intermediate.dense.bias', 'wrapped_model.base_model.model.model.layer.6.output.dense.weight', 'wrapped_model.base_model.model.model.layer.6.output.dense.bias', 'wrapped_model.base_model.model.model.layer.6.output.LayerNorm.weight', 'wrapped_model.base_model.model.model.layer.6.output.LayerNorm.bias', 'wrapped_model.base_model.model.model.layer.7.attention.self.query.base_layer.weight', 'wrapped_model.base_model.model.model.layer.7.attention.self.query.base_layer.bias', 'wrapped_model.base_model.model.model.layer.7.attention.self.key.weight', 'wrapped_model.base_model.model.model.layer.7.attention.self.key.bias', 'wrapped_model.base_model.model.model.layer.7.attention.self.value.base_layer.weight', 'wrapped_model.base_model.model.model.layer.7.attention.self.value.base_layer.bias', 'wrapped_model.base_model.model.model.layer.7.attention.output.dense.weight', 'wrapped_model.base_model.model.model.layer.7.attention.output.dense.bias', 'wrapped_model.base_model.model.model.layer.7.attention.output.LayerNorm.weight', 'wrapped_model.base_model.model.model.layer.7.attention.output.LayerNorm.bias', 'wrapped_model.base_model.model.model.layer.7.intermediate.dense.weight', 'wrapped_model.base_model.model.model.layer.7.intermediate.dense.bias', 'wrapped_model.base_model.model.model.layer.7.output.dense.weight', 'wrapped_model.base_model.model.model.layer.7.output.dense.bias', 'wrapped_model.base_model.model.model.layer.7.output.LayerNorm.weight', 'wrapped_model.base_model.model.model.layer.7.output.LayerNorm.bias', 'wrapped_model.base_model.model.model.layer.8.attention.self.query.base_layer.weight', 'wrapped_model.base_model.model.model.layer.8.attention.self.query.base_layer.bias', 'wrapped_model.base_model.model.model.layer.8.attention.self.key.weight', 'wrapped_model.base_model.model.model.layer.8.attention.self.key.bias', 'wrapped_model.base_model.model.model.layer.8.attention.self.value.base_layer.weight', 'wrapped_model.base_model.model.model.layer.8.attention.self.value.base_layer.bias', 'wrapped_model.base_model.model.model.layer.8.attention.output.dense.weight', 'wrapped_model.base_model.model.model.layer.8.attention.output.dense.bias', 'wrapped_model.base_model.model.model.layer.8.attention.output.LayerNorm.weight', 'wrapped_model.base_model.model.model.layer.8.attention.output.LayerNorm.bias', 'wrapped_model.base_model.model.model.layer.8.intermediate.dense.weight', 'wrapped_model.base_model.model.model.layer.8.intermediate.dense.bias', 'wrapped_model.base_model.model.model.layer.8.output.dense.weight', 'wrapped_model.base_model.model.model.layer.8.output.dense.bias', 'wrapped_model.base_model.model.model.layer.8.output.LayerNorm.weight', 'wrapped_model.base_model.model.model.layer.8.output.LayerNorm.bias', 'wrapped_model.base_model.model.model.layer.9.attention.self.query.base_layer.weight', 'wrapped_model.base_model.model.model.layer.9.attention.self.query.base_layer.bias', 'wrapped_model.base_model.model.model.layer.9.attention.self.key.weight', 'wrapped_model.base_model.model.model.layer.9.attention.self.key.bias', 'wrapped_model.base_model.model.model.layer.9.attention.self.value.base_layer.weight', 'wrapped_model.base_model.model.model.layer.9.attention.self.value.base_layer.bias', 'wrapped_model.base_model.model.model.layer.9.attention.output.dense.weight', 'wrapped_model.base_model.model.model.layer.9.attention.output.dense.bias', 'wrapped_model.base_model.model.model.layer.9.attention.output.LayerNorm.weight', 'wrapped_model.base_model.model.model.layer.9.attention.output.LayerNorm.bias', 'wrapped_model.base_model.model.model.layer.9.intermediate.dense.weight', 'wrapped_model.base_model.model.model.layer.9.intermediate.dense.bias', 'wrapped_model.base_model.model.model.layer.9.output.dense.weight', 'wrapped_model.base_model.model.model.layer.9.output.dense.bias', 'wrapped_model.base_model.model.model.layer.9.output.LayerNorm.weight', 'wrapped_model.base_model.model.model.layer.9.output.LayerNorm.bias', 'wrapped_model.base_model.model.model.layer.10.attention.self.query.base_layer.weight', 'wrapped_model.base_model.model.model.layer.10.attention.self.query.base_layer.bias', 'wrapped_model.base_model.model.model.layer.10.attention.self.key.weight', 'wrapped_model.base_model.model.model.layer.10.attention.self.key.bias', 'wrapped_model.base_model.model.model.layer.10.attention.self.value.base_layer.weight', 'wrapped_model.base_model.model.model.layer.10.attention.self.value.base_layer.bias', 'wrapped_model.base_model.model.model.layer.10.attention.output.dense.weight', 'wrapped_model.base_model.model.model.layer.10.attention.output.dense.bias', 'wrapped_model.base_model.model.model.layer.10.attention.output.LayerNorm.weight', 'wrapped_model.base_model.model.model.layer.10.attention.output.LayerNorm.bias', 'wrapped_model.base_model.model.model.layer.10.intermediate.dense.weight', 'wrapped_model.base_model.model.model.layer.10.intermediate.dense.bias', 'wrapped_model.base_model.model.model.layer.10.output.dense.weight', 'wrapped_model.base_model.model.model.layer.10.output.dense.bias', 'wrapped_model.base_model.model.model.layer.10.output.LayerNorm.weight', 'wrapped_model.base_model.model.model.layer.10.output.LayerNorm.bias', 'wrapped_model.base_model.model.model.layer.11.attention.self.query.base_layer.weight', 'wrapped_model.base_model.model.model.layer.11.attention.self.query.base_layer.bias', 'wrapped_model.base_model.model.model.layer.11.attention.self.key.weight', 'wrapped_model.base_model.model.model.layer.11.attention.self.key.bias', 'wrapped_model.base_model.model.model.layer.11.attention.self.value.base_layer.weight', 'wrapped_model.base_model.model.model.layer.11.attention.self.value.base_layer.bias', 'wrapped_model.base_model.model.model.layer.11.attention.output.dense.weight', 'wrapped_model.base_model.model.model.layer.11.attention.output.dense.bias', 'wrapped_model.base_model.model.model.layer.11.attention.output.LayerNorm.weight', 'wrapped_model.base_model.model.model.layer.11.attention.output.LayerNorm.bias', 'wrapped_model.base_model.model.model.layer.11.intermediate.dense.weight', 'wrapped_model.base_model.model.model.layer.11.intermediate.dense.bias', 'wrapped_model.base_model.model.model.layer.11.output.dense.weight', 'wrapped_model.base_model.model.model.layer.11.output.dense.bias', 'wrapped_model.base_model.model.model.layer.11.output.LayerNorm.weight', 'wrapped_model.base_model.model.model.layer.11.output.LayerNorm.bias', 'wrapped_model.base_model.model.local_embedding.weight', 'wrapped_model.base_model.model.local_encoder.embed_positions.weight', 'wrapped_model.base_model.model.local_encoder.layer.0.attention.self.query.base_layer.weight', 'wrapped_model.base_model.model.local_encoder.layer.0.attention.self.query.base_layer.bias', 'wrapped_model.base_model.model.local_encoder.layer.0.attention.self.key.weight', 'wrapped_model.base_model.model.local_encoder.layer.0.attention.self.key.bias', 'wrapped_model.base_model.model.local_encoder.layer.0.attention.self.value.base_layer.weight', 'wrapped_model.base_model.model.local_encoder.layer.0.attention.self.value.base_layer.bias', 'wrapped_model.base_model.model.local_encoder.layer.0.attention.output.dense.weight', 'wrapped_model.base_model.model.local_encoder.layer.0.attention.output.dense.bias', 'wrapped_model.base_model.model.local_encoder.layer.0.attention.output.LayerNorm.weight', 'wrapped_model.base_model.model.local_encoder.layer.0.attention.output.LayerNorm.bias', 'wrapped_model.base_model.model.local_encoder.layer.0.intermediate.dense.weight', 'wrapped_model.base_model.model.local_encoder.layer.0.intermediate.dense.bias', 'wrapped_model.base_model.model.local_encoder.layer.0.output.dense.weight', 'wrapped_model.base_model.model.local_encoder.layer.0.output.dense.bias', 'wrapped_model.base_model.model.local_encoder.layer.0.output.LayerNorm.weight', 'wrapped_model.base_model.model.local_encoder.layer.0.output.LayerNorm.bias', 'wrapped_model.base_model.model.local_encoder.layer.1.attention.self.query.base_layer.weight', 'wrapped_model.base_model.model.local_encoder.layer.1.attention.self.query.base_layer.bias', 'wrapped_model.base_model.model.local_encoder.layer.1.attention.self.key.weight', 'wrapped_model.base_model.model.local_encoder.layer.1.attention.self.key.bias', 'wrapped_model.base_model.model.local_encoder.layer.1.attention.self.value.base_layer.weight', 'wrapped_model.base_model.model.local_encoder.layer.1.attention.self.value.base_layer.bias', 'wrapped_model.base_model.model.local_encoder.layer.1.attention.output.dense.weight', 'wrapped_model.base_model.model.local_encoder.layer.1.attention.output.dense.bias', 'wrapped_model.base_model.model.local_encoder.layer.1.attention.output.LayerNorm.weight', 'wrapped_model.base_model.model.local_encoder.layer.1.attention.output.LayerNorm.bias', 'wrapped_model.base_model.model.local_encoder.layer.1.intermediate.dense.weight', 'wrapped_model.base_model.model.local_encoder.layer.1.intermediate.dense.bias', 'wrapped_model.base_model.model.local_encoder.layer.1.output.dense.weight', 'wrapped_model.base_model.model.local_encoder.layer.1.output.dense.bias', 'wrapped_model.base_model.model.local_encoder.layer.1.output.LayerNorm.weight', 'wrapped_model.base_model.model.local_encoder.layer.1.output.LayerNorm.bias', 'wrapped_model.base_model.model.local_encoder.layer.2.attention.self.query.base_layer.weight', 'wrapped_model.base_model.model.local_encoder.layer.2.attention.self.query.base_layer.bias', 'wrapped_model.base_model.model.local_encoder.layer.2.attention.self.key.weight', 'wrapped_model.base_model.model.local_encoder.layer.2.attention.self.key.bias', 'wrapped_model.base_model.model.local_encoder.layer.2.attention.self.value.base_layer.weight', 'wrapped_model.base_model.model.local_encoder.layer.2.attention.self.value.base_layer.bias', 'wrapped_model.base_model.model.local_encoder.layer.2.attention.output.dense.weight', 'wrapped_model.base_model.model.local_encoder.layer.2.attention.output.dense.bias', 'wrapped_model.base_model.model.local_encoder.layer.2.attention.output.LayerNorm.weight', 'wrapped_model.base_model.model.local_encoder.layer.2.attention.output.LayerNorm.bias', 'wrapped_model.base_model.model.local_encoder.layer.2.intermediate.dense.weight', 'wrapped_model.base_model.model.local_encoder.layer.2.intermediate.dense.bias', 'wrapped_model.base_model.model.local_encoder.layer.2.output.dense.weight', 'wrapped_model.base_model.model.local_encoder.layer.2.output.dense.bias', 'wrapped_model.base_model.model.local_encoder.layer.2.output.LayerNorm.weight', 'wrapped_model.base_model.model.local_encoder.layer.2.output.LayerNorm.bias', 'wrapped_model.base_model.model.local_decoder.embed_positions.weight', 'wrapped_model.base_model.model.local_decoder.layer.0.attention.self.query.base_layer.weight', 'wrapped_model.base_model.model.local_decoder.layer.0.attention.self.query.base_layer.bias', 'wrapped_model.base_model.model.local_decoder.layer.0.attention.self.key.weight', 'wrapped_model.base_model.model.local_decoder.layer.0.attention.self.key.bias', 'wrapped_model.base_model.model.local_decoder.layer.0.attention.self.value.base_layer.weight', 'wrapped_model.base_model.model.local_decoder.layer.0.attention.self.value.base_layer.bias', 'wrapped_model.base_model.model.local_decoder.layer.0.attention.output.dense.weight', 'wrapped_model.base_model.model.local_decoder.layer.0.attention.output.dense.bias', 'wrapped_model.base_model.model.local_decoder.layer.0.attention.output.LayerNorm.weight', 'wrapped_model.base_model.model.local_decoder.layer.0.attention.output.LayerNorm.bias', 'wrapped_model.base_model.model.local_decoder.layer.0.intermediate.dense.weight', 'wrapped_model.base_model.model.local_decoder.layer.0.intermediate.dense.bias', 'wrapped_model.base_model.model.local_decoder.layer.0.output.dense.weight', 'wrapped_model.base_model.model.local_decoder.layer.0.output.dense.bias', 'wrapped_model.base_model.model.local_decoder.layer.0.output.LayerNorm.weight', 'wrapped_model.base_model.model.local_decoder.layer.0.output.LayerNorm.bias', 'wrapped_model.base_model.model.local_decoder.layer.1.attention.self.query.base_layer.weight', 'wrapped_model.base_model.model.local_decoder.layer.1.attention.self.query.base_layer.bias', 'wrapped_model.base_model.model.local_decoder.layer.1.attention.self.key.weight', 'wrapped_model.base_model.model.local_decoder.layer.1.attention.self.key.bias', 'wrapped_model.base_model.model.local_decoder.layer.1.attention.self.value.base_layer.weight', 'wrapped_model.base_model.model.local_decoder.layer.1.attention.self.value.base_layer.bias', 'wrapped_model.base_model.model.local_decoder.layer.1.attention.output.dense.weight', 'wrapped_model.base_model.model.local_decoder.layer.1.attention.output.dense.bias', 'wrapped_model.base_model.model.local_decoder.layer.1.attention.output.LayerNorm.weight', 'wrapped_model.base_model.model.local_decoder.layer.1.attention.output.LayerNorm.bias', 'wrapped_model.base_model.model.local_decoder.layer.1.intermediate.dense.weight', 'wrapped_model.base_model.model.local_decoder.layer.1.intermediate.dense.bias', 'wrapped_model.base_model.model.local_decoder.layer.1.output.dense.weight', 'wrapped_model.base_model.model.local_decoder.layer.1.output.dense.bias', 'wrapped_model.base_model.model.local_decoder.layer.1.output.LayerNorm.weight', 'wrapped_model.base_model.model.local_decoder.layer.1.output.LayerNorm.bias', 'wrapped_model.base_model.model.local_decoder.layer.2.attention.self.query.base_layer.weight', 'wrapped_model.base_model.model.local_decoder.layer.2.attention.self.query.base_layer.bias', 'wrapped_model.base_model.model.local_decoder.layer.2.attention.self.key.weight', 'wrapped_model.base_model.model.local_decoder.layer.2.attention.self.key.bias', 'wrapped_model.base_model.model.local_decoder.layer.2.attention.self.value.base_layer.weight', 'wrapped_model.base_model.model.local_decoder.layer.2.attention.self.value.base_layer.bias', 'wrapped_model.base_model.model.local_decoder.layer.2.attention.output.dense.weight', 'wrapped_model.base_model.model.local_decoder.layer.2.attention.output.dense.bias', 'wrapped_model.base_model.model.local_decoder.layer.2.attention.output.LayerNorm.weight', 'wrapped_model.base_model.model.local_decoder.layer.2.attention.output.LayerNorm.bias', 'wrapped_model.base_model.model.local_decoder.layer.2.intermediate.dense.weight', 'wrapped_model.base_model.model.local_decoder.layer.2.intermediate.dense.bias', 'wrapped_model.base_model.model.local_decoder.layer.2.output.dense.weight', 'wrapped_model.base_model.model.local_decoder.layer.2.output.dense.bias', 'wrapped_model.base_model.model.local_decoder.layer.2.output.LayerNorm.weight', 'wrapped_model.base_model.model.local_decoder.layer.2.output.LayerNorm.bias', 'wrapped_model.base_model.model.final_decoder.weight', 'wrapped_model.base_model.model.final_decoder.bias', 'yinyang_attn.0.pos.r_pos.relative', 'yinyang_attn.1.pos.r_pos.relative', 'yinyang_attn.2.pos.r_pos.relative', 'yinyang_attn.3.pos.r_pos.relative', 'yinyang_attn.4.pos.r_pos.relative', 'yinyang_attn.5.pos.r_pos.relative']
/home/xinyue.li/Mitosis/midi_yinyang/cp_transformer_yinyang_inference.py:16: UserWarning: To copy construct from a tensor, it is recommended to use sourceTensor.clone().detach() or sourceTensor.clone().detach().requires_grad_(True), rather than torch.tensor(sourceTensor).
  x = torch.tensor(byte_arr).unsqueeze(0)
Traceback (most recent call last):
  File "/home/xinyue.li/Mitosis/midi_yinyang/yinyang_e3_driver.py", line 258, in main
    cond_continuation(
  File "/home/xinyue.li/Mitosis/midi_yinyang/cp_transformer_yinyang_inference.py", line 86, in cond_continuation
    x1, x2 = decompress(model, preprocess_midi(midi_path, 16, ins_ids=ins_ids, filter=False, fixed_length=generation_length)[0])
TypeError: 'NoneType' object is not subscriptable
Traceback (most recent call last):
  File "/home/xinyue.li/Mitosis/midi_yinyang/yinyang_e3_driver.py", line 258, in main
    cond_continuation(
  File "/home/xinyue.li/Mitosis/midi_yinyang/cp_transformer_yinyang_inference.py", line 86, in cond_continuation
    x1, x2 = decompress(model, preprocess_midi(midi_path, 16, ins_ids=ins_ids, filter=False, fixed_length=generation_length)[0])
TypeError: 'NoneType' object is not subscriptable
Traceback (most recent call last):
  File "/home/xinyue.li/Mitosis/midi_yinyang/yinyang_e3_driver.py", line 258, in main
    cond_continuation(
  File "/home/xinyue.li/Mitosis/midi_yinyang/cp_transformer_yinyang_inference.py", line 86, in cond_continuation
    x1, x2 = decompress(model, preprocess_midi(midi_path, 16, ins_ids=ins_ids, filter=False, fixed_length=generation_length)[0])
TypeError: 'NoneType' object is not subscriptable
Traceback (most recent call last):
  File "/home/xinyue.li/Mitosis/midi_yinyang/yinyang_e3_driver.py", line 258, in main
    cond_continuation(
  File "/home/xinyue.li/Mitosis/midi_yinyang/cp_transformer_yinyang_inference.py", line 86, in cond_continuation
    x1, x2 = decompress(model, preprocess_midi(midi_path, 16, ins_ids=ins_ids, filter=False, fixed_length=generation_length)[0])
TypeError: 'NoneType' object is not subscriptable
Traceback (most recent call last):
  File "/home/xinyue.li/Mitosis/midi_yinyang/yinyang_e3_driver.py", line 258, in main
    cond_continuation(
  File "/home/xinyue.li/Mitosis/midi_yinyang/cp_transformer_yinyang_inference.py", line 86, in cond_continuation
    x1, x2 = decompress(model, preprocess_midi(midi_path, 16, ins_ids=ins_ids, filter=False, fixed_length=generation_length)[0])
TypeError: 'NoneType' object is not subscriptable
Traceback (most recent call last):
  File "/home/xinyue.li/Mitosis/midi_yinyang/yinyang_e3_driver.py", line 258, in main
    cond_continuation(
  File "/home/xinyue.li/Mitosis/midi_yinyang/cp_transformer_yinyang_inference.py", line 86, in cond_continuation
    x1, x2 = decompress(model, preprocess_midi(midi_path, 16, ins_ids=ins_ids, filter=False, fixed_length=generation_length)[0])
TypeError: 'NoneType' object is not subscriptable
[load] ckpt/cp_transformer_yinyang_v5.1_lora_batch_8_pop909_cp8_v2_chord_mel_rev_mask0.25-10-step1/cp_transformer_yinyang_v5.1_lora_batch_8_pop909_cp8_v2_chord_mel_rev_mask0.25-10-step1.epoch=00.val_loss=0.12714.ckpt
285 source midis; direction=mel2chord ins_ids=['track-0', 'track-1']
=== [1/285] 001__s0
  [tempo] output_bpm=120.00
torch.Size([1, 416, 32]) torch.Size([1, 416, 32])
Yinyang Sampling
Sampling 80 / 416
Sampling 90 / 416
Sampling 100 / 416
Sampling 110 / 416
Sampling 120 / 416
Sampling 130 / 416
Sampling 140 / 416
Sampling 150 / 416
Sampling 160 / 416
Sampling 170 / 416
Sampling 180 / 416
Sampling 190 / 416
Sampling 200 / 416
Sampling 210 / 416
Sampling 220 / 416
Sampling 230 / 416
Sampling 240 / 416
Sampling 250 / 416
Sampling 260 / 416
Sampling 270 / 416
Sampling 280 / 416
Sampling 290 / 416
Sampling 300 / 416
Sampling 310 / 416
Sampling 320 / 416
Sampling 330 / 416
Sampling 340 / 416
Sampling 350 / 416
Sampling 360 / 416
Sampling 370 / 416
Sampling 380 / 416
Sampling 390 / 416
Sampling 400 / 416
Sampling 410 / 416
  -> temp/E1_v5b/P-mc/3_y_conditional/001__s0/mel2chord
=== [2/285] 001__s1
  [tempo] output_bpm=120.00
torch.Size([1, 416, 32]) torch.Size([1, 416, 32])
Yinyang Sampling
Sampling 80 / 416
Sampling 90 / 416
Sampling 100 / 416
Sampling 110 / 416
Sampling 120 / 416
Sampling 130 / 416
Sampling 140 / 416
Sampling 150 / 416
Sampling 160 / 416
Sampling 170 / 416
Sampling 180 / 416
Sampling 190 / 416
Sampling 200 / 416
Sampling 210 / 416
Sampling 220 / 416
Sampling 230 / 416
Sampling 240 / 416
Sampling 250 / 416
Sampling 260 / 416
Sampling 270 / 416
Sampling 280 / 416
Sampling 290 / 416
Sampling 300 / 416
Sampling 310 / 416
Sampling 320 / 416
Sampling 330 / 416
Sampling 340 / 416
Sampling 350 / 416
Sampling 360 / 416
Sampling 370 / 416
Sampling 380 / 416
Sampling 390 / 416
Sampling 400 / 416
Sampling 410 / 416
  -> temp/E1_v5b/P-mc/3_y_conditional/001__s1/mel2chord
=== [3/285] 001__s2
  [tempo] output_bpm=120.00
torch.Size([1, 416, 32]) torch.Size([1, 416, 32])
Yinyang Sampling
Sampling 80 / 416
Sampling 90 / 416
Sampling 100 / 416
Sampling 110 / 416
Sampling 120 / 416
Sampling 130 / 416
Sampling 140 / 416
Sampling 150 / 416
Sampling 160 / 416
Sampling 170 / 416
Sampling 180 / 416
Sampling 190 / 416
Sampling 200 / 416
Sampling 210 / 416
Sampling 220 / 416
Sampling 230 / 416
Sampling 240 / 416
Sampling 250 / 416
Sampling 260 / 416
Sampling 270 / 416
Sampling 280 / 416
Sampling 290 / 416
Sampling 300 / 416
Sampling 310 / 416
Sampling 320 / 416
Sampling 330 / 416
Sampling 340 / 416
Sampling 350 / 416
Sampling 360 / 416
Sampling 370 / 416
Sampling 380 / 416
Sampling 390 / 416
Sampling 400 / 416
Sampling 410 / 416
  -> temp/E1_v5b/P-mc/3_y_conditional/001__s2/mel2chord
=== [4/285] 002__s0
  [tempo] output_bpm=120.00
torch.Size([1, 416, 32]) torch.Size([1, 416, 32])
Yinyang Sampling
Sampling 80 / 416
Sampling 90 / 416
Sampling 100 / 416
Sampling 110 / 416
Sampling 120 / 416
Sampling 130 / 416
Sampling 140 / 416
Sampling 150 / 416
Sampling 160 / 416
Sampling 170 / 416
Sampling 180 / 416
Sampling 190 / 416
Sampling 200 / 416
Sampling 210 / 416
Sampling 220 / 416
Sampling 230 / 416
Sampling 240 / 416
Sampling 250 / 416
Sampling 260 / 416
Sampling 270 / 416
Sampling 280 / 416
Sampling 290 / 416
Sampling 300 / 416
Sampling 310 / 416
Sampling 320 / 416
Sampling 330 / 416
Sampling 340 / 416
Sampling 350 / 416
Sampling 360 / 416
Sampling 370 / 416
Sampling 380 / 416
Sampling 390 / 416
Sampling 400 / 416
Sampling 410 / 416
  -> temp/E1_v5b/P-mc/3_y_conditional/002__s0/mel2chord
=== [5/285] 002__s1
  [tempo] output_bpm=120.00
torch.Size([1, 416, 32]) torch.Size([1, 416, 32])
Yinyang Sampling
Sampling 80 / 416
Sampling 90 / 416
Sampling 100 / 416
Sampling 110 / 416
Sampling 120 / 416
Sampling 130 / 416
Sampling 140 / 416
Sampling 150 / 416
Sampling 160 / 416
Sampling 170 / 416
Sampling 180 / 416
Sampling 190 / 416
Sampling 200 / 416
Sampling 210 / 416
Sampling 220 / 416
Sampling 230 / 416
Sampling 240 / 416
Sampling 250 / 416
Sampling 260 / 416
Sampling 270 / 416
Sampling 280 / 416
Sampling 290 / 416
Sampling 300 / 416
Sampling 310 / 416
Sampling 320 / 416
Sampling 330 / 416
Sampling 340 / 416
Sampling 350 / 416
Sampling 360 / 416
Sampling 370 / 416
Sampling 380 / 416
Sampling 390 / 416
Sampling 400 / 416
Sampling 410 / 416
  -> temp/E1_v5b/P-mc/3_y_conditional/002__s1/mel2chord
=== [6/285] 002__s2
  [tempo] output_bpm=120.00
torch.Size([1, 416, 32]) torch.Size([1, 416, 32])
Yinyang Sampling
Sampling 80 / 416
Sampling 90 / 416
Sampling 100 / 416
Sampling 110 / 416
Sampling 120 / 416
Sampling 130 / 416
Sampling 140 / 416
Sampling 150 / 416
Sampling 160 / 416
Sampling 170 / 416
Sampling 180 / 416
Sampling 190 / 416
Sampling 200 / 416
Sampling 210 / 416
Sampling 220 / 416
Sampling 230 / 416
Sampling 240 / 416
Sampling 250 / 416
Sampling 260 / 416
Sampling 270 / 416
Sampling 280 / 416
Sampling 290 / 416
Sampling 300 / 416
Sampling 310 / 416
Sampling 320 / 416
Sampling 330 / 416
Sampling 340 / 416
Sampling 350 / 416
Sampling 360 / 416
Sampling 370 / 416
Sampling 380 / 416
Sampling 390 / 416
Sampling 400 / 416
Sampling 410 / 416
  -> temp/E1_v5b/P-mc/3_y_conditional/002__s2/mel2chord
=== [7/285] 003__s0
  [tempo] output_bpm=120.00
torch.Size([1, 416, 32]) torch.Size([1, 416, 32])
Yinyang Sampling
Sampling 80 / 416
Sampling 90 / 416
Sampling 100 / 416
Sampling 110 / 416
Sampling 120 / 416
Sampling 130 / 416
Sampling 140 / 416
Sampling 150 / 416
Sampling 160 / 416
Sampling 170 / 416
Sampling 180 / 416
Sampling 190 / 416
Sampling 200 / 416
Sampling 210 / 416
Sampling 220 / 416
Sampling 230 / 416
Sampling 240 / 416
Sampling 250 / 416
Sampling 260 / 416
Sampling 270 / 416
Sampling 280 / 416
Sampling 290 / 416
Sampling 300 / 416
Sampling 310 / 416
Sampling 320 / 416
Sampling 330 / 416
Sampling 340 / 416
Sampling 350 / 416
Sampling 360 / 416
Sampling 370 / 416
Sampling 380 / 416
Sampling 390 / 416
Sampling 400 / 416
Sampling 410 / 416
  -> temp/E1_v5b/P-mc/3_y_conditional/003__s0/mel2chord
=== [8/285] 003__s1
  [tempo] output_bpm=120.00
torch.Size([1, 416, 32]) torch.Size([1, 416, 32])
Yinyang Sampling
Sampling 80 / 416
Sampling 90 / 416
Sampling 100 / 416
Sampling 110 / 416
Sampling 120 / 416
Sampling 130 / 416
Sampling 140 / 416
Sampling 150 / 416
Sampling 160 / 416
Sampling 170 / 416
Sampling 180 / 416
Sampling 190 / 416
Sampling 200 / 416
Sampling 210 / 416
Sampling 220 / 416
Sampling 230 / 416
Sampling 240 / 416
Sampling 250 / 416
Sampling 260 / 416
Sampling 270 / 416
Sampling 280 / 416
Sampling 290 / 416
Sampling 300 / 416
Sampling 310 / 416
Sampling 320 / 416
Sampling 330 / 416
Sampling 340 / 416
Sampling 350 / 416
Sampling 360 / 416
Sampling 370 / 416
Sampling 380 / 416
Sampling 390 / 416
Sampling 400 / 416
Sampling 410 / 416
  -> temp/E1_v5b/P-mc/3_y_conditional/003__s1/mel2chord
=== [9/285] 003__s2
  [tempo] output_bpm=120.00
torch.Size([1, 416, 32]) torch.Size([1, 416, 32])
Yinyang Sampling
Sampling 80 / 416
Sampling 90 / 416
Sampling 100 / 416
Sampling 110 / 416
Sampling 120 / 416
Sampling 130 / 416
Sampling 140 / 416
Sampling 150 / 416
Sampling 160 / 416
Sampling 170 / 416
Sampling 180 / 416
Sampling 190 / 416
Sampling 200 / 416
Sampling 210 / 416
Sampling 220 / 416
Sampling 230 / 416
Sampling 240 / 416
Sampling 250 / 416
Sampling 260 / 416
Sampling 270 / 416
Sampling 280 / 416
Sampling 290 / 416
Sampling 300 / 416
Sampling 310 / 416
Sampling 320 / 416
Sampling 330 / 416
Sampling 340 / 416
Sampling 350 / 416
Sampling 360 / 416
Sampling 370 / 416
Sampling 380 / 416
Sampling 390 / 416
Sampling 400 / 416
Sampling 410 / 416
  -> temp/E1_v5b/P-mc/3_y_conditional/003__s2/mel2chord
=== [10/285] 004__s0
  [tempo] output_bpm=120.00
torch.Size([1, 416, 32]) torch.Size([1, 416, 32])
Yinyang Sampling
Sampling 80 / 416
Sampling 90 / 416
Sampling 100 / 416
Sampling 110 / 416
Sampling 120 / 416
Sampling 130 / 416
Sampling 140 / 416
Sampling 150 / 416
Sampling 160 / 416
Sampling 170 / 416
Sampling 180 / 416
Sampling 190 / 416
Sampling 200 / 416
Sampling 210 / 416
Sampling 220 / 416
Sampling 230 / 416
Sampling 240 / 416
Sampling 250 / 416
Sampling 260 / 416
Sampling 270 / 416
Sampling 280 / 416
Sampling 290 / 416
Sampling 300 / 416
Sampling 310 / 416
Sampling 320 / 416
Sampling 330 / 416
Sampling 340 / 416
Sampling 350 / 416
Sampling 360 / 416
Sampling 370 / 416
Sampling 380 / 416
Sampling 390 / 416
Sampling 400 / 416
Sampling 410 / 416
  -> temp/E1_v5b/P-mc/3_y_conditional/004__s0/mel2chord
=== [11/285] 004__s1
  [tempo] output_bpm=120.00
torch.Size([1, 416, 32]) torch.Size([1, 416, 32])
Yinyang Sampling
Sampling 80 / 416
Sampling 90 / 416
Sampling 100 / 416
Sampling 110 / 416
Sampling 120 / 416
Sampling 130 / 416
Sampling 140 / 416
Sampling 150 / 416
Sampling 160 / 416
Sampling 170 / 416
Sampling 180 / 416
Sampling 190 / 416
Sampling 200 / 416
Sampling 210 / 416
Sampling 220 / 416
Sampling 230 / 416
Sampling 240 / 416
Sampling 250 / 416
Sampling 260 / 416
Sampling 270 / 416
Sampling 280 / 416
Sampling 290 / 416
Sampling 300 / 416
Sampling 310 / 416
Sampling 320 / 416
Sampling 330 / 416
Sampling 340 / 416
Sampling 350 / 416
Sampling 360 / 416
Sampling 370 / 416
Sampling 380 / 416
Sampling 390 / 416
Sampling 400 / 416
Sampling 410 / 416
  -> temp/E1_v5b/P-mc/3_y_conditional/004__s1/mel2chord
=== [12/285] 004__s2
  [tempo] output_bpm=120.00
torch.Size([1, 416, 32]) torch.Size([1, 416, 32])
Yinyang Sampling
Sampling 80 / 416
Sampling 90 / 416
Sampling 100 / 416
Sampling 110 / 416
Sampling 120 / 416
Sampling 130 / 416
Sampling 140 / 416
Sampling 150 / 416
Sampling 160 / 416
Sampling 170 / 416
Sampling 180 / 416
Sampling 190 / 416
Sampling 200 / 416
Sampling 210 / 416
Sampling 220 / 416
Sampling 230 / 416
Sampling 240 / 416
Sampling 250 / 416
Sampling 260 / 416
Sampling 270 / 416
Sampling 280 / 416
Sampling 290 / 416
Sampling 300 / 416
Sampling 310 / 416
Sampling 320 / 416
Sampling 330 / 416
Sampling 340 / 416
Sampling 350 / 416
Sampling 360 / 416
Sampling 370 / 416
Sampling 380 / 416
Sampling 390 / 416
Sampling 400 / 416
Sampling 410 / 416
  -> temp/E1_v5b/P-mc/3_y_conditional/004__s2/mel2chord
=== [13/285] 005__s0
  [tempo] output_bpm=120.00
torch.Size([1, 416, 32]) torch.Size([1, 416, 32])
Yinyang Sampling
Sampling 80 / 416
Sampling 90 / 416
Sampling 100 / 416
Sampling 110 / 416
Sampling 120 / 416
Sampling 130 / 416
Sampling 140 / 416
Sampling 150 / 416
Sampling 160 / 416
Sampling 170 / 416
Sampling 180 / 416
Sampling 190 / 416
Sampling 200 / 416
Sampling 210 / 416
Sampling 220 / 416
Sampling 230 / 416
Sampling 240 / 416
Sampling 250 / 416
Sampling 260 / 416
Sampling 270 / 416
Sampling 280 / 416
Sampling 290 / 416
Sampling 300 / 416
Sampling 310 / 416
Sampling 320 / 416
Sampling 330 / 416
Sampling 340 / 416
Sampling 350 / 416
Sampling 360 / 416
Sampling 370 / 416
Sampling 380 / 416
Sampling 390 / 416
Sampling 400 / 416
Sampling 410 / 416
  -> temp/E1_v5b/P-mc/3_y_conditional/005__s0/mel2chord
=== [14/285] 005__s1
  [tempo] output_bpm=120.00
torch.Size([1, 416, 32]) torch.Size([1, 416, 32])
Yinyang Sampling
Sampling 80 / 416
Sampling 90 / 416
Sampling 100 / 416
Sampling 110 / 416
Sampling 120 / 416
Sampling 130 / 416
Sampling 140 / 416
Sampling 150 / 416
Sampling 160 / 416
Sampling 170 / 416
Sampling 180 / 416
Sampling 190 / 416
Sampling 200 / 416
Sampling 210 / 416
Sampling 220 / 416
Sampling 230 / 416
Sampling 240 / 416
Sampling 250 / 416
Sampling 260 / 416
Sampling 270 / 416
Sampling 280 / 416
Sampling 290 / 416
Sampling 300 / 416
Sampling 310 / 416
Sampling 320 / 416
Sampling 330 / 416
Sampling 340 / 416
Sampling 350 / 416
Sampling 360 / 416
Sampling 370 / 416
Sampling 380 / 416
Sampling 390 / 416
Sampling 400 / 416
Sampling 410 / 416
  -> temp/E1_v5b/P-mc/3_y_conditional/005__s1/mel2chord
=== [15/285] 005__s2
  [tempo] output_bpm=120.00
torch.Size([1, 416, 32]) torch.Size([1, 416, 32])
Yinyang Sampling
Sampling 80 / 416
Sampling 90 / 416
Sampling 100 / 416
Sampling 110 / 416
Sampling 120 / 416
Sampling 130 / 416
Sampling 140 / 416
Sampling 150 / 416
Sampling 160 / 416
Sampling 170 / 416
Sampling 180 / 416
Sampling 190 / 416
Sampling 200 / 416
Sampling 210 / 416
Sampling 220 / 416
Sampling 230 / 416
Sampling 240 / 416
Sampling 250 / 416
Sampling 260 / 416
Sampling 270 / 416
Sampling 280 / 416
Sampling 290 / 416
Sampling 300 / 416
Sampling 310 / 416
Sampling 320 / 416
Sampling 330 / 416
Sampling 340 / 416
Sampling 350 / 416
Sampling 360 / 416
Sampling 370 / 416
Sampling 380 / 416
Sampling 390 / 416
Sampling 400 / 416
Sampling 410 / 416
  -> temp/E1_v5b/P-mc/3_y_conditional/005__s2/mel2chord
=== [16/285] 006__s0
  [tempo] output_bpm=120.00
torch.Size([1, 416, 32]) torch.Size([1, 416, 32])
Yinyang Sampling
Sampling 80 / 416
Sampling 90 / 416
Sampling 100 / 416
Sampling 110 / 416
Sampling 120 / 416
Sampling 130 / 416
Sampling 140 / 416
Sampling 150 / 416
Sampling 160 / 416
Sampling 170 / 416
Sampling 180 / 416
Sampling 190 / 416
Sampling 200 / 416
Sampling 210 / 416
Sampling 220 / 416
Sampling 230 / 416
Sampling 240 / 416
Sampling 250 / 416
Sampling 260 / 416
Sampling 270 / 416
Sampling 280 / 416
Sampling 290 / 416
Sampling 300 / 416
Sampling 310 / 416
Sampling 320 / 416
Sampling 330 / 416
Sampling 340 / 416
Sampling 350 / 416
Sampling 360 / 416
Sampling 370 / 416
Sampling 380 / 416
Sampling 390 / 416
Sampling 400 / 416
Sampling 410 / 416
  -> temp/E1_v5b/P-mc/3_y_conditional/006__s0/mel2chord
=== [17/285] 006__s1
  [tempo] output_bpm=120.00
torch.Size([1, 416, 32]) torch.Size([1, 416, 32])
Yinyang Sampling
Sampling 80 / 416
Sampling 90 / 416
Sampling 100 / 416
Sampling 110 / 416
Sampling 120 / 416
Sampling 130 / 416
Sampling 140 / 416
Sampling 150 / 416
Sampling 160 / 416
Sampling 170 / 416
Sampling 180 / 416
Sampling 190 / 416
Sampling 200 / 416
Sampling 210 / 416
Sampling 220 / 416
Sampling 230 / 416
Sampling 240 / 416
Sampling 250 / 416
Sampling 260 / 416
Sampling 270 / 416
Sampling 280 / 416
Sampling 290 / 416
Sampling 300 / 416
Sampling 310 / 416
Sampling 320 / 416
Sampling 330 / 416
Sampling 340 / 416
Sampling 350 / 416
Sampling 360 / 416
Sampling 370 / 416
Sampling 380 / 416
Sampling 390 / 416
Sampling 400 / 416
Sampling 410 / 416
  -> temp/E1_v5b/P-mc/3_y_conditional/006__s1/mel2chord
=== [18/285] 006__s2
  [tempo] output_bpm=120.00
torch.Size([1, 416, 32]) torch.Size([1, 416, 32])
Yinyang Sampling
Sampling 80 / 416
Sampling 90 / 416
Sampling 100 / 416
Sampling 110 / 416
Sampling 120 / 416
Sampling 130 / 416
Sampling 140 / 416
Sampling 150 / 416
Sampling 160 / 416
Sampling 170 / 416
Sampling 180 / 416
Sampling 190 / 416
Sampling 200 / 416
Sampling 210 / 416
Sampling 220 / 416
Sampling 230 / 416
Sampling 240 / 416
Sampling 250 / 416
Sampling 260 / 416
Sampling 270 / 416
Sampling 280 / 416
Sampling 290 / 416
Sampling 300 / 416
Sampling 310 / 416
Sampling 320 / 416
Sampling 330 / 416
Sampling 340 / 416
Sampling 350 / 416
Sampling 360 / 416
Sampling 370 / 416
Sampling 380 / 416
Sampling 390 / 416
Sampling 400 / 416
Sampling 410 / 416
  -> temp/E1_v5b/P-mc/3_y_conditional/006__s2/mel2chord
=== [19/285] 016__s0
  [tempo] output_bpm=120.00
torch.Size([1, 416, 32]) torch.Size([1, 416, 32])
Yinyang Sampling
Sampling 80 / 416
Sampling 90 / 416
Sampling 100 / 416
Sampling 110 / 416
Sampling 120 / 416
Sampling 130 / 416
Sampling 140 / 416
Sampling 150 / 416
Sampling 160 / 416
Sampling 170 / 416
Sampling 180 / 416
Sampling 190 / 416
Sampling 200 / 416
Sampling 210 / 416
Sampling 220 / 416
Sampling 230 / 416
Sampling 240 / 416
Sampling 250 / 416
Sampling 260 / 416
Sampling 270 / 416
Sampling 280 / 416
Sampling 290 / 416
Sampling 300 / 416
Sampling 310 / 416
Sampling 320 / 416
Sampling 330 / 416
Sampling 340 / 416
Sampling 350 / 416
Sampling 360 / 416
Sampling 370 / 416
Sampling 380 / 416
Sampling 390 / 416
Sampling 400 / 416
Sampling 410 / 416
  -> temp/E1_v5b/P-mc/3_y_conditional/016__s0/mel2chord
=== [20/285] 016__s1
  [tempo] output_bpm=120.00
torch.Size([1, 416, 32]) torch.Size([1, 416, 32])
Yinyang Sampling
Sampling 80 / 416
Sampling 90 / 416
Sampling 100 / 416
Sampling 110 / 416
Sampling 120 / 416
Sampling 130 / 416
Sampling 140 / 416
Sampling 150 / 416
Sampling 160 / 416
Sampling 170 / 416
Sampling 180 / 416
Sampling 190 / 416
Sampling 200 / 416
Sampling 210 / 416
Sampling 220 / 416
Sampling 230 / 416
Sampling 240 / 416
Sampling 250 / 416
Sampling 260 / 416
Sampling 270 / 416
Sampling 280 / 416
Sampling 290 / 416
Sampling 300 / 416
Sampling 310 / 416
Sampling 320 / 416
Sampling 330 / 416
Sampling 340 / 416
Sampling 350 / 416
Sampling 360 / 416
Sampling 370 / 416
Sampling 380 / 416
Sampling 390 / 416
Sampling 400 / 416
Sampling 410 / 416
  -> temp/E1_v5b/P-mc/3_y_conditional/016__s1/mel2chord
=== [21/285] 016__s2
  [tempo] output_bpm=120.00
torch.Size([1, 416, 32]) torch.Size([1, 416, 32])
Yinyang Sampling
Sampling 80 / 416
Sampling 90 / 416
Sampling 100 / 416
Sampling 110 / 416
Sampling 120 / 416
Sampling 130 / 416
Sampling 140 / 416
Sampling 150 / 416
Sampling 160 / 416
Sampling 170 / 416
Sampling 180 / 416
Sampling 190 / 416
Sampling 200 / 416
Sampling 210 / 416
Sampling 220 / 416
Sampling 230 / 416
Sampling 240 / 416
Sampling 250 / 416
Sampling 260 / 416
Sampling 270 / 416
Sampling 280 / 416
Sampling 290 / 416
Sampling 300 / 416
Sampling 310 / 416
Sampling 320 / 416
Sampling 330 / 416
Sampling 340 / 416
Sampling 350 / 416
Sampling 360 / 416
Sampling 370 / 416
Sampling 380 / 416
Sampling 390 / 416
Sampling 400 / 416
Sampling 410 / 416
  -> temp/E1_v5b/P-mc/3_y_conditional/016__s2/mel2chord
=== [22/285] 026__s0
  [tempo] output_bpm=120.00
torch.Size([1, 416, 32]) torch.Size([1, 416, 32])
Yinyang Sampling
Sampling 80 / 416
Sampling 90 / 416
Sampling 100 / 416
Sampling 110 / 416
Sampling 120 / 416
Sampling 130 / 416
Sampling 140 / 416
Sampling 150 / 416
Sampling 160 / 416
Sampling 170 / 416
Sampling 180 / 416
Sampling 190 / 416
Sampling 200 / 416
Sampling 210 / 416
Sampling 220 / 416
Sampling 230 / 416
Sampling 240 / 416
Sampling 250 / 416
Sampling 260 / 416
Sampling 270 / 416
Sampling 280 / 416
Sampling 290 / 416
Sampling 300 / 416
Sampling 310 / 416
Sampling 320 / 416
Sampling 330 / 416
Sampling 340 / 416
Sampling 350 / 416
Sampling 360 / 416
Sampling 370 / 416
Sampling 380 / 416
Sampling 390 / 416
Sampling 400 / 416
Sampling 410 / 416
  -> temp/E1_v5b/P-mc/3_y_conditional/026__s0/mel2chord
=== [23/285] 026__s1
  [tempo] output_bpm=120.00
torch.Size([1, 416, 32]) torch.Size([1, 416, 32])
Yinyang Sampling
Sampling 80 / 416
Sampling 90 / 416
Sampling 100 / 416
Sampling 110 / 416
Sampling 120 / 416
Sampling 130 / 416
Sampling 140 / 416
Sampling 150 / 416
Sampling 160 / 416
Sampling 170 / 416
Sampling 180 / 416
Sampling 190 / 416
Sampling 200 / 416
Sampling 210 / 416
Sampling 220 / 416
Sampling 230 / 416
Sampling 240 / 416
Sampling 250 / 416
Sampling 260 / 416
Sampling 270 / 416
Sampling 280 / 416
Sampling 290 / 416
Sampling 300 / 416
Sampling 310 / 416
Sampling 320 / 416
Sampling 330 / 416
Sampling 340 / 416
Sampling 350 / 416
Sampling 360 / 416
Sampling 370 / 416
Sampling 380 / 416
Sampling 390 / 416
Sampling 400 / 416
Sampling 410 / 416
  -> temp/E1_v5b/P-mc/3_y_conditional/026__s1/mel2chord
=== [24/285] 026__s2
  [tempo] output_bpm=120.00
torch.Size([1, 416, 32]) torch.Size([1, 416, 32])
Yinyang Sampling
Sampling 80 / 416
Sampling 90 / 416
Sampling 100 / 416
Sampling 110 / 416
Sampling 120 / 416
Sampling 130 / 416
Sampling 140 / 416
Sampling 150 / 416
Sampling 160 / 416
Sampling 170 / 416
Sampling 180 / 416
Sampling 190 / 416
Sampling 200 / 416
Sampling 210 / 416
Sampling 220 / 416
Sampling 230 / 416
Sampling 240 / 416
Sampling 250 / 416
Sampling 260 / 416
Sampling 270 / 416
Sampling 280 / 416
Sampling 290 / 416
Sampling 300 / 416
Sampling 310 / 416
Sampling 320 / 416
Sampling 330 / 416
Sampling 340 / 416
Sampling 350 / 416
Sampling 360 / 416
Sampling 370 / 416
Sampling 380 / 416
Sampling 390 / 416
Sampling 400 / 416
Sampling 410 / 416
  -> temp/E1_v5b/P-mc/3_y_conditional/026__s2/mel2chord
=== [25/285] 036__s0
  [tempo] output_bpm=120.00
torch.Size([1, 416, 32]) torch.Size([1, 416, 32])
Yinyang Sampling
Sampling 80 / 416
Sampling 90 / 416
Sampling 100 / 416
Sampling 110 / 416
Sampling 120 / 416
Sampling 130 / 416
Sampling 140 / 416
Sampling 150 / 416
Sampling 160 / 416
Sampling 170 / 416
Sampling 180 / 416
Sampling 190 / 416
Sampling 200 / 416
Sampling 210 / 416
Sampling 220 / 416
Sampling 230 / 416
Sampling 240 / 416
Sampling 250 / 416
Sampling 260 / 416
Sampling 270 / 416
Sampling 280 / 416
Sampling 290 / 416
Sampling 300 / 416
Sampling 310 / 416
Sampling 320 / 416
Sampling 330 / 416
Sampling 340 / 416
Sampling 350 / 416
Sampling 360 / 416
Sampling 370 / 416
Sampling 380 / 416
Sampling 390 / 416
Sampling 400 / 416
Sampling 410 / 416
  -> temp/E1_v5b/P-mc/3_y_conditional/036__s0/mel2chord
=== [26/285] 036__s1
  [tempo] output_bpm=120.00
torch.Size([1, 416, 32]) torch.Size([1, 416, 32])
Yinyang Sampling
Sampling 80 / 416
Sampling 90 / 416
Sampling 100 / 416
Sampling 110 / 416
Sampling 120 / 416
Sampling 130 / 416
Sampling 140 / 416
Sampling 150 / 416
Sampling 160 / 416
Sampling 170 / 416
Sampling 180 / 416
Sampling 190 / 416
Sampling 200 / 416
Sampling 210 / 416
Sampling 220 / 416
Sampling 230 / 416
Sampling 240 / 416
Sampling 250 / 416
Sampling 260 / 416
Sampling 270 / 416
Sampling 280 / 416
Sampling 290 / 416
Sampling 300 / 416
Sampling 310 / 416
Sampling 320 / 416
Sampling 330 / 416
Sampling 340 / 416
Sampling 350 / 416
Sampling 360 / 416
Sampling 370 / 416
Sampling 380 / 416
Sampling 390 / 416
Sampling 400 / 416
Sampling 410 / 416
  -> temp/E1_v5b/P-mc/3_y_conditional/036__s1/mel2chord
=== [27/285] 036__s2
  [tempo] output_bpm=120.00
torch.Size([1, 416, 32]) torch.Size([1, 416, 32])
Yinyang Sampling
Sampling 80 / 416
Sampling 90 / 416
Sampling 100 / 416
Sampling 110 / 416
Sampling 120 / 416
Sampling 130 / 416
Sampling 140 / 416
Sampling 150 / 416
Sampling 160 / 416
Sampling 170 / 416
Sampling 180 / 416
Sampling 190 / 416
Sampling 200 / 416
Sampling 210 / 416
Sampling 220 / 416
Sampling 230 / 416
Sampling 240 / 416
Sampling 250 / 416
Sampling 260 / 416
Sampling 270 / 416
Sampling 280 / 416
Sampling 290 / 416
Sampling 300 / 416
Sampling 310 / 416
Sampling 320 / 416
Sampling 330 / 416
Sampling 340 / 416
Sampling 350 / 416
Sampling 360 / 416
Sampling 370 / 416
Sampling 380 / 416
Sampling 390 / 416
Sampling 400 / 416
Sampling 410 / 416
  -> temp/E1_v5b/P-mc/3_y_conditional/036__s2/mel2chord
=== [28/285] 046__s0
  [tempo] output_bpm=120.00
torch.Size([1, 416, 32]) torch.Size([1, 416, 32])
Yinyang Sampling
Sampling 80 / 416
Sampling 90 / 416
Sampling 100 / 416
Sampling 110 / 416
Sampling 120 / 416
Sampling 130 / 416
Sampling 140 / 416
Sampling 150 / 416
Sampling 160 / 416
Sampling 170 / 416
Sampling 180 / 416
Sampling 190 / 416
Sampling 200 / 416
Sampling 210 / 416
Sampling 220 / 416
Sampling 230 / 416
Sampling 240 / 416
Sampling 250 / 416
Sampling 260 / 416
Sampling 270 / 416
Sampling 280 / 416
Sampling 290 / 416
Sampling 300 / 416
Sampling 310 / 416
Sampling 320 / 416
Sampling 330 / 416
Sampling 340 / 416
Sampling 350 / 416
Sampling 360 / 416
Sampling 370 / 416
Sampling 380 / 416
Sampling 390 / 416
Sampling 400 / 416
Sampling 410 / 416
  -> temp/E1_v5b/P-mc/3_y_conditional/046__s0/mel2chord
=== [29/285] 046__s1
  [tempo] output_bpm=120.00
torch.Size([1, 416, 32]) torch.Size([1, 416, 32])
Yinyang Sampling
Sampling 80 / 416
Sampling 90 / 416
Sampling 100 / 416
Sampling 110 / 416
Sampling 120 / 416
Sampling 130 / 416
Sampling 140 / 416
Sampling 150 / 416
Sampling 160 / 416
Sampling 170 / 416
Sampling 180 / 416
Sampling 190 / 416
Sampling 200 / 416
Sampling 210 / 416
Sampling 220 / 416
Sampling 230 / 416
Sampling 240 / 416
Sampling 250 / 416
Sampling 260 / 416
Sampling 270 / 416
Sampling 280 / 416
Sampling 290 / 416
Sampling 300 / 416
Sampling 310 / 416
Sampling 320 / 416
Sampling 330 / 416
Sampling 340 / 416
Sampling 350 / 416
Sampling 360 / 416
Sampling 370 / 416
Sampling 380 / 416
Sampling 390 / 416
Sampling 400 / 416
Sampling 410 / 416
  -> temp/E1_v5b/P-mc/3_y_conditional/046__s1/mel2chord
=== [30/285] 046__s2
  [tempo] output_bpm=120.00
torch.Size([1, 416, 32]) torch.Size([1, 416, 32])
Yinyang Sampling
Sampling 80 / 416
Sampling 90 / 416
Sampling 100 / 416
Sampling 110 / 416
Sampling 120 / 416
Sampling 130 / 416
Sampling 140 / 416
Sampling 150 / 416
Sampling 160 / 416
Sampling 170 / 416
Sampling 180 / 416
Sampling 190 / 416
Sampling 200 / 416
Sampling 210 / 416
Sampling 220 / 416
Sampling 230 / 416
Sampling 240 / 416
Sampling 250 / 416
Sampling 260 / 416
Sampling 270 / 416
Sampling 280 / 416
Sampling 290 / 416
Sampling 300 / 416
Sampling 310 / 416
Sampling 320 / 416
Sampling 330 / 416
Sampling 340 / 416
Sampling 350 / 416
Sampling 360 / 416
Sampling 370 / 416
Sampling 380 / 416
Sampling 390 / 416
Sampling 400 / 416
Sampling 410 / 416
  -> temp/E1_v5b/P-mc/3_y_conditional/046__s2/mel2chord
=== [31/285] 056__s0
  [tempo] output_bpm=120.00
torch.Size([1, 416, 32]) torch.Size([1, 416, 32])
Yinyang Sampling
Sampling 80 / 416
Sampling 90 / 416
Sampling 100 / 416
Sampling 110 / 416
Sampling 120 / 416
Sampling 130 / 416
Sampling 140 / 416
Sampling 150 / 416
Sampling 160 / 416
Sampling 170 / 416
Sampling 180 / 416
Sampling 190 / 416
Sampling 200 / 416
Sampling 210 / 416
Sampling 220 / 416
Sampling 230 / 416
Sampling 240 / 416
Sampling 250 / 416
Sampling 260 / 416
Sampling 270 / 416
Sampling 280 / 416
Sampling 290 / 416
Sampling 300 / 416
Sampling 310 / 416
Sampling 320 / 416
Sampling 330 / 416
Sampling 340 / 416
Sampling 350 / 416
Sampling 360 / 416
Sampling 370 / 416
Sampling 380 / 416
Sampling 390 / 416
Sampling 400 / 416
Sampling 410 / 416
  -> temp/E1_v5b/P-mc/3_y_conditional/056__s0/mel2chord
=== [32/285] 056__s1
  [tempo] output_bpm=120.00
torch.Size([1, 416, 32]) torch.Size([1, 416, 32])
Yinyang Sampling
Sampling 80 / 416
Sampling 90 / 416
Sampling 100 / 416
Sampling 110 / 416
Sampling 120 / 416
Sampling 130 / 416
Sampling 140 / 416
Sampling 150 / 416
Sampling 160 / 416
Sampling 170 / 416
Sampling 180 / 416
Sampling 190 / 416
Sampling 200 / 416
Sampling 210 / 416
Sampling 220 / 416
Sampling 230 / 416
Sampling 240 / 416
Sampling 250 / 416
Sampling 260 / 416
Sampling 270 / 416
Sampling 280 / 416
Sampling 290 / 416
Sampling 300 / 416
Sampling 310 / 416
Sampling 320 / 416
Sampling 330 / 416
Sampling 340 / 416
Sampling 350 / 416
Sampling 360 / 416
Sampling 370 / 416
Sampling 380 / 416
Sampling 390 / 416
Sampling 400 / 416
Sampling 410 / 416
  -> temp/E1_v5b/P-mc/3_y_conditional/056__s1/mel2chord
=== [33/285] 056__s2
  [tempo] output_bpm=120.00
torch.Size([1, 416, 32]) torch.Size([1, 416, 32])
Yinyang Sampling
Sampling 80 / 416
Sampling 90 / 416
Sampling 100 / 416
Sampling 110 / 416
Sampling 120 / 416
Sampling 130 / 416
Sampling 140 / 416
Sampling 150 / 416
Sampling 160 / 416
Sampling 170 / 416
Sampling 180 / 416
Sampling 190 / 416
Sampling 200 / 416
Sampling 210 / 416
Sampling 220 / 416
Sampling 230 / 416
Sampling 240 / 416
Sampling 250 / 416
Sampling 260 / 416
Sampling 270 / 416
Sampling 280 / 416
Sampling 290 / 416
Sampling 300 / 416
Sampling 310 / 416
Sampling 320 / 416
Sampling 330 / 416
Sampling 340 / 416
Sampling 350 / 416
Sampling 360 / 416
Sampling 370 / 416
Sampling 380 / 416
Sampling 390 / 416
Sampling 400 / 416
Sampling 410 / 416
  -> temp/E1_v5b/P-mc/3_y_conditional/056__s2/mel2chord
=== [34/285] 066__s0
  [tempo] output_bpm=120.00
torch.Size([1, 416, 32]) torch.Size([1, 416, 32])
Yinyang Sampling
Sampling 80 / 416
Sampling 90 / 416
Sampling 100 / 416
Sampling 110 / 416
Sampling 120 / 416
Sampling 130 / 416
Sampling 140 / 416
Sampling 150 / 416
Sampling 160 / 416
Sampling 170 / 416
Sampling 180 / 416
Sampling 190 / 416
Sampling 200 / 416
Sampling 210 / 416
Sampling 220 / 416
Sampling 230 / 416
Sampling 240 / 416
Sampling 250 / 416
Sampling 260 / 416
Sampling 270 / 416
Sampling 280 / 416
Sampling 290 / 416
Sampling 300 / 416
Sampling 310 / 416
Sampling 320 / 416
Sampling 330 / 416
Sampling 340 / 416
Sampling 350 / 416
Sampling 360 / 416
Sampling 370 / 416
Sampling 380 / 416
Sampling 390 / 416
Sampling 400 / 416
Sampling 410 / 416
  -> temp/E1_v5b/P-mc/3_y_conditional/066__s0/mel2chord
=== [35/285] 066__s1
  [tempo] output_bpm=120.00
torch.Size([1, 416, 32]) torch.Size([1, 416, 32])
Yinyang Sampling
Sampling 80 / 416
Sampling 90 / 416
Sampling 100 / 416
Sampling 110 / 416
Sampling 120 / 416
Sampling 130 / 416
Sampling 140 / 416
Sampling 150 / 416
Sampling 160 / 416
Sampling 170 / 416
Sampling 180 / 416
Sampling 190 / 416
Sampling 200 / 416
Sampling 210 / 416
Sampling 220 / 416
Sampling 230 / 416
Sampling 240 / 416
Sampling 250 / 416
Sampling 260 / 416
Sampling 270 / 416
Sampling 280 / 416
Sampling 290 / 416
Sampling 300 / 416
Sampling 310 / 416
Sampling 320 / 416
Sampling 330 / 416
Sampling 340 / 416
Sampling 350 / 416
Sampling 360 / 416
Sampling 370 / 416
Sampling 380 / 416
Sampling 390 / 416
Sampling 400 / 416
Sampling 410 / 416
  -> temp/E1_v5b/P-mc/3_y_conditional/066__s1/mel2chord
=== [36/285] 066__s2
  [tempo] output_bpm=120.00
torch.Size([1, 416, 32]) torch.Size([1, 416, 32])
Yinyang Sampling
Sampling 80 / 416
Sampling 90 / 416
Sampling 100 / 416
Sampling 110 / 416
Sampling 120 / 416
Sampling 130 / 416
Sampling 140 / 416
Sampling 150 / 416
Sampling 160 / 416
Sampling 170 / 416
Sampling 180 / 416
Sampling 190 / 416
Sampling 200 / 416
Sampling 210 / 416
Sampling 220 / 416
Sampling 230 / 416
Sampling 240 / 416
Sampling 250 / 416
Sampling 260 / 416
Sampling 270 / 416
Sampling 280 / 416
Sampling 290 / 416
Sampling 300 / 416
Sampling 310 / 416
Sampling 320 / 416
Sampling 330 / 416
Sampling 340 / 416
Sampling 350 / 416
Sampling 360 / 416
Sampling 370 / 416
Sampling 380 / 416
Sampling 390 / 416
Sampling 400 / 416
Sampling 410 / 416
  -> temp/E1_v5b/P-mc/3_y_conditional/066__s2/mel2chord
=== [37/285] 076__s0
  [tempo] output_bpm=120.00
torch.Size([1, 416, 32]) torch.Size([1, 416, 32])
Yinyang Sampling
Sampling 80 / 416
Sampling 90 / 416
Sampling 100 / 416
Sampling 110 / 416
Sampling 120 / 416
Sampling 130 / 416
Sampling 140 / 416
Sampling 150 / 416
Sampling 160 / 416
Sampling 170 / 416
Sampling 180 / 416
Sampling 190 / 416
Sampling 200 / 416
Sampling 210 / 416
Sampling 220 / 416
Sampling 230 / 416
Sampling 240 / 416
Sampling 250 / 416
Sampling 260 / 416
Sampling 270 / 416
Sampling 280 / 416
Sampling 290 / 416
Sampling 300 / 416
Sampling 310 / 416
Sampling 320 / 416
Sampling 330 / 416
Sampling 340 / 416
Sampling 350 / 416
Sampling 360 / 416
Sampling 370 / 416
Sampling 380 / 416
Sampling 390 / 416
Sampling 400 / 416
Sampling 410 / 416
  -> temp/E1_v5b/P-mc/3_y_conditional/076__s0/mel2chord
=== [38/285] 076__s1
  [tempo] output_bpm=120.00
torch.Size([1, 416, 32]) torch.Size([1, 416, 32])
Yinyang Sampling
Sampling 80 / 416
Sampling 90 / 416
Sampling 100 / 416
Sampling 110 / 416
Sampling 120 / 416
Sampling 130 / 416
Sampling 140 / 416
Sampling 150 / 416
Sampling 160 / 416
Sampling 170 / 416
Sampling 180 / 416
Sampling 190 / 416
Sampling 200 / 416
Sampling 210 / 416
Sampling 220 / 416
Sampling 230 / 416
Sampling 240 / 416
Sampling 250 / 416
Sampling 260 / 416
Sampling 270 / 416
Sampling 280 / 416
Sampling 290 / 416
Sampling 300 / 416
Sampling 310 / 416
Sampling 320 / 416
Sampling 330 / 416
Sampling 340 / 416
Sampling 350 / 416
Sampling 360 / 416
Sampling 370 / 416
Sampling 380 / 416
Sampling 390 / 416
Sampling 400 / 416
Sampling 410 / 416
  -> temp/E1_v5b/P-mc/3_y_conditional/076__s1/mel2chord
=== [39/285] 076__s2
  [tempo] output_bpm=120.00
torch.Size([1, 416, 32]) torch.Size([1, 416, 32])
Yinyang Sampling
Sampling 80 / 416
Sampling 90 / 416
Sampling 100 / 416
Sampling 110 / 416
Sampling 120 / 416
Sampling 130 / 416
Sampling 140 / 416
Sampling 150 / 416
Sampling 160 / 416
Sampling 170 / 416
Sampling 180 / 416
Sampling 190 / 416
Sampling 200 / 416
Sampling 210 / 416
Sampling 220 / 416
Sampling 230 / 416
Sampling 240 / 416
Sampling 250 / 416
Sampling 260 / 416
Sampling 270 / 416
Sampling 280 / 416
Sampling 290 / 416
Sampling 300 / 416
Sampling 310 / 416
Sampling 320 / 416
Sampling 330 / 416
Sampling 340 / 416
Sampling 350 / 416
Sampling 360 / 416
Sampling 370 / 416
Sampling 380 / 416
Sampling 390 / 416
Sampling 400 / 416
Sampling 410 / 416
  -> temp/E1_v5b/P-mc/3_y_conditional/076__s2/mel2chord
=== [40/285] 086__s0
  [tempo] output_bpm=120.00
torch.Size([1, 416, 32]) torch.Size([1, 416, 32])
Yinyang Sampling
Sampling 80 / 416
Sampling 90 / 416
Sampling 100 / 416
Sampling 110 / 416
Sampling 120 / 416
Sampling 130 / 416
Sampling 140 / 416
Sampling 150 / 416
Sampling 160 / 416
Sampling 170 / 416
Sampling 180 / 416
Sampling 190 / 416
Sampling 200 / 416
Sampling 210 / 416
Sampling 220 / 416
Sampling 230 / 416
Sampling 240 / 416
Sampling 250 / 416
Sampling 260 / 416
Sampling 270 / 416
Sampling 280 / 416
Sampling 290 / 416
Sampling 300 / 416
Sampling 310 / 416
Sampling 320 / 416
Sampling 330 / 416
Sampling 340 / 416
Sampling 350 / 416
Sampling 360 / 416
Sampling 370 / 416
Sampling 380 / 416
Sampling 390 / 416
Sampling 400 / 416
Sampling 410 / 416
  -> temp/E1_v5b/P-mc/3_y_conditional/086__s0/mel2chord
=== [41/285] 086__s1
  [tempo] output_bpm=120.00
torch.Size([1, 416, 32]) torch.Size([1, 416, 32])
Yinyang Sampling
Sampling 80 / 416
Sampling 90 / 416
Sampling 100 / 416
Sampling 110 / 416
Sampling 120 / 416
Sampling 130 / 416
Sampling 140 / 416
Sampling 150 / 416
Sampling 160 / 416
Sampling 170 / 416
Sampling 180 / 416
Sampling 190 / 416
Sampling 200 / 416
Sampling 210 / 416
Sampling 220 / 416
Sampling 230 / 416
Sampling 240 / 416
Sampling 250 / 416
Sampling 260 / 416
Sampling 270 / 416
Sampling 280 / 416
Sampling 290 / 416
Sampling 300 / 416
Sampling 310 / 416
Sampling 320 / 416
Sampling 330 / 416
Sampling 340 / 416
Sampling 350 / 416
Sampling 360 / 416
Sampling 370 / 416
Sampling 380 / 416
Sampling 390 / 416
Sampling 400 / 416
Sampling 410 / 416
  -> temp/E1_v5b/P-mc/3_y_conditional/086__s1/mel2chord
=== [42/285] 086__s2
  [tempo] output_bpm=120.00
torch.Size([1, 416, 32]) torch.Size([1, 416, 32])
Yinyang Sampling
Sampling 80 / 416
Sampling 90 / 416
Sampling 100 / 416
Sampling 110 / 416
Sampling 120 / 416
Sampling 130 / 416
Sampling 140 / 416
Sampling 150 / 416
Sampling 160 / 416
Sampling 170 / 416
Sampling 180 / 416
Sampling 190 / 416
Sampling 200 / 416
Sampling 210 / 416
Sampling 220 / 416
Sampling 230 / 416
Sampling 240 / 416
Sampling 250 / 416
Sampling 260 / 416
Sampling 270 / 416
Sampling 280 / 416
Sampling 290 / 416
Sampling 300 / 416
Sampling 310 / 416
Sampling 320 / 416
Sampling 330 / 416
Sampling 340 / 416
Sampling 350 / 416
Sampling 360 / 416
Sampling 370 / 416
Sampling 380 / 416
Sampling 390 / 416
Sampling 400 / 416
Sampling 410 / 416
  -> temp/E1_v5b/P-mc/3_y_conditional/086__s2/mel2chord
=== [43/285] 096__s0
  [tempo] output_bpm=120.00
torch.Size([1, 416, 32]) torch.Size([1, 416, 32])
Yinyang Sampling
Sampling 80 / 416
Sampling 90 / 416
Sampling 100 / 416
Sampling 110 / 416
Sampling 120 / 416
Sampling 130 / 416
Sampling 140 / 416
Sampling 150 / 416
Sampling 160 / 416
Sampling 170 / 416
Sampling 180 / 416
Sampling 190 / 416
Sampling 200 / 416
Sampling 210 / 416
Sampling 220 / 416
Sampling 230 / 416
Sampling 240 / 416
Sampling 250 / 416
Sampling 260 / 416
Sampling 270 / 416
Sampling 280 / 416
Sampling 290 / 416
Sampling 300 / 416
Sampling 310 / 416
Sampling 320 / 416
Sampling 330 / 416
Sampling 340 / 416
Sampling 350 / 416
Sampling 360 / 416
Sampling 370 / 416
Sampling 380 / 416
Sampling 390 / 416
Sampling 400 / 416
Sampling 410 / 416
  -> temp/E1_v5b/P-mc/3_y_conditional/096__s0/mel2chord
=== [44/285] 096__s1
  [tempo] output_bpm=120.00
torch.Size([1, 416, 32]) torch.Size([1, 416, 32])
Yinyang Sampling
Sampling 80 / 416
Sampling 90 / 416
Sampling 100 / 416
Sampling 110 / 416
Sampling 120 / 416
Sampling 130 / 416
Sampling 140 / 416
Sampling 150 / 416
Sampling 160 / 416
Sampling 170 / 416
Sampling 180 / 416
Sampling 190 / 416
Sampling 200 / 416
Sampling 210 / 416
Sampling 220 / 416
Sampling 230 / 416
Sampling 240 / 416
Sampling 250 / 416
Sampling 260 / 416
Sampling 270 / 416
Sampling 280 / 416
Sampling 290 / 416
Sampling 300 / 416
Sampling 310 / 416
Sampling 320 / 416
Sampling 330 / 416
Sampling 340 / 416
Sampling 350 / 416
Sampling 360 / 416
Sampling 370 / 416
Sampling 380 / 416
Sampling 390 / 416
Sampling 400 / 416
Sampling 410 / 416
  -> temp/E1_v5b/P-mc/3_y_conditional/096__s1/mel2chord
=== [45/285] 096__s2
  [tempo] output_bpm=120.00
torch.Size([1, 416, 32]) torch.Size([1, 416, 32])
Yinyang Sampling
Sampling 80 / 416
Sampling 90 / 416
Sampling 100 / 416
Sampling 110 / 416
Sampling 120 / 416
Sampling 130 / 416
Sampling 140 / 416
Sampling 150 / 416
Sampling 160 / 416
Sampling 170 / 416
Sampling 180 / 416
Sampling 190 / 416
Sampling 200 / 416
Sampling 210 / 416
Sampling 220 / 416
Sampling 230 / 416
Sampling 240 / 416
Sampling 250 / 416
Sampling 260 / 416
Sampling 270 / 416
Sampling 280 / 416
Sampling 290 / 416
Sampling 300 / 416
Sampling 310 / 416
Sampling 320 / 416
Sampling 330 / 416
Sampling 340 / 416
Sampling 350 / 416
Sampling 360 / 416
Sampling 370 / 416
Sampling 380 / 416
Sampling 390 / 416
Sampling 400 / 416
Sampling 410 / 416
  -> temp/E1_v5b/P-mc/3_y_conditional/096__s2/mel2chord
=== [46/285] 106__s0
  [tempo] output_bpm=120.00
torch.Size([1, 416, 32]) torch.Size([1, 416, 32])
Yinyang Sampling
Sampling 80 / 416
Sampling 90 / 416
Sampling 100 / 416
Sampling 110 / 416
Sampling 120 / 416
Sampling 130 / 416
Sampling 140 / 416
Sampling 150 / 416
Sampling 160 / 416
Sampling 170 / 416
Sampling 180 / 416
Sampling 190 / 416
Sampling 200 / 416
Sampling 210 / 416
Sampling 220 / 416
Sampling 230 / 416
Sampling 240 / 416
Sampling 250 / 416
Sampling 260 / 416
Sampling 270 / 416
Sampling 280 / 416
Sampling 290 / 416
Sampling 300 / 416
Sampling 310 / 416
Sampling 320 / 416
Sampling 330 / 416
Sampling 340 / 416
Sampling 350 / 416
Sampling 360 / 416
Sampling 370 / 416
Sampling 380 / 416
Sampling 390 / 416
Sampling 400 / 416
Sampling 410 / 416
  -> temp/E1_v5b/P-mc/3_y_conditional/106__s0/mel2chord
=== [47/285] 106__s1
  [tempo] output_bpm=120.00
torch.Size([1, 416, 32]) torch.Size([1, 416, 32])
Yinyang Sampling
Sampling 80 / 416
Sampling 90 / 416
Sampling 100 / 416
Sampling 110 / 416
Sampling 120 / 416
Sampling 130 / 416
Sampling 140 / 416
Sampling 150 / 416
Sampling 160 / 416
Sampling 170 / 416
Sampling 180 / 416
Sampling 190 / 416
Sampling 200 / 416
Sampling 210 / 416
Sampling 220 / 416
Sampling 230 / 416
Sampling 240 / 416
Sampling 250 / 416
Sampling 260 / 416
Sampling 270 / 416
Sampling 280 / 416
Sampling 290 / 416
Sampling 300 / 416
Sampling 310 / 416
Sampling 320 / 416
Sampling 330 / 416
Sampling 340 / 416
Sampling 350 / 416
Sampling 360 / 416
Sampling 370 / 416
Sampling 380 / 416
Sampling 390 / 416
Sampling 400 / 416
Sampling 410 / 416
  -> temp/E1_v5b/P-mc/3_y_conditional/106__s1/mel2chord
=== [48/285] 106__s2
  [tempo] output_bpm=120.00
torch.Size([1, 416, 32]) torch.Size([1, 416, 32])
Yinyang Sampling
Sampling 80 / 416
Sampling 90 / 416
Sampling 100 / 416
Sampling 110 / 416
Sampling 120 / 416
Sampling 130 / 416
Sampling 140 / 416
Sampling 150 / 416
Sampling 160 / 416
Sampling 170 / 416
Sampling 180 / 416
Sampling 190 / 416
Sampling 200 / 416
Sampling 210 / 416
Sampling 220 / 416
Sampling 230 / 416
Sampling 240 / 416
Sampling 250 / 416
Sampling 260 / 416
Sampling 270 / 416
Sampling 280 / 416
Sampling 290 / 416
Sampling 300 / 416
Sampling 310 / 416
Sampling 320 / 416
Sampling 330 / 416
Sampling 340 / 416
Sampling 350 / 416
Sampling 360 / 416
Sampling 370 / 416
Sampling 380 / 416
Sampling 390 / 416
Sampling 400 / 416
Sampling 410 / 416
  -> temp/E1_v5b/P-mc/3_y_conditional/106__s2/mel2chord
=== [49/285] 116__s0
  [tempo] output_bpm=120.00
torch.Size([1, 416, 32]) torch.Size([1, 416, 32])
Yinyang Sampling
Sampling 80 / 416
Sampling 90 / 416
Sampling 100 / 416
Sampling 110 / 416
Sampling 120 / 416
Sampling 130 / 416
Sampling 140 / 416
Sampling 150 / 416
Sampling 160 / 416
Sampling 170 / 416
Sampling 180 / 416
Sampling 190 / 416
Sampling 200 / 416
Sampling 210 / 416
Sampling 220 / 416
Sampling 230 / 416
Sampling 240 / 416
Sampling 250 / 416
Sampling 260 / 416
Sampling 270 / 416
Sampling 280 / 416
Sampling 290 / 416
Sampling 300 / 416
Sampling 310 / 416
Sampling 320 / 416
Sampling 330 / 416
Sampling 340 / 416
Sampling 350 / 416
Sampling 360 / 416
Sampling 370 / 416
Sampling 380 / 416
Sampling 390 / 416
Sampling 400 / 416
Sampling 410 / 416
  -> temp/E1_v5b/P-mc/3_y_conditional/116__s0/mel2chord
=== [50/285] 116__s1
  [tempo] output_bpm=120.00
torch.Size([1, 416, 32]) torch.Size([1, 416, 32])
Yinyang Sampling
Sampling 80 / 416
Sampling 90 / 416
Sampling 100 / 416
Sampling 110 / 416
Sampling 120 / 416
Sampling 130 / 416
Sampling 140 / 416
Sampling 150 / 416
Sampling 160 / 416
Sampling 170 / 416
Sampling 180 / 416
Sampling 190 / 416
Sampling 200 / 416
Sampling 210 / 416
Sampling 220 / 416
Sampling 230 / 416
Sampling 240 / 416
Sampling 250 / 416
Sampling 260 / 416
Sampling 270 / 416
Sampling 280 / 416
Sampling 290 / 416
Sampling 300 / 416
Sampling 310 / 416
Sampling 320 / 416
Sampling 330 / 416
Sampling 340 / 416
Sampling 350 / 416
Sampling 360 / 416
Sampling 370 / 416
Sampling 380 / 416
Sampling 390 / 416
Sampling 400 / 416
Sampling 410 / 416
  -> temp/E1_v5b/P-mc/3_y_conditional/116__s1/mel2chord
=== [51/285] 116__s2
  [tempo] output_bpm=120.00
torch.Size([1, 416, 32]) torch.Size([1, 416, 32])
Yinyang Sampling
Sampling 80 / 416
Sampling 90 / 416
Sampling 100 / 416
Sampling 110 / 416
Sampling 120 / 416
Sampling 130 / 416
Sampling 140 / 416
Sampling 150 / 416
Sampling 160 / 416
Sampling 170 / 416
Sampling 180 / 416
Sampling 190 / 416
Sampling 200 / 416
Sampling 210 / 416
Sampling 220 / 416
Sampling 230 / 416
Sampling 240 / 416
Sampling 250 / 416
Sampling 260 / 416
Sampling 270 / 416
Sampling 280 / 416
Sampling 290 / 416
Sampling 300 / 416
Sampling 310 / 416
Sampling 320 / 416
Sampling 330 / 416
Sampling 340 / 416
Sampling 350 / 416
Sampling 360 / 416
Sampling 370 / 416
Sampling 380 / 416
Sampling 390 / 416
Sampling 400 / 416
Sampling 410 / 416
  -> temp/E1_v5b/P-mc/3_y_conditional/116__s2/mel2chord
=== [52/285] 126__s0
  [tempo] output_bpm=120.00
torch.Size([1, 416, 32]) torch.Size([1, 416, 32])
Yinyang Sampling
Sampling 80 / 416
Sampling 90 / 416
Sampling 100 / 416
Sampling 110 / 416
Sampling 120 / 416
Sampling 130 / 416
Sampling 140 / 416
Sampling 150 / 416
Sampling 160 / 416
Sampling 170 / 416
Sampling 180 / 416
Sampling 190 / 416
Sampling 200 / 416
Sampling 210 / 416
Sampling 220 / 416
Sampling 230 / 416
Sampling 240 / 416
Sampling 250 / 416
Sampling 260 / 416
Sampling 270 / 416
Sampling 280 / 416
Sampling 290 / 416
Sampling 300 / 416
Sampling 310 / 416
Sampling 320 / 416
Sampling 330 / 416
Sampling 340 / 416
Sampling 350 / 416
Sampling 360 / 416
Sampling 370 / 416
Sampling 380 / 416
Sampling 390 / 416
Sampling 400 / 416
Sampling 410 / 416
  -> temp/E1_v5b/P-mc/3_y_conditional/126__s0/mel2chord
=== [53/285] 126__s1
  [tempo] output_bpm=120.00
torch.Size([1, 416, 32]) torch.Size([1, 416, 32])
Yinyang Sampling
Sampling 80 / 416
Sampling 90 / 416
Sampling 100 / 416
Sampling 110 / 416
Sampling 120 / 416
Sampling 130 / 416
Sampling 140 / 416
Sampling 150 / 416
Sampling 160 / 416
Sampling 170 / 416
Sampling 180 / 416
Sampling 190 / 416
Sampling 200 / 416
Sampling 210 / 416
Sampling 220 / 416
Sampling 230 / 416
Sampling 240 / 416
Sampling 250 / 416
Sampling 260 / 416
Sampling 270 / 416
Sampling 280 / 416
Sampling 290 / 416
Sampling 300 / 416
Sampling 310 / 416
Sampling 320 / 416
Sampling 330 / 416
Sampling 340 / 416
Sampling 350 / 416
Sampling 360 / 416
Sampling 370 / 416
Sampling 380 / 416
Sampling 390 / 416
Sampling 400 / 416
Sampling 410 / 416
  -> temp/E1_v5b/P-mc/3_y_conditional/126__s1/mel2chord
=== [54/285] 126__s2
  [tempo] output_bpm=120.00
torch.Size([1, 416, 32]) torch.Size([1, 416, 32])
Yinyang Sampling
Sampling 80 / 416
Sampling 90 / 416
Sampling 100 / 416
Sampling 110 / 416
Sampling 120 / 416
Sampling 130 / 416
Sampling 140 / 416
Sampling 150 / 416
Sampling 160 / 416
Sampling 170 / 416
Sampling 180 / 416
Sampling 190 / 416
Sampling 200 / 416
Sampling 210 / 416
Sampling 220 / 416
Sampling 230 / 416
Sampling 240 / 416
Sampling 250 / 416
Sampling 260 / 416
Sampling 270 / 416
Sampling 280 / 416
Sampling 290 / 416
Sampling 300 / 416
Sampling 310 / 416
Sampling 320 / 416
Sampling 330 / 416
Sampling 340 / 416
Sampling 350 / 416
Sampling 360 / 416
Sampling 370 / 416
Sampling 380 / 416
Sampling 390 / 416
Sampling 400 / 416
Sampling 410 / 416
  -> temp/E1_v5b/P-mc/3_y_conditional/126__s2/mel2chord
=== [55/285] 136__s0
  [tempo] output_bpm=120.00
torch.Size([1, 416, 32]) torch.Size([1, 416, 32])
Yinyang Sampling
Sampling 80 / 416
Sampling 90 / 416
Sampling 100 / 416
Sampling 110 / 416
Sampling 120 / 416
Sampling 130 / 416
Sampling 140 / 416
Sampling 150 / 416
Sampling 160 / 416
Sampling 170 / 416
Sampling 180 / 416
Sampling 190 / 416
Sampling 200 / 416
Sampling 210 / 416
Sampling 220 / 416
Sampling 230 / 416
Sampling 240 / 416
Sampling 250 / 416
Sampling 260 / 416
Sampling 270 / 416
Sampling 280 / 416
Sampling 290 / 416
Sampling 300 / 416
Sampling 310 / 416
Sampling 320 / 416
Sampling 330 / 416
Sampling 340 / 416
Sampling 350 / 416
Sampling 360 / 416
Sampling 370 / 416
Sampling 380 / 416
Sampling 390 / 416
Sampling 400 / 416
Sampling 410 / 416
  -> temp/E1_v5b/P-mc/3_y_conditional/136__s0/mel2chord
=== [56/285] 136__s1
  [tempo] output_bpm=120.00
torch.Size([1, 416, 32]) torch.Size([1, 416, 32])
Yinyang Sampling
Sampling 80 / 416
Sampling 90 / 416
Sampling 100 / 416
Sampling 110 / 416
Sampling 120 / 416
Sampling 130 / 416
Sampling 140 / 416
Sampling 150 / 416
Sampling 160 / 416
Sampling 170 / 416
Sampling 180 / 416
Sampling 190 / 416
Sampling 200 / 416
Sampling 210 / 416
Sampling 220 / 416
Sampling 230 / 416
Sampling 240 / 416
Sampling 250 / 416
Sampling 260 / 416
Sampling 270 / 416
Sampling 280 / 416
Sampling 290 / 416
Sampling 300 / 416
Sampling 310 / 416
Sampling 320 / 416
Sampling 330 / 416
Sampling 340 / 416
Sampling 350 / 416
Sampling 360 / 416
Sampling 370 / 416
Sampling 380 / 416
Sampling 390 / 416
Sampling 400 / 416
Sampling 410 / 416
  -> temp/E1_v5b/P-mc/3_y_conditional/136__s1/mel2chord
=== [57/285] 136__s2
  [tempo] output_bpm=120.00
torch.Size([1, 416, 32]) torch.Size([1, 416, 32])
Yinyang Sampling
Sampling 80 / 416
Sampling 90 / 416
Sampling 100 / 416
Sampling 110 / 416
Sampling 120 / 416
Sampling 130 / 416
Sampling 140 / 416
Sampling 150 / 416
Sampling 160 / 416
Sampling 170 / 416
Sampling 180 / 416
Sampling 190 / 416
Sampling 200 / 416
Sampling 210 / 416
Sampling 220 / 416
Sampling 230 / 416
Sampling 240 / 416
Sampling 250 / 416
Sampling 260 / 416
Sampling 270 / 416
Sampling 280 / 416
Sampling 290 / 416
Sampling 300 / 416
Sampling 310 / 416
Sampling 320 / 416
Sampling 330 / 416
Sampling 340 / 416
Sampling 350 / 416
Sampling 360 / 416
Sampling 370 / 416
Sampling 380 / 416
Sampling 390 / 416
Sampling 400 / 416
Sampling 410 / 416
  -> temp/E1_v5b/P-mc/3_y_conditional/136__s2/mel2chord
=== [58/285] 146__s0
  [tempo] output_bpm=120.00
torch.Size([1, 416, 32]) torch.Size([1, 416, 32])
Yinyang Sampling
Sampling 80 / 416
Sampling 90 / 416
Sampling 100 / 416
Sampling 110 / 416
Sampling 120 / 416
Sampling 130 / 416
Sampling 140 / 416
Sampling 150 / 416
Sampling 160 / 416
Sampling 170 / 416
Sampling 180 / 416
Sampling 190 / 416
Sampling 200 / 416
Sampling 210 / 416
Sampling 220 / 416
Sampling 230 / 416
Sampling 240 / 416
Sampling 250 / 416
Sampling 260 / 416
Sampling 270 / 416
Sampling 280 / 416
Sampling 290 / 416
Sampling 300 / 416
Sampling 310 / 416
Sampling 320 / 416
Sampling 330 / 416
Sampling 340 / 416
Sampling 350 / 416
Sampling 360 / 416
Sampling 370 / 416
Sampling 380 / 416
Sampling 390 / 416
Sampling 400 / 416
Sampling 410 / 416
  -> temp/E1_v5b/P-mc/3_y_conditional/146__s0/mel2chord
=== [59/285] 146__s1
  [tempo] output_bpm=120.00
torch.Size([1, 416, 32]) torch.Size([1, 416, 32])
Yinyang Sampling
Sampling 80 / 416
Sampling 90 / 416
Sampling 100 / 416
Sampling 110 / 416
Sampling 120 / 416
Sampling 130 / 416
Sampling 140 / 416
Sampling 150 / 416
Sampling 160 / 416
Sampling 170 / 416
Sampling 180 / 416
Sampling 190 / 416
Sampling 200 / 416
Sampling 210 / 416
Sampling 220 / 416
Sampling 230 / 416
Sampling 240 / 416
Sampling 250 / 416
Sampling 260 / 416
Sampling 270 / 416
Sampling 280 / 416
Sampling 290 / 416
Sampling 300 / 416
Sampling 310 / 416
Sampling 320 / 416
Sampling 330 / 416
Sampling 340 / 416
Sampling 350 / 416
Sampling 360 / 416
Sampling 370 / 416
Sampling 380 / 416
Sampling 390 / 416
Sampling 400 / 416
Sampling 410 / 416
  -> temp/E1_v5b/P-mc/3_y_conditional/146__s1/mel2chord
=== [60/285] 146__s2
  [tempo] output_bpm=120.00
torch.Size([1, 416, 32]) torch.Size([1, 416, 32])
Yinyang Sampling
Sampling 80 / 416
Sampling 90 / 416
Sampling 100 / 416
Sampling 110 / 416
Sampling 120 / 416
Sampling 130 / 416
Sampling 140 / 416
Sampling 150 / 416
Sampling 160 / 416
Sampling 170 / 416
Sampling 180 / 416
Sampling 190 / 416
Sampling 200 / 416
Sampling 210 / 416
Sampling 220 / 416
Sampling 230 / 416
Sampling 240 / 416
Sampling 250 / 416
Sampling 260 / 416
Sampling 270 / 416
Sampling 280 / 416
Sampling 290 / 416
Sampling 300 / 416
Sampling 310 / 416
Sampling 320 / 416
Sampling 330 / 416
Sampling 340 / 416
Sampling 350 / 416
Sampling 360 / 416
Sampling 370 / 416
Sampling 380 / 416
Sampling 390 / 416
Sampling 400 / 416
Sampling 410 / 416
  -> temp/E1_v5b/P-mc/3_y_conditional/146__s2/mel2chord
=== [61/285] 156__s0
  [tempo] output_bpm=120.00
torch.Size([1, 416, 32]) torch.Size([1, 416, 32])
Yinyang Sampling
Sampling 80 / 416
Sampling 90 / 416
Sampling 100 / 416
Sampling 110 / 416
Sampling 120 / 416
Sampling 130 / 416
Sampling 140 / 416
Sampling 150 / 416
Sampling 160 / 416
Sampling 170 / 416
Sampling 180 / 416
Sampling 190 / 416
Sampling 200 / 416
Sampling 210 / 416
Sampling 220 / 416
Sampling 230 / 416
Sampling 240 / 416
Sampling 250 / 416
Sampling 260 / 416
Sampling 270 / 416
Sampling 280 / 416
Sampling 290 / 416
Sampling 300 / 416
Sampling 310 / 416
Sampling 320 / 416
Sampling 330 / 416
Sampling 340 / 416
Sampling 350 / 416
Sampling 360 / 416
Sampling 370 / 416
Sampling 380 / 416
Sampling 390 / 416
Sampling 400 / 416
Sampling 410 / 416
  -> temp/E1_v5b/P-mc/3_y_conditional/156__s0/mel2chord
=== [62/285] 156__s1
  [tempo] output_bpm=120.00
torch.Size([1, 416, 32]) torch.Size([1, 416, 32])
Yinyang Sampling
Sampling 80 / 416
Sampling 90 / 416
Sampling 100 / 416
Sampling 110 / 416
Sampling 120 / 416
Sampling 130 / 416
Sampling 140 / 416
Sampling 150 / 416
Sampling 160 / 416
Sampling 170 / 416
Sampling 180 / 416
Sampling 190 / 416
Sampling 200 / 416
Sampling 210 / 416
Sampling 220 / 416
Sampling 230 / 416
Sampling 240 / 416
Sampling 250 / 416
Sampling 260 / 416
Sampling 270 / 416
Sampling 280 / 416
Sampling 290 / 416
Sampling 300 / 416
Sampling 310 / 416
Sampling 320 / 416
Sampling 330 / 416
Sampling 340 / 416
Sampling 350 / 416
Sampling 360 / 416
Sampling 370 / 416
Sampling 380 / 416
Sampling 390 / 416
Sampling 400 / 416
Sampling 410 / 416
  -> temp/E1_v5b/P-mc/3_y_conditional/156__s1/mel2chord
=== [63/285] 156__s2
  [tempo] output_bpm=120.00
torch.Size([1, 416, 32]) torch.Size([1, 416, 32])
Yinyang Sampling
Sampling 80 / 416
Sampling 90 / 416
Sampling 100 / 416
Sampling 110 / 416
Sampling 120 / 416
Sampling 130 / 416
Sampling 140 / 416
Sampling 150 / 416
Sampling 160 / 416
Sampling 170 / 416
Sampling 180 / 416
Sampling 190 / 416
Sampling 200 / 416
Sampling 210 / 416
Sampling 220 / 416
Sampling 230 / 416
Sampling 240 / 416
Sampling 250 / 416
Sampling 260 / 416
Sampling 270 / 416
Sampling 280 / 416
Sampling 290 / 416
Sampling 300 / 416
Sampling 310 / 416
Sampling 320 / 416
Sampling 330 / 416
Sampling 340 / 416
Sampling 350 / 416
Sampling 360 / 416
Sampling 370 / 416
Sampling 380 / 416
Sampling 390 / 416
Sampling 400 / 416
Sampling 410 / 416
  -> temp/E1_v5b/P-mc/3_y_conditional/156__s2/mel2chord
=== [64/285] 166__s0
  [tempo] output_bpm=120.00
torch.Size([1, 416, 32]) torch.Size([1, 416, 32])
Yinyang Sampling
Sampling 80 / 416
Sampling 90 / 416
Sampling 100 / 416
Sampling 110 / 416
Sampling 120 / 416
Sampling 130 / 416
Sampling 140 / 416
Sampling 150 / 416
Sampling 160 / 416
Sampling 170 / 416
Sampling 180 / 416
Sampling 190 / 416
Sampling 200 / 416
Sampling 210 / 416
Sampling 220 / 416
Sampling 230 / 416
Sampling 240 / 416
Sampling 250 / 416
Sampling 260 / 416
Sampling 270 / 416
Sampling 280 / 416
Sampling 290 / 416
Sampling 300 / 416
Sampling 310 / 416
Sampling 320 / 416
Sampling 330 / 416
Sampling 340 / 416
Sampling 350 / 416
Sampling 360 / 416
Sampling 370 / 416
Sampling 380 / 416
Sampling 390 / 416
Sampling 400 / 416
Sampling 410 / 416
  -> temp/E1_v5b/P-mc/3_y_conditional/166__s0/mel2chord
=== [65/285] 166__s1
  [tempo] output_bpm=120.00
torch.Size([1, 416, 32]) torch.Size([1, 416, 32])
Yinyang Sampling
Sampling 80 / 416
Sampling 90 / 416
Sampling 100 / 416
Sampling 110 / 416
Sampling 120 / 416
Sampling 130 / 416
Sampling 140 / 416
Sampling 150 / 416
Sampling 160 / 416
Sampling 170 / 416
Sampling 180 / 416
Sampling 190 / 416
Sampling 200 / 416
Sampling 210 / 416
Sampling 220 / 416
Sampling 230 / 416
Sampling 240 / 416
Sampling 250 / 416
Sampling 260 / 416
Sampling 270 / 416
Sampling 280 / 416
Sampling 290 / 416
Sampling 300 / 416
Sampling 310 / 416
Sampling 320 / 416
Sampling 330 / 416
Sampling 340 / 416
Sampling 350 / 416
Sampling 360 / 416
Sampling 370 / 416
Sampling 380 / 416
Sampling 390 / 416
Sampling 400 / 416
Sampling 410 / 416
  -> temp/E1_v5b/P-mc/3_y_conditional/166__s1/mel2chord
=== [66/285] 166__s2
  [tempo] output_bpm=120.00
torch.Size([1, 416, 32]) torch.Size([1, 416, 32])
Yinyang Sampling
Sampling 80 / 416
Sampling 90 / 416
Sampling 100 / 416
Sampling 110 / 416
Sampling 120 / 416
Sampling 130 / 416
Sampling 140 / 416
Sampling 150 / 416
Sampling 160 / 416
Sampling 170 / 416
Sampling 180 / 416
Sampling 190 / 416
Sampling 200 / 416
Sampling 210 / 416
Sampling 220 / 416
Sampling 230 / 416
Sampling 240 / 416
Sampling 250 / 416
Sampling 260 / 416
Sampling 270 / 416
Sampling 280 / 416
Sampling 290 / 416
Sampling 300 / 416
Sampling 310 / 416
Sampling 320 / 416
Sampling 330 / 416
Sampling 340 / 416
Sampling 350 / 416
Sampling 360 / 416
Sampling 370 / 416
Sampling 380 / 416
Sampling 390 / 416
Sampling 400 / 416
Sampling 410 / 416
  -> temp/E1_v5b/P-mc/3_y_conditional/166__s2/mel2chord
=== [67/285] 176__s0
  [tempo] output_bpm=120.00
torch.Size([1, 416, 32]) torch.Size([1, 416, 32])
Yinyang Sampling
Sampling 80 / 416
Sampling 90 / 416
Sampling 100 / 416
Sampling 110 / 416
Sampling 120 / 416
Sampling 130 / 416
Sampling 140 / 416
Sampling 150 / 416
Sampling 160 / 416
Sampling 170 / 416
Sampling 180 / 416
Sampling 190 / 416
Sampling 200 / 416
Sampling 210 / 416
Sampling 220 / 416
Sampling 230 / 416
Sampling 240 / 416
Sampling 250 / 416
Sampling 260 / 416
Sampling 270 / 416
Sampling 280 / 416
Sampling 290 / 416
Sampling 300 / 416
Sampling 310 / 416
Sampling 320 / 416
Sampling 330 / 416
Sampling 340 / 416
Sampling 350 / 416
Sampling 360 / 416
Sampling 370 / 416
Sampling 380 / 416
Sampling 390 / 416
Sampling 400 / 416
Sampling 410 / 416
  -> temp/E1_v5b/P-mc/3_y_conditional/176__s0/mel2chord
=== [68/285] 176__s1
  [tempo] output_bpm=120.00
torch.Size([1, 416, 32]) torch.Size([1, 416, 32])
Yinyang Sampling
Sampling 80 / 416
Sampling 90 / 416
Sampling 100 / 416
Sampling 110 / 416
Sampling 120 / 416
Sampling 130 / 416
Sampling 140 / 416
Sampling 150 / 416
Sampling 160 / 416
Sampling 170 / 416
Sampling 180 / 416
Sampling 190 / 416
Sampling 200 / 416
Sampling 210 / 416
Sampling 220 / 416
Sampling 230 / 416
Sampling 240 / 416
Sampling 250 / 416
Sampling 260 / 416
Sampling 270 / 416
Sampling 280 / 416
Sampling 290 / 416
Sampling 300 / 416
Sampling 310 / 416
Sampling 320 / 416
Sampling 330 / 416
Sampling 340 / 416
Sampling 350 / 416
Sampling 360 / 416
Sampling 370 / 416
Sampling 380 / 416
Sampling 390 / 416
Sampling 400 / 416
Sampling 410 / 416
  -> temp/E1_v5b/P-mc/3_y_conditional/176__s1/mel2chord
=== [69/285] 176__s2
  [tempo] output_bpm=120.00
torch.Size([1, 416, 32]) torch.Size([1, 416, 32])
Yinyang Sampling
Sampling 80 / 416
Sampling 90 / 416
Sampling 100 / 416
Sampling 110 / 416
Sampling 120 / 416
Sampling 130 / 416
Sampling 140 / 416
Sampling 150 / 416
Sampling 160 / 416
Sampling 170 / 416
Sampling 180 / 416
Sampling 190 / 416
Sampling 200 / 416
Sampling 210 / 416
Sampling 220 / 416
Sampling 230 / 416
Sampling 240 / 416
Sampling 250 / 416
Sampling 260 / 416
Sampling 270 / 416
Sampling 280 / 416
Sampling 290 / 416
Sampling 300 / 416
Sampling 310 / 416
Sampling 320 / 416
Sampling 330 / 416
Sampling 340 / 416
Sampling 350 / 416
Sampling 360 / 416
Sampling 370 / 416
Sampling 380 / 416
Sampling 390 / 416
Sampling 400 / 416
Sampling 410 / 416
  -> temp/E1_v5b/P-mc/3_y_conditional/176__s2/mel2chord
=== [70/285] 186__s0
  [tempo] output_bpm=120.00
torch.Size([1, 416, 32]) torch.Size([1, 416, 32])
Yinyang Sampling
Sampling 80 / 416
Sampling 90 / 416
Sampling 100 / 416
Sampling 110 / 416
Sampling 120 / 416
Sampling 130 / 416
Sampling 140 / 416
Sampling 150 / 416
Sampling 160 / 416
Sampling 170 / 416
Sampling 180 / 416
Sampling 190 / 416
Sampling 200 / 416
Sampling 210 / 416
Sampling 220 / 416
Sampling 230 / 416
Sampling 240 / 416
Sampling 250 / 416
Sampling 260 / 416
Sampling 270 / 416
Sampling 280 / 416
Sampling 290 / 416
Sampling 300 / 416
Sampling 310 / 416
Sampling 320 / 416
Sampling 330 / 416
Sampling 340 / 416
Sampling 350 / 416
Sampling 360 / 416
Sampling 370 / 416
Sampling 380 / 416
Sampling 390 / 416
Sampling 400 / 416
Sampling 410 / 416
  -> temp/E1_v5b/P-mc/3_y_conditional/186__s0/mel2chord
=== [71/285] 186__s1
  [tempo] output_bpm=120.00
torch.Size([1, 416, 32]) torch.Size([1, 416, 32])
Yinyang Sampling
Sampling 80 / 416
Sampling 90 / 416
Sampling 100 / 416
Sampling 110 / 416
Sampling 120 / 416
Sampling 130 / 416
Sampling 140 / 416
Sampling 150 / 416
Sampling 160 / 416
Sampling 170 / 416
Sampling 180 / 416
Sampling 190 / 416
Sampling 200 / 416
Sampling 210 / 416
Sampling 220 / 416
Sampling 230 / 416
Sampling 240 / 416
Sampling 250 / 416
Sampling 260 / 416
Sampling 270 / 416
Sampling 280 / 416
Sampling 290 / 416
Sampling 300 / 416
Sampling 310 / 416
Sampling 320 / 416
Sampling 330 / 416
Sampling 340 / 416
Sampling 350 / 416
Sampling 360 / 416
Sampling 370 / 416
Sampling 380 / 416
Sampling 390 / 416
Sampling 400 / 416
Sampling 410 / 416
  -> temp/E1_v5b/P-mc/3_y_conditional/186__s1/mel2chord
=== [72/285] 186__s2
  [tempo] output_bpm=120.00
torch.Size([1, 416, 32]) torch.Size([1, 416, 32])
Yinyang Sampling
Sampling 80 / 416
Sampling 90 / 416
Sampling 100 / 416
Sampling 110 / 416
Sampling 120 / 416
Sampling 130 / 416
Sampling 140 / 416
Sampling 150 / 416
Sampling 160 / 416
Sampling 170 / 416
Sampling 180 / 416
Sampling 190 / 416
Sampling 200 / 416
Sampling 210 / 416
Sampling 220 / 416
Sampling 230 / 416
Sampling 240 / 416
Sampling 250 / 416
Sampling 260 / 416
Sampling 270 / 416
Sampling 280 / 416
Sampling 290 / 416
Sampling 300 / 416
Sampling 310 / 416
Sampling 320 / 416
Sampling 330 / 416
Sampling 340 / 416
Sampling 350 / 416
Sampling 360 / 416
Sampling 370 / 416
Sampling 380 / 416
Sampling 390 / 416
Sampling 400 / 416
Sampling 410 / 416
  -> temp/E1_v5b/P-mc/3_y_conditional/186__s2/mel2chord
=== [73/285] 196__s0
  [tempo] output_bpm=120.00
torch.Size([1, 416, 32]) torch.Size([1, 416, 32])
Yinyang Sampling
Sampling 80 / 416
Sampling 90 / 416
Sampling 100 / 416
Sampling 110 / 416
Sampling 120 / 416
Sampling 130 / 416
Sampling 140 / 416
Sampling 150 / 416
Sampling 160 / 416
Sampling 170 / 416
Sampling 180 / 416
Sampling 190 / 416
Sampling 200 / 416
Sampling 210 / 416
Sampling 220 / 416
Sampling 230 / 416
Sampling 240 / 416
Sampling 250 / 416
Sampling 260 / 416
Sampling 270 / 416
Sampling 280 / 416
Sampling 290 / 416
Sampling 300 / 416
Sampling 310 / 416
Sampling 320 / 416
Sampling 330 / 416
Sampling 340 / 416
Sampling 350 / 416
Sampling 360 / 416
Sampling 370 / 416
Sampling 380 / 416
Sampling 390 / 416
Sampling 400 / 416
Sampling 410 / 416
  -> temp/E1_v5b/P-mc/3_y_conditional/196__s0/mel2chord
=== [74/285] 196__s1
  [tempo] output_bpm=120.00
torch.Size([1, 416, 32]) torch.Size([1, 416, 32])
Yinyang Sampling
Sampling 80 / 416
Sampling 90 / 416
Sampling 100 / 416
Sampling 110 / 416
Sampling 120 / 416
Sampling 130 / 416
Sampling 140 / 416
Sampling 150 / 416
Sampling 160 / 416
Sampling 170 / 416
Sampling 180 / 416
Sampling 190 / 416
Sampling 200 / 416
Sampling 210 / 416
Sampling 220 / 416
Sampling 230 / 416
Sampling 240 / 416
Sampling 250 / 416
Sampling 260 / 416
Sampling 270 / 416
Sampling 280 / 416
Sampling 290 / 416
Sampling 300 / 416
Sampling 310 / 416
Sampling 320 / 416
Sampling 330 / 416
Sampling 340 / 416
Sampling 350 / 416
Sampling 360 / 416
Sampling 370 / 416
Sampling 380 / 416
Sampling 390 / 416
Sampling 400 / 416
Sampling 410 / 416
  -> temp/E1_v5b/P-mc/3_y_conditional/196__s1/mel2chord
=== [75/285] 196__s2
  [tempo] output_bpm=120.00
torch.Size([1, 416, 32]) torch.Size([1, 416, 32])
Yinyang Sampling
Sampling 80 / 416
Sampling 90 / 416
Sampling 100 / 416
Sampling 110 / 416
Sampling 120 / 416
Sampling 130 / 416
Sampling 140 / 416
Sampling 150 / 416
Sampling 160 / 416
Sampling 170 / 416
Sampling 180 / 416
Sampling 190 / 416
Sampling 200 / 416
Sampling 210 / 416
Sampling 220 / 416
Sampling 230 / 416
Sampling 240 / 416
Sampling 250 / 416
Sampling 260 / 416
Sampling 270 / 416
Sampling 280 / 416
Sampling 290 / 416
Sampling 300 / 416
Sampling 310 / 416
Sampling 320 / 416
Sampling 330 / 416
Sampling 340 / 416
Sampling 350 / 416
Sampling 360 / 416
Sampling 370 / 416
Sampling 380 / 416
Sampling 390 / 416
Sampling 400 / 416
Sampling 410 / 416
  -> temp/E1_v5b/P-mc/3_y_conditional/196__s2/mel2chord
=== [76/285] 206__s0
  [tempo] output_bpm=120.00
torch.Size([1, 416, 32]) torch.Size([1, 416, 32])
Yinyang Sampling
Sampling 80 / 416
Sampling 90 / 416
Sampling 100 / 416
Sampling 110 / 416
Sampling 120 / 416
Sampling 130 / 416
Sampling 140 / 416
Sampling 150 / 416
Sampling 160 / 416
Sampling 170 / 416
Sampling 180 / 416
Sampling 190 / 416
Sampling 200 / 416
Sampling 210 / 416
Sampling 220 / 416
Sampling 230 / 416
Sampling 240 / 416
Sampling 250 / 416
Sampling 260 / 416
Sampling 270 / 416
Sampling 280 / 416
Sampling 290 / 416
Sampling 300 / 416
Sampling 310 / 416
Sampling 320 / 416
Sampling 330 / 416
Sampling 340 / 416
Sampling 350 / 416
Sampling 360 / 416
Sampling 370 / 416
Sampling 380 / 416
Sampling 390 / 416
Sampling 400 / 416
Sampling 410 / 416
  -> temp/E1_v5b/P-mc/3_y_conditional/206__s0/mel2chord
=== [77/285] 206__s1
  [tempo] output_bpm=120.00
torch.Size([1, 416, 32]) torch.Size([1, 416, 32])
Yinyang Sampling
Sampling 80 / 416
Sampling 90 / 416
Sampling 100 / 416
Sampling 110 / 416
Sampling 120 / 416
Sampling 130 / 416
Sampling 140 / 416
Sampling 150 / 416
Sampling 160 / 416
Sampling 170 / 416
Sampling 180 / 416
Sampling 190 / 416
Sampling 200 / 416
Sampling 210 / 416
Sampling 220 / 416
Sampling 230 / 416
Sampling 240 / 416
Sampling 250 / 416
Sampling 260 / 416
Sampling 270 / 416
Sampling 280 / 416
Sampling 290 / 416
Sampling 300 / 416
Sampling 310 / 416
Sampling 320 / 416
Sampling 330 / 416
Sampling 340 / 416
Sampling 350 / 416
Sampling 360 / 416
Sampling 370 / 416
Sampling 380 / 416
Sampling 390 / 416
Sampling 400 / 416
Sampling 410 / 416
  -> temp/E1_v5b/P-mc/3_y_conditional/206__s1/mel2chord
=== [78/285] 206__s2
  [tempo] output_bpm=120.00
torch.Size([1, 416, 32]) torch.Size([1, 416, 32])
Yinyang Sampling
Sampling 80 / 416
Sampling 90 / 416
Sampling 100 / 416
Sampling 110 / 416
Sampling 120 / 416
Sampling 130 / 416
Sampling 140 / 416
Sampling 150 / 416
Sampling 160 / 416
Sampling 170 / 416
Sampling 180 / 416
Sampling 190 / 416
Sampling 200 / 416
Sampling 210 / 416
Sampling 220 / 416
Sampling 230 / 416
Sampling 240 / 416
Sampling 250 / 416
Sampling 260 / 416
Sampling 270 / 416
Sampling 280 / 416
Sampling 290 / 416
Sampling 300 / 416
Sampling 310 / 416
Sampling 320 / 416
Sampling 330 / 416
Sampling 340 / 416
Sampling 350 / 416
Sampling 360 / 416
Sampling 370 / 416
Sampling 380 / 416
Sampling 390 / 416
Sampling 400 / 416
Sampling 410 / 416
  -> temp/E1_v5b/P-mc/3_y_conditional/206__s2/mel2chord
=== [79/285] 216__s0
  [tempo] output_bpm=120.00
torch.Size([1, 416, 32]) torch.Size([1, 416, 32])
Yinyang Sampling
Sampling 80 / 416
Sampling 90 / 416
Sampling 100 / 416
Sampling 110 / 416
Sampling 120 / 416
Sampling 130 / 416
Sampling 140 / 416
Sampling 150 / 416
Sampling 160 / 416
Sampling 170 / 416
Sampling 180 / 416
Sampling 190 / 416
Sampling 200 / 416
Sampling 210 / 416
Sampling 220 / 416
Sampling 230 / 416
Sampling 240 / 416
Sampling 250 / 416
Sampling 260 / 416
Sampling 270 / 416
Sampling 280 / 416
Sampling 290 / 416
Sampling 300 / 416
Sampling 310 / 416
Sampling 320 / 416
Sampling 330 / 416
Sampling 340 / 416
Sampling 350 / 416
Sampling 360 / 416
Sampling 370 / 416
Sampling 380 / 416
Sampling 390 / 416
Sampling 400 / 416
Sampling 410 / 416
  -> temp/E1_v5b/P-mc/3_y_conditional/216__s0/mel2chord
=== [80/285] 216__s1
  [tempo] output_bpm=120.00
torch.Size([1, 416, 32]) torch.Size([1, 416, 32])
Yinyang Sampling
Sampling 80 / 416
Sampling 90 / 416
Sampling 100 / 416
Sampling 110 / 416
Sampling 120 / 416
Sampling 130 / 416
Sampling 140 / 416
Sampling 150 / 416
Sampling 160 / 416
Sampling 170 / 416
Sampling 180 / 416
Sampling 190 / 416
Sampling 200 / 416
Sampling 210 / 416
Sampling 220 / 416
Sampling 230 / 416
Sampling 240 / 416
Sampling 250 / 416
Sampling 260 / 416
Sampling 270 / 416
Sampling 280 / 416
Sampling 290 / 416
Sampling 300 / 416
Sampling 310 / 416
Sampling 320 / 416
Sampling 330 / 416
Sampling 340 / 416
Sampling 350 / 416
Sampling 360 / 416
Sampling 370 / 416
Sampling 380 / 416
Sampling 390 / 416
Sampling 400 / 416
Sampling 410 / 416
  -> temp/E1_v5b/P-mc/3_y_conditional/216__s1/mel2chord
=== [81/285] 216__s2
  [tempo] output_bpm=120.00
torch.Size([1, 416, 32]) torch.Size([1, 416, 32])
Yinyang Sampling
Sampling 80 / 416
Sampling 90 / 416
Sampling 100 / 416
Sampling 110 / 416
Sampling 120 / 416
Sampling 130 / 416
Sampling 140 / 416
Sampling 150 / 416
Sampling 160 / 416
Sampling 170 / 416
Sampling 180 / 416
Sampling 190 / 416
Sampling 200 / 416
Sampling 210 / 416
Sampling 220 / 416
Sampling 230 / 416
Sampling 240 / 416
Sampling 250 / 416
Sampling 260 / 416
Sampling 270 / 416
Sampling 280 / 416
Sampling 290 / 416
Sampling 300 / 416
Sampling 310 / 416
Sampling 320 / 416
Sampling 330 / 416
Sampling 340 / 416
Sampling 350 / 416
Sampling 360 / 416
Sampling 370 / 416
Sampling 380 / 416
Sampling 390 / 416
Sampling 400 / 416
Sampling 410 / 416
  -> temp/E1_v5b/P-mc/3_y_conditional/216__s2/mel2chord
=== [82/285] 226__s0
  [tempo] output_bpm=120.00
torch.Size([1, 416, 32]) torch.Size([1, 416, 32])
Yinyang Sampling
Sampling 80 / 416
Sampling 90 / 416
Sampling 100 / 416
Sampling 110 / 416
Sampling 120 / 416
Sampling 130 / 416
Sampling 140 / 416
Sampling 150 / 416
Sampling 160 / 416
Sampling 170 / 416
Sampling 180 / 416
Sampling 190 / 416
Sampling 200 / 416
Sampling 210 / 416
Sampling 220 / 416
Sampling 230 / 416
Sampling 240 / 416
Sampling 250 / 416
Sampling 260 / 416
Sampling 270 / 416
Sampling 280 / 416
Sampling 290 / 416
Sampling 300 / 416
Sampling 310 / 416
Sampling 320 / 416
Sampling 330 / 416
Sampling 340 / 416
Sampling 350 / 416
Sampling 360 / 416
Sampling 370 / 416
Sampling 380 / 416
Sampling 390 / 416
Sampling 400 / 416
Sampling 410 / 416
  -> temp/E1_v5b/P-mc/3_y_conditional/226__s0/mel2chord
=== [83/285] 226__s1
  [tempo] output_bpm=120.00
torch.Size([1, 416, 32]) torch.Size([1, 416, 32])
Yinyang Sampling
Sampling 80 / 416
Sampling 90 / 416
Sampling 100 / 416
Sampling 110 / 416
Sampling 120 / 416
Sampling 130 / 416
Sampling 140 / 416
Sampling 150 / 416
Sampling 160 / 416
Sampling 170 / 416
Sampling 180 / 416
Sampling 190 / 416
Sampling 200 / 416
Sampling 210 / 416
Sampling 220 / 416
Sampling 230 / 416
Sampling 240 / 416
Sampling 250 / 416
Sampling 260 / 416
Sampling 270 / 416
Sampling 280 / 416
Sampling 290 / 416
Sampling 300 / 416
Sampling 310 / 416
Sampling 320 / 416
Sampling 330 / 416
Sampling 340 / 416
Sampling 350 / 416
Sampling 360 / 416
Sampling 370 / 416
Sampling 380 / 416
Sampling 390 / 416
Sampling 400 / 416
Sampling 410 / 416
  -> temp/E1_v5b/P-mc/3_y_conditional/226__s1/mel2chord
=== [84/285] 226__s2
  [tempo] output_bpm=120.00
torch.Size([1, 416, 32]) torch.Size([1, 416, 32])
Yinyang Sampling
Sampling 80 / 416
Sampling 90 / 416
Sampling 100 / 416
Sampling 110 / 416
Sampling 120 / 416
Sampling 130 / 416
Sampling 140 / 416
Sampling 150 / 416
Sampling 160 / 416
Sampling 170 / 416
Sampling 180 / 416
Sampling 190 / 416
Sampling 200 / 416
Sampling 210 / 416
Sampling 220 / 416
Sampling 230 / 416
Sampling 240 / 416
Sampling 250 / 416
Sampling 260 / 416
Sampling 270 / 416
Sampling 280 / 416
Sampling 290 / 416
Sampling 300 / 416
Sampling 310 / 416
Sampling 320 / 416
Sampling 330 / 416
Sampling 340 / 416
Sampling 350 / 416
Sampling 360 / 416
Sampling 370 / 416
Sampling 380 / 416
Sampling 390 / 416
Sampling 400 / 416
Sampling 410 / 416
  -> temp/E1_v5b/P-mc/3_y_conditional/226__s2/mel2chord
=== [85/285] 236__s0
  [tempo] output_bpm=120.00
torch.Size([1, 416, 32]) torch.Size([1, 416, 32])
Yinyang Sampling
Sampling 80 / 416
Sampling 90 / 416
Sampling 100 / 416
Sampling 110 / 416
Sampling 120 / 416
Sampling 130 / 416
Sampling 140 / 416
Sampling 150 / 416
Sampling 160 / 416
Sampling 170 / 416
Sampling 180 / 416
Sampling 190 / 416
Sampling 200 / 416
Sampling 210 / 416
Sampling 220 / 416
Sampling 230 / 416
Sampling 240 / 416
Sampling 250 / 416
Sampling 260 / 416
Sampling 270 / 416
Sampling 280 / 416
Sampling 290 / 416
Sampling 300 / 416
Sampling 310 / 416
Sampling 320 / 416
Sampling 330 / 416
Sampling 340 / 416
Sampling 350 / 416
Sampling 360 / 416
Sampling 370 / 416
Sampling 380 / 416
Sampling 390 / 416
Sampling 400 / 416
Sampling 410 / 416
  -> temp/E1_v5b/P-mc/3_y_conditional/236__s0/mel2chord
=== [86/285] 236__s1
  [tempo] output_bpm=120.00
torch.Size([1, 416, 32]) torch.Size([1, 416, 32])
Yinyang Sampling
Sampling 80 / 416
Sampling 90 / 416
Sampling 100 / 416
Sampling 110 / 416
Sampling 120 / 416
Sampling 130 / 416
Sampling 140 / 416
Sampling 150 / 416
Sampling 160 / 416
Sampling 170 / 416
Sampling 180 / 416
Sampling 190 / 416
Sampling 200 / 416
Sampling 210 / 416
Sampling 220 / 416
Sampling 230 / 416
Sampling 240 / 416
Sampling 250 / 416
Sampling 260 / 416
Sampling 270 / 416
Sampling 280 / 416
Sampling 290 / 416
Sampling 300 / 416
Sampling 310 / 416
Sampling 320 / 416
Sampling 330 / 416
Sampling 340 / 416
Sampling 350 / 416
Sampling 360 / 416
Sampling 370 / 416
Sampling 380 / 416
Sampling 390 / 416
Sampling 400 / 416
Sampling 410 / 416
  -> temp/E1_v5b/P-mc/3_y_conditional/236__s1/mel2chord
=== [87/285] 236__s2
  [tempo] output_bpm=120.00
torch.Size([1, 416, 32]) torch.Size([1, 416, 32])
Yinyang Sampling
Sampling 80 / 416
Sampling 90 / 416
Sampling 100 / 416
Sampling 110 / 416
Sampling 120 / 416
Sampling 130 / 416
Sampling 140 / 416
Sampling 150 / 416
Sampling 160 / 416
Sampling 170 / 416
Sampling 180 / 416
Sampling 190 / 416
Sampling 200 / 416
Sampling 210 / 416
Sampling 220 / 416
Sampling 230 / 416
Sampling 240 / 416
Sampling 250 / 416
Sampling 260 / 416
Sampling 270 / 416
Sampling 280 / 416
Sampling 290 / 416
Sampling 300 / 416
Sampling 310 / 416
Sampling 320 / 416
Sampling 330 / 416
Sampling 340 / 416
Sampling 350 / 416
Sampling 360 / 416
Sampling 370 / 416
Sampling 380 / 416
Sampling 390 / 416
Sampling 400 / 416
Sampling 410 / 416
  -> temp/E1_v5b/P-mc/3_y_conditional/236__s2/mel2chord
=== [88/285] 246__s0
  [tempo] output_bpm=120.00
torch.Size([1, 416, 32]) torch.Size([1, 416, 32])
Yinyang Sampling
Sampling 80 / 416
Sampling 90 / 416
Sampling 100 / 416
Sampling 110 / 416
Sampling 120 / 416
Sampling 130 / 416
Sampling 140 / 416
Sampling 150 / 416
Sampling 160 / 416
Sampling 170 / 416
Sampling 180 / 416
Sampling 190 / 416
Sampling 200 / 416
Sampling 210 / 416
Sampling 220 / 416
Sampling 230 / 416
Sampling 240 / 416
Sampling 250 / 416
Sampling 260 / 416
Sampling 270 / 416
Sampling 280 / 416
Sampling 290 / 416
Sampling 300 / 416
Sampling 310 / 416
Sampling 320 / 416
Sampling 330 / 416
Sampling 340 / 416
Sampling 350 / 416
Sampling 360 / 416
Sampling 370 / 416
Sampling 380 / 416
Sampling 390 / 416
Sampling 400 / 416
Sampling 410 / 416
  -> temp/E1_v5b/P-mc/3_y_conditional/246__s0/mel2chord
=== [89/285] 246__s1
  [tempo] output_bpm=120.00
torch.Size([1, 416, 32]) torch.Size([1, 416, 32])
Yinyang Sampling
Sampling 80 / 416
Sampling 90 / 416
Sampling 100 / 416
Sampling 110 / 416
Sampling 120 / 416
Sampling 130 / 416
Sampling 140 / 416
Sampling 150 / 416
Sampling 160 / 416
Sampling 170 / 416
Sampling 180 / 416
Sampling 190 / 416
Sampling 200 / 416
Sampling 210 / 416
Sampling 220 / 416
Sampling 230 / 416
Sampling 240 / 416
Sampling 250 / 416
Sampling 260 / 416
Sampling 270 / 416
Sampling 280 / 416
Sampling 290 / 416
Sampling 300 / 416
Sampling 310 / 416
Sampling 320 / 416
Sampling 330 / 416
Sampling 340 / 416
Sampling 350 / 416
Sampling 360 / 416
Sampling 370 / 416
Sampling 380 / 416
Sampling 390 / 416
Sampling 400 / 416
Sampling 410 / 416
  -> temp/E1_v5b/P-mc/3_y_conditional/246__s1/mel2chord
=== [90/285] 246__s2
  [tempo] output_bpm=120.00
torch.Size([1, 416, 32]) torch.Size([1, 416, 32])
Yinyang Sampling
Sampling 80 / 416
Sampling 90 / 416
Sampling 100 / 416
Sampling 110 / 416
Sampling 120 / 416
Sampling 130 / 416
Sampling 140 / 416
Sampling 150 / 416
Sampling 160 / 416
Sampling 170 / 416
Sampling 180 / 416
Sampling 190 / 416
Sampling 200 / 416
Sampling 210 / 416
Sampling 220 / 416
Sampling 230 / 416
Sampling 240 / 416
Sampling 250 / 416
Sampling 260 / 416
Sampling 270 / 416
Sampling 280 / 416
Sampling 290 / 416
Sampling 300 / 416
Sampling 310 / 416
Sampling 320 / 416
Sampling 330 / 416
Sampling 340 / 416
Sampling 350 / 416
Sampling 360 / 416
Sampling 370 / 416
Sampling 380 / 416
Sampling 390 / 416
Sampling 400 / 416
Sampling 410 / 416
  -> temp/E1_v5b/P-mc/3_y_conditional/246__s2/mel2chord
=== [91/285] 256__s0
  [tempo] output_bpm=120.00
torch.Size([1, 416, 32]) torch.Size([1, 416, 32])
Yinyang Sampling
Sampling 80 / 416
Sampling 90 / 416
Sampling 100 / 416
Sampling 110 / 416
Sampling 120 / 416
Sampling 130 / 416
Sampling 140 / 416
Sampling 150 / 416
Sampling 160 / 416
Sampling 170 / 416
Sampling 180 / 416
Sampling 190 / 416
Sampling 200 / 416
Sampling 210 / 416
Sampling 220 / 416
Sampling 230 / 416
Sampling 240 / 416
Sampling 250 / 416
Sampling 260 / 416
Sampling 270 / 416
Sampling 280 / 416
Sampling 290 / 416
Sampling 300 / 416
Sampling 310 / 416
Sampling 320 / 416
Sampling 330 / 416
Sampling 340 / 416
Sampling 350 / 416
Sampling 360 / 416
Sampling 370 / 416
Sampling 380 / 416
Sampling 390 / 416
Sampling 400 / 416
Sampling 410 / 416
  -> temp/E1_v5b/P-mc/3_y_conditional/256__s0/mel2chord
=== [92/285] 256__s1
  [tempo] output_bpm=120.00
torch.Size([1, 416, 32]) torch.Size([1, 416, 32])
Yinyang Sampling
Sampling 80 / 416
Sampling 90 / 416
Sampling 100 / 416
Sampling 110 / 416
Sampling 120 / 416
Sampling 130 / 416
Sampling 140 / 416
Sampling 150 / 416
Sampling 160 / 416
Sampling 170 / 416
Sampling 180 / 416
Sampling 190 / 416
Sampling 200 / 416
Sampling 210 / 416
Sampling 220 / 416
Sampling 230 / 416
Sampling 240 / 416
Sampling 250 / 416
Sampling 260 / 416
Sampling 270 / 416
Sampling 280 / 416
Sampling 290 / 416
Sampling 300 / 416
Sampling 310 / 416
Sampling 320 / 416
Sampling 330 / 416
Sampling 340 / 416
Sampling 350 / 416
Sampling 360 / 416
Sampling 370 / 416
Sampling 380 / 416
Sampling 390 / 416
Sampling 400 / 416
Sampling 410 / 416
  -> temp/E1_v5b/P-mc/3_y_conditional/256__s1/mel2chord
=== [93/285] 256__s2
  [tempo] output_bpm=120.00
torch.Size([1, 416, 32]) torch.Size([1, 416, 32])
Yinyang Sampling
Sampling 80 / 416
Sampling 90 / 416
Sampling 100 / 416
Sampling 110 / 416
Sampling 120 / 416
Sampling 130 / 416
Sampling 140 / 416
Sampling 150 / 416
Sampling 160 / 416
Sampling 170 / 416
Sampling 180 / 416
Sampling 190 / 416
Sampling 200 / 416
Sampling 210 / 416
Sampling 220 / 416
Sampling 230 / 416
Sampling 240 / 416
Sampling 250 / 416
Sampling 260 / 416
Sampling 270 / 416
Sampling 280 / 416
Sampling 290 / 416
Sampling 300 / 416
Sampling 310 / 416
Sampling 320 / 416
Sampling 330 / 416
Sampling 340 / 416
Sampling 350 / 416
Sampling 360 / 416
Sampling 370 / 416
Sampling 380 / 416
Sampling 390 / 416
Sampling 400 / 416
Sampling 410 / 416
  -> temp/E1_v5b/P-mc/3_y_conditional/256__s2/mel2chord
=== [94/285] 266__s0
  [tempo] output_bpm=120.00
torch.Size([1, 416, 32]) torch.Size([1, 416, 32])
Yinyang Sampling
Sampling 80 / 416
Sampling 90 / 416
Sampling 100 / 416
Sampling 110 / 416
Sampling 120 / 416
Sampling 130 / 416
Sampling 140 / 416
Sampling 150 / 416
Sampling 160 / 416
Sampling 170 / 416
Sampling 180 / 416
Sampling 190 / 416
Sampling 200 / 416
Sampling 210 / 416
Sampling 220 / 416
Sampling 230 / 416
Sampling 240 / 416
Sampling 250 / 416
Sampling 260 / 416
Sampling 270 / 416
Sampling 280 / 416
Sampling 290 / 416
Sampling 300 / 416
Sampling 310 / 416
Sampling 320 / 416
Sampling 330 / 416
Sampling 340 / 416
Sampling 350 / 416
Sampling 360 / 416
Sampling 370 / 416
Sampling 380 / 416
Sampling 390 / 416
Sampling 400 / 416
Sampling 410 / 416
  -> temp/E1_v5b/P-mc/3_y_conditional/266__s0/mel2chord
=== [95/285] 266__s1
  [tempo] output_bpm=120.00
torch.Size([1, 416, 32]) torch.Size([1, 416, 32])
Yinyang Sampling
Sampling 80 / 416
Sampling 90 / 416
Sampling 100 / 416
Sampling 110 / 416
Sampling 120 / 416
Sampling 130 / 416
Sampling 140 / 416
Sampling 150 / 416
Sampling 160 / 416
Sampling 170 / 416
Sampling 180 / 416
Sampling 190 / 416
Sampling 200 / 416
Sampling 210 / 416
Sampling 220 / 416
Sampling 230 / 416
Sampling 240 / 416
Sampling 250 / 416
Sampling 260 / 416
Sampling 270 / 416
Sampling 280 / 416
Sampling 290 / 416
Sampling 300 / 416
Sampling 310 / 416
Sampling 320 / 416
Sampling 330 / 416
Sampling 340 / 416
Sampling 350 / 416
Sampling 360 / 416
Sampling 370 / 416
Sampling 380 / 416
Sampling 390 / 416
Sampling 400 / 416
Sampling 410 / 416
  -> temp/E1_v5b/P-mc/3_y_conditional/266__s1/mel2chord
=== [96/285] 266__s2
  [tempo] output_bpm=120.00
torch.Size([1, 416, 32]) torch.Size([1, 416, 32])
Yinyang Sampling
Sampling 80 / 416
Sampling 90 / 416
Sampling 100 / 416
Sampling 110 / 416
Sampling 120 / 416
Sampling 130 / 416
Sampling 140 / 416
Sampling 150 / 416
Sampling 160 / 416
Sampling 170 / 416
Sampling 180 / 416
Sampling 190 / 416
Sampling 200 / 416
Sampling 210 / 416
Sampling 220 / 416
Sampling 230 / 416
Sampling 240 / 416
Sampling 250 / 416
Sampling 260 / 416
Sampling 270 / 416
Sampling 280 / 416
Sampling 290 / 416
Sampling 300 / 416
Sampling 310 / 416
Sampling 320 / 416
Sampling 330 / 416
Sampling 340 / 416
Sampling 350 / 416
Sampling 360 / 416
Sampling 370 / 416
Sampling 380 / 416
Sampling 390 / 416
Sampling 400 / 416
Sampling 410 / 416
  -> temp/E1_v5b/P-mc/3_y_conditional/266__s2/mel2chord
=== [97/285] 276__s0
  [tempo] output_bpm=120.00
torch.Size([1, 416, 32]) torch.Size([1, 416, 32])
Yinyang Sampling
Sampling 80 / 416
Sampling 90 / 416
Sampling 100 / 416
Sampling 110 / 416
Sampling 120 / 416
Sampling 130 / 416
Sampling 140 / 416
Sampling 150 / 416
Sampling 160 / 416
Sampling 170 / 416
Sampling 180 / 416
Sampling 190 / 416
Sampling 200 / 416
Sampling 210 / 416
Sampling 220 / 416
Sampling 230 / 416
Sampling 240 / 416
Sampling 250 / 416
Sampling 260 / 416
Sampling 270 / 416
Sampling 280 / 416
Sampling 290 / 416
Sampling 300 / 416
Sampling 310 / 416
Sampling 320 / 416
Sampling 330 / 416
Sampling 340 / 416
Sampling 350 / 416
Sampling 360 / 416
Sampling 370 / 416
Sampling 380 / 416
Sampling 390 / 416
Sampling 400 / 416
Sampling 410 / 416
  -> temp/E1_v5b/P-mc/3_y_conditional/276__s0/mel2chord
=== [98/285] 276__s1
  [tempo] output_bpm=120.00
torch.Size([1, 416, 32]) torch.Size([1, 416, 32])
Yinyang Sampling
Sampling 80 / 416
Sampling 90 / 416
Sampling 100 / 416
Sampling 110 / 416
Sampling 120 / 416
Sampling 130 / 416
Sampling 140 / 416
Sampling 150 / 416
Sampling 160 / 416
Sampling 170 / 416
Sampling 180 / 416
Sampling 190 / 416
Sampling 200 / 416
Sampling 210 / 416
Sampling 220 / 416
Sampling 230 / 416
Sampling 240 / 416
Sampling 250 / 416
Sampling 260 / 416
Sampling 270 / 416
Sampling 280 / 416
Sampling 290 / 416
Sampling 300 / 416
Sampling 310 / 416
Sampling 320 / 416
Sampling 330 / 416
Sampling 340 / 416
Sampling 350 / 416
Sampling 360 / 416
Sampling 370 / 416
Sampling 380 / 416
Sampling 390 / 416
Sampling 400 / 416
Sampling 410 / 416
  -> temp/E1_v5b/P-mc/3_y_conditional/276__s1/mel2chord
=== [99/285] 276__s2
  [tempo] output_bpm=120.00
torch.Size([1, 416, 32]) torch.Size([1, 416, 32])
Yinyang Sampling
Sampling 80 / 416
Sampling 90 / 416
Sampling 100 / 416
Sampling 110 / 416
Sampling 120 / 416
Sampling 130 / 416
Sampling 140 / 416
Sampling 150 / 416
Sampling 160 / 416
Sampling 170 / 416
Sampling 180 / 416
Sampling 190 / 416
Sampling 200 / 416
Sampling 210 / 416
Sampling 220 / 416
Sampling 230 / 416
Sampling 240 / 416
Sampling 250 / 416
Sampling 260 / 416
Sampling 270 / 416
Sampling 280 / 416
Sampling 290 / 416
Sampling 300 / 416
Sampling 310 / 416
Sampling 320 / 416
Sampling 330 / 416
Sampling 340 / 416
Sampling 350 / 416
Sampling 360 / 416
Sampling 370 / 416
Sampling 380 / 416
Sampling 390 / 416
Sampling 400 / 416
Sampling 410 / 416
  -> temp/E1_v5b/P-mc/3_y_conditional/276__s2/mel2chord
=== [100/285] 286__s0
  [tempo] output_bpm=120.00
torch.Size([1, 416, 32]) torch.Size([1, 416, 32])
Yinyang Sampling
Sampling 80 / 416
Sampling 90 / 416
Sampling 100 / 416
Sampling 110 / 416
Sampling 120 / 416
Sampling 130 / 416
Sampling 140 / 416
Sampling 150 / 416
Sampling 160 / 416
Sampling 170 / 416
Sampling 180 / 416
Sampling 190 / 416
Sampling 200 / 416
Sampling 210 / 416
Sampling 220 / 416
Sampling 230 / 416
Sampling 240 / 416
Sampling 250 / 416
Sampling 260 / 416
Sampling 270 / 416
Sampling 280 / 416
Sampling 290 / 416
Sampling 300 / 416
Sampling 310 / 416
Sampling 320 / 416
Sampling 330 / 416
Sampling 340 / 416
Sampling 350 / 416
Sampling 360 / 416
Sampling 370 / 416
Sampling 380 / 416
Sampling 390 / 416
Sampling 400 / 416
Sampling 410 / 416
  -> temp/E1_v5b/P-mc/3_y_conditional/286__s0/mel2chord
=== [101/285] 286__s1
  [tempo] output_bpm=120.00
torch.Size([1, 416, 32]) torch.Size([1, 416, 32])
Yinyang Sampling
Sampling 80 / 416
Sampling 90 / 416
Sampling 100 / 416
Sampling 110 / 416
Sampling 120 / 416
Sampling 130 / 416
Sampling 140 / 416
Sampling 150 / 416
Sampling 160 / 416
Sampling 170 / 416
Sampling 180 / 416
Sampling 190 / 416
Sampling 200 / 416
Sampling 210 / 416
Sampling 220 / 416
Sampling 230 / 416
Sampling 240 / 416
Sampling 250 / 416
Sampling 260 / 416
Sampling 270 / 416
Sampling 280 / 416
Sampling 290 / 416
Sampling 300 / 416
Sampling 310 / 416
Sampling 320 / 416
Sampling 330 / 416
Sampling 340 / 416
Sampling 350 / 416
Sampling 360 / 416
Sampling 370 / 416
Sampling 380 / 416
Sampling 390 / 416
Sampling 400 / 416
Sampling 410 / 416
  -> temp/E1_v5b/P-mc/3_y_conditional/286__s1/mel2chord
=== [102/285] 286__s2
  [tempo] output_bpm=120.00
torch.Size([1, 416, 32]) torch.Size([1, 416, 32])
Yinyang Sampling
Sampling 80 / 416
Sampling 90 / 416
Sampling 100 / 416
Sampling 110 / 416
Sampling 120 / 416
Sampling 130 / 416
Sampling 140 / 416
Sampling 150 / 416
Sampling 160 / 416
Sampling 170 / 416
Sampling 180 / 416
Sampling 190 / 416
Sampling 200 / 416
Sampling 210 / 416
Sampling 220 / 416
Sampling 230 / 416
Sampling 240 / 416
Sampling 250 / 416
Sampling 260 / 416
Sampling 270 / 416
Sampling 280 / 416
Sampling 290 / 416
Sampling 300 / 416
Sampling 310 / 416
Sampling 320 / 416
Sampling 330 / 416
Sampling 340 / 416
Sampling 350 / 416
Sampling 360 / 416
Sampling 370 / 416
Sampling 380 / 416
Sampling 390 / 416
Sampling 400 / 416
Sampling 410 / 416
  -> temp/E1_v5b/P-mc/3_y_conditional/286__s2/mel2chord
=== [103/285] 296__s0
  [tempo] output_bpm=120.00
torch.Size([1, 416, 32]) torch.Size([1, 416, 32])
Yinyang Sampling
Sampling 80 / 416
Sampling 90 / 416
Sampling 100 / 416
Sampling 110 / 416
Sampling 120 / 416
Sampling 130 / 416
Sampling 140 / 416
Sampling 150 / 416
Sampling 160 / 416
Sampling 170 / 416
Sampling 180 / 416
Sampling 190 / 416
Sampling 200 / 416
Sampling 210 / 416
Sampling 220 / 416
Sampling 230 / 416
Sampling 240 / 416
Sampling 250 / 416
Sampling 260 / 416
Sampling 270 / 416
Sampling 280 / 416
Sampling 290 / 416
Sampling 300 / 416
Sampling 310 / 416
Sampling 320 / 416
Sampling 330 / 416
Sampling 340 / 416
Sampling 350 / 416
Sampling 360 / 416
Sampling 370 / 416
Sampling 380 / 416
Sampling 390 / 416
Sampling 400 / 416
Sampling 410 / 416
  -> temp/E1_v5b/P-mc/3_y_conditional/296__s0/mel2chord
=== [104/285] 296__s1
  [tempo] output_bpm=120.00
torch.Size([1, 416, 32]) torch.Size([1, 416, 32])
Yinyang Sampling
Sampling 80 / 416
Sampling 90 / 416
Sampling 100 / 416
Sampling 110 / 416
Sampling 120 / 416
Sampling 130 / 416
Sampling 140 / 416
Sampling 150 / 416
Sampling 160 / 416
Sampling 170 / 416
Sampling 180 / 416
Sampling 190 / 416
Sampling 200 / 416
Sampling 210 / 416
Sampling 220 / 416
Sampling 230 / 416
Sampling 240 / 416
Sampling 250 / 416
Sampling 260 / 416
Sampling 270 / 416
Sampling 280 / 416
Sampling 290 / 416
Sampling 300 / 416
Sampling 310 / 416
Sampling 320 / 416
Sampling 330 / 416
Sampling 340 / 416
Sampling 350 / 416
Sampling 360 / 416
Sampling 370 / 416
Sampling 380 / 416
Sampling 390 / 416
Sampling 400 / 416
Sampling 410 / 416
  -> temp/E1_v5b/P-mc/3_y_conditional/296__s1/mel2chord
=== [105/285] 296__s2
  [tempo] output_bpm=120.00
torch.Size([1, 416, 32]) torch.Size([1, 416, 32])
Yinyang Sampling
Sampling 80 / 416
Sampling 90 / 416
Sampling 100 / 416
Sampling 110 / 416
Sampling 120 / 416
Sampling 130 / 416
Sampling 140 / 416
Sampling 150 / 416
Sampling 160 / 416
Sampling 170 / 416
Sampling 180 / 416
Sampling 190 / 416
Sampling 200 / 416
Sampling 210 / 416
Sampling 220 / 416
Sampling 230 / 416
Sampling 240 / 416
Sampling 250 / 416
Sampling 260 / 416
Sampling 270 / 416
Sampling 280 / 416
Sampling 290 / 416
Sampling 300 / 416
Sampling 310 / 416
Sampling 320 / 416
Sampling 330 / 416
Sampling 340 / 416
Sampling 350 / 416
Sampling 360 / 416
Sampling 370 / 416
Sampling 380 / 416
Sampling 390 / 416
Sampling 400 / 416
Sampling 410 / 416
  -> temp/E1_v5b/P-mc/3_y_conditional/296__s2/mel2chord
=== [106/285] 306__s0
  [tempo] output_bpm=120.00
torch.Size([1, 416, 32]) torch.Size([1, 416, 32])
Yinyang Sampling
Sampling 80 / 416
Sampling 90 / 416
Sampling 100 / 416
Sampling 110 / 416
Sampling 120 / 416
Sampling 130 / 416
Sampling 140 / 416
Sampling 150 / 416
Sampling 160 / 416
Sampling 170 / 416
Sampling 180 / 416
Sampling 190 / 416
Sampling 200 / 416
Sampling 210 / 416
Sampling 220 / 416
Sampling 230 / 416
Sampling 240 / 416
Sampling 250 / 416
Sampling 260 / 416
Sampling 270 / 416
Sampling 280 / 416
Sampling 290 / 416
Sampling 300 / 416
Sampling 310 / 416
Sampling 320 / 416
Sampling 330 / 416
Sampling 340 / 416
Sampling 350 / 416
Sampling 360 / 416
Sampling 370 / 416
Sampling 380 / 416
Sampling 390 / 416
Sampling 400 / 416
Sampling 410 / 416
  -> temp/E1_v5b/P-mc/3_y_conditional/306__s0/mel2chord
=== [107/285] 306__s1
  [tempo] output_bpm=120.00
torch.Size([1, 416, 32]) torch.Size([1, 416, 32])
Yinyang Sampling
Sampling 80 / 416
Sampling 90 / 416
Sampling 100 / 416
Sampling 110 / 416
Sampling 120 / 416
Sampling 130 / 416
Sampling 140 / 416
Sampling 150 / 416
Sampling 160 / 416
Sampling 170 / 416
Sampling 180 / 416
Sampling 190 / 416
Sampling 200 / 416
Sampling 210 / 416
Sampling 220 / 416
Sampling 230 / 416
Sampling 240 / 416
Sampling 250 / 416
Sampling 260 / 416
Sampling 270 / 416
Sampling 280 / 416
Sampling 290 / 416
Sampling 300 / 416
Sampling 310 / 416
Sampling 320 / 416
Sampling 330 / 416
Sampling 340 / 416
Sampling 350 / 416
Sampling 360 / 416
Sampling 370 / 416
Sampling 380 / 416
Sampling 390 / 416
Sampling 400 / 416
Sampling 410 / 416
  -> temp/E1_v5b/P-mc/3_y_conditional/306__s1/mel2chord
=== [108/285] 306__s2
  [tempo] output_bpm=120.00
torch.Size([1, 416, 32]) torch.Size([1, 416, 32])
Yinyang Sampling
Sampling 80 / 416
Sampling 90 / 416
Sampling 100 / 416
Sampling 110 / 416
Sampling 120 / 416
Sampling 130 / 416
Sampling 140 / 416
Sampling 150 / 416
Sampling 160 / 416
Sampling 170 / 416
Sampling 180 / 416
Sampling 190 / 416
Sampling 200 / 416
Sampling 210 / 416
Sampling 220 / 416
Sampling 230 / 416
Sampling 240 / 416
Sampling 250 / 416
Sampling 260 / 416
Sampling 270 / 416
Sampling 280 / 416
Sampling 290 / 416
Sampling 300 / 416
Sampling 310 / 416
Sampling 320 / 416
Sampling 330 / 416
Sampling 340 / 416
Sampling 350 / 416
Sampling 360 / 416
Sampling 370 / 416
Sampling 380 / 416
Sampling 390 / 416
Sampling 400 / 416
Sampling 410 / 416
  -> temp/E1_v5b/P-mc/3_y_conditional/306__s2/mel2chord
=== [109/285] 316__s0
  [tempo] output_bpm=120.00
torch.Size([1, 416, 32]) torch.Size([1, 416, 32])
Yinyang Sampling
Sampling 80 / 416
Sampling 90 / 416
Sampling 100 / 416
Sampling 110 / 416
Sampling 120 / 416
Sampling 130 / 416
Sampling 140 / 416
Sampling 150 / 416
Sampling 160 / 416
Sampling 170 / 416
Sampling 180 / 416
Sampling 190 / 416
Sampling 200 / 416
Sampling 210 / 416
Sampling 220 / 416
Sampling 230 / 416
Sampling 240 / 416
Sampling 250 / 416
Sampling 260 / 416
Sampling 270 / 416
Sampling 280 / 416
Sampling 290 / 416
Sampling 300 / 416
Sampling 310 / 416
Sampling 320 / 416
Sampling 330 / 416
Sampling 340 / 416
Sampling 350 / 416
Sampling 360 / 416
Sampling 370 / 416
Sampling 380 / 416
Sampling 390 / 416
Sampling 400 / 416
Sampling 410 / 416
  -> temp/E1_v5b/P-mc/3_y_conditional/316__s0/mel2chord
=== [110/285] 316__s1
  [tempo] output_bpm=120.00
torch.Size([1, 416, 32]) torch.Size([1, 416, 32])
Yinyang Sampling
Sampling 80 / 416
Sampling 90 / 416
Sampling 100 / 416
Sampling 110 / 416
Sampling 120 / 416
Sampling 130 / 416
Sampling 140 / 416
Sampling 150 / 416
Sampling 160 / 416
Sampling 170 / 416
Sampling 180 / 416
Sampling 190 / 416
Sampling 200 / 416
Sampling 210 / 416
Sampling 220 / 416
Sampling 230 / 416
Sampling 240 / 416
Sampling 250 / 416
Sampling 260 / 416
Sampling 270 / 416
Sampling 280 / 416
Sampling 290 / 416
Sampling 300 / 416
Sampling 310 / 416
Sampling 320 / 416
Sampling 330 / 416
Sampling 340 / 416
Sampling 350 / 416
Sampling 360 / 416
Sampling 370 / 416
Sampling 380 / 416
Sampling 390 / 416
Sampling 400 / 416
Sampling 410 / 416
  -> temp/E1_v5b/P-mc/3_y_conditional/316__s1/mel2chord
=== [111/285] 316__s2
  [tempo] output_bpm=120.00
torch.Size([1, 416, 32]) torch.Size([1, 416, 32])
Yinyang Sampling
Sampling 80 / 416
Sampling 90 / 416
Sampling 100 / 416
Sampling 110 / 416
Sampling 120 / 416
Sampling 130 / 416
Sampling 140 / 416
Sampling 150 / 416
Sampling 160 / 416
Sampling 170 / 416
Sampling 180 / 416
Sampling 190 / 416
Sampling 200 / 416
Sampling 210 / 416
Sampling 220 / 416
Sampling 230 / 416
Sampling 240 / 416
Sampling 250 / 416
Sampling 260 / 416
Sampling 270 / 416
Sampling 280 / 416
Sampling 290 / 416
Sampling 300 / 416
Sampling 310 / 416
Sampling 320 / 416
Sampling 330 / 416
Sampling 340 / 416
Sampling 350 / 416
Sampling 360 / 416
Sampling 370 / 416
Sampling 380 / 416
Sampling 390 / 416
Sampling 400 / 416
Sampling 410 / 416
  -> temp/E1_v5b/P-mc/3_y_conditional/316__s2/mel2chord
=== [112/285] 336__s0
  [tempo] output_bpm=120.00
torch.Size([1, 416, 32]) torch.Size([1, 416, 32])
Yinyang Sampling
Sampling 80 / 416
Sampling 90 / 416
Sampling 100 / 416
Sampling 110 / 416
Sampling 120 / 416
Sampling 130 / 416
Sampling 140 / 416
Sampling 150 / 416
Sampling 160 / 416
Sampling 170 / 416
Sampling 180 / 416
Sampling 190 / 416
Sampling 200 / 416
Sampling 210 / 416
Sampling 220 / 416
Sampling 230 / 416
Sampling 240 / 416
Sampling 250 / 416
Sampling 260 / 416
Sampling 270 / 416
Sampling 280 / 416
Sampling 290 / 416
Sampling 300 / 416
Sampling 310 / 416
Sampling 320 / 416
Sampling 330 / 416
Sampling 340 / 416
Sampling 350 / 416
Sampling 360 / 416
Sampling 370 / 416
Sampling 380 / 416
Sampling 390 / 416
Sampling 400 / 416
Sampling 410 / 416
  -> temp/E1_v5b/P-mc/3_y_conditional/336__s0/mel2chord
=== [113/285] 336__s1
  [tempo] output_bpm=120.00
torch.Size([1, 416, 32]) torch.Size([1, 416, 32])
Yinyang Sampling
Sampling 80 / 416
Sampling 90 / 416
Sampling 100 / 416
Sampling 110 / 416
Sampling 120 / 416
Sampling 130 / 416
Sampling 140 / 416
Sampling 150 / 416
Sampling 160 / 416
Sampling 170 / 416
Sampling 180 / 416
Sampling 190 / 416
Sampling 200 / 416
Sampling 210 / 416
Sampling 220 / 416
Sampling 230 / 416
Sampling 240 / 416
Sampling 250 / 416
Sampling 260 / 416
Sampling 270 / 416
Sampling 280 / 416
Sampling 290 / 416
Sampling 300 / 416
Sampling 310 / 416
Sampling 320 / 416
Sampling 330 / 416
Sampling 340 / 416
Sampling 350 / 416
Sampling 360 / 416
Sampling 370 / 416
Sampling 380 / 416
Sampling 390 / 416
Sampling 400 / 416
Sampling 410 / 416
  -> temp/E1_v5b/P-mc/3_y_conditional/336__s1/mel2chord
=== [114/285] 336__s2
  [tempo] output_bpm=120.00
torch.Size([1, 416, 32]) torch.Size([1, 416, 32])
Yinyang Sampling
Sampling 80 / 416
Sampling 90 / 416
Sampling 100 / 416
Sampling 110 / 416
Sampling 120 / 416
Sampling 130 / 416
Sampling 140 / 416
Sampling 150 / 416
Sampling 160 / 416
Sampling 170 / 416
Sampling 180 / 416
Sampling 190 / 416
Sampling 200 / 416
Sampling 210 / 416
Sampling 220 / 416
Sampling 230 / 416
Sampling 240 / 416
Sampling 250 / 416
Sampling 260 / 416
Sampling 270 / 416
Sampling 280 / 416
Sampling 290 / 416
Sampling 300 / 416
Sampling 310 / 416
Sampling 320 / 416
Sampling 330 / 416
Sampling 340 / 416
Sampling 350 / 416
Sampling 360 / 416
Sampling 370 / 416
Sampling 380 / 416
Sampling 390 / 416
Sampling 400 / 416
Sampling 410 / 416
  -> temp/E1_v5b/P-mc/3_y_conditional/336__s2/mel2chord
=== [115/285] 346__s0
  [tempo] output_bpm=120.00
torch.Size([1, 416, 32]) torch.Size([1, 416, 32])
Yinyang Sampling
Sampling 80 / 416
Sampling 90 / 416
Sampling 100 / 416
Sampling 110 / 416
Sampling 120 / 416
Sampling 130 / 416
Sampling 140 / 416
Sampling 150 / 416
Sampling 160 / 416
Sampling 170 / 416
Sampling 180 / 416
Sampling 190 / 416
Sampling 200 / 416
Sampling 210 / 416
Sampling 220 / 416
Sampling 230 / 416
Sampling 240 / 416
Sampling 250 / 416
Sampling 260 / 416
Sampling 270 / 416
Sampling 280 / 416
Sampling 290 / 416
Sampling 300 / 416
Sampling 310 / 416
Sampling 320 / 416
Sampling 330 / 416
Sampling 340 / 416
Sampling 350 / 416
Sampling 360 / 416
Sampling 370 / 416
Sampling 380 / 416
Sampling 390 / 416
Sampling 400 / 416
Sampling 410 / 416
  -> temp/E1_v5b/P-mc/3_y_conditional/346__s0/mel2chord
=== [116/285] 346__s1
  [tempo] output_bpm=120.00
torch.Size([1, 416, 32]) torch.Size([1, 416, 32])
Yinyang Sampling
Sampling 80 / 416
Sampling 90 / 416
Sampling 100 / 416
Sampling 110 / 416
Sampling 120 / 416
Sampling 130 / 416
Sampling 140 / 416
Sampling 150 / 416
Sampling 160 / 416
Sampling 170 / 416
Sampling 180 / 416
Sampling 190 / 416
Sampling 200 / 416
Sampling 210 / 416
Sampling 220 / 416
Sampling 230 / 416
Sampling 240 / 416
Sampling 250 / 416
Sampling 260 / 416
Sampling 270 / 416
Sampling 280 / 416
Sampling 290 / 416
Sampling 300 / 416
Sampling 310 / 416
Sampling 320 / 416
Sampling 330 / 416
Sampling 340 / 416
Sampling 350 / 416
Sampling 360 / 416
Sampling 370 / 416
Sampling 380 / 416
Sampling 390 / 416
Sampling 400 / 416
Sampling 410 / 416
  -> temp/E1_v5b/P-mc/3_y_conditional/346__s1/mel2chord
=== [117/285] 346__s2
  [tempo] output_bpm=120.00
torch.Size([1, 416, 32]) torch.Size([1, 416, 32])
Yinyang Sampling
Sampling 80 / 416
Sampling 90 / 416
Sampling 100 / 416
Sampling 110 / 416
Sampling 120 / 416
Sampling 130 / 416
Sampling 140 / 416
Sampling 150 / 416
Sampling 160 / 416
Sampling 170 / 416
Sampling 180 / 416
Sampling 190 / 416
Sampling 200 / 416
Sampling 210 / 416
Sampling 220 / 416
Sampling 230 / 416
Sampling 240 / 416
Sampling 250 / 416
Sampling 260 / 416
Sampling 270 / 416
Sampling 280 / 416
Sampling 290 / 416
Sampling 300 / 416
Sampling 310 / 416
Sampling 320 / 416
Sampling 330 / 416
Sampling 340 / 416
Sampling 350 / 416
Sampling 360 / 416
Sampling 370 / 416
Sampling 380 / 416
Sampling 390 / 416
Sampling 400 / 416
Sampling 410 / 416
  -> temp/E1_v5b/P-mc/3_y_conditional/346__s2/mel2chord
=== [118/285] 356__s0
  [tempo] output_bpm=120.00
torch.Size([1, 416, 32]) torch.Size([1, 416, 32])
Yinyang Sampling
Sampling 80 / 416
Sampling 90 / 416
Sampling 100 / 416
Sampling 110 / 416
Sampling 120 / 416
Sampling 130 / 416
Sampling 140 / 416
Sampling 150 / 416
Sampling 160 / 416
Sampling 170 / 416
Sampling 180 / 416
Sampling 190 / 416
Sampling 200 / 416
Sampling 210 / 416
Sampling 220 / 416
Sampling 230 / 416
Sampling 240 / 416
Sampling 250 / 416
Sampling 260 / 416
Sampling 270 / 416
Sampling 280 / 416
Sampling 290 / 416
Sampling 300 / 416
Sampling 310 / 416
Sampling 320 / 416
Sampling 330 / 416
Sampling 340 / 416
Sampling 350 / 416
Sampling 360 / 416
Sampling 370 / 416
Sampling 380 / 416
Sampling 390 / 416
Sampling 400 / 416
Sampling 410 / 416
  -> temp/E1_v5b/P-mc/3_y_conditional/356__s0/mel2chord
=== [119/285] 356__s1
  [tempo] output_bpm=120.00
torch.Size([1, 416, 32]) torch.Size([1, 416, 32])
Yinyang Sampling
Sampling 80 / 416
Sampling 90 / 416
Sampling 100 / 416
Sampling 110 / 416
Sampling 120 / 416
Sampling 130 / 416
Sampling 140 / 416
Sampling 150 / 416
Sampling 160 / 416
Sampling 170 / 416
Sampling 180 / 416
Sampling 190 / 416
Sampling 200 / 416
Sampling 210 / 416
Sampling 220 / 416
Sampling 230 / 416
Sampling 240 / 416
Sampling 250 / 416
Sampling 260 / 416
Sampling 270 / 416
Sampling 280 / 416
Sampling 290 / 416
Sampling 300 / 416
Sampling 310 / 416
Sampling 320 / 416
Sampling 330 / 416
Sampling 340 / 416
Sampling 350 / 416
Sampling 360 / 416
Sampling 370 / 416
Sampling 380 / 416
Sampling 390 / 416
Sampling 400 / 416
Sampling 410 / 416
  -> temp/E1_v5b/P-mc/3_y_conditional/356__s1/mel2chord
=== [120/285] 356__s2
  [tempo] output_bpm=120.00
torch.Size([1, 416, 32]) torch.Size([1, 416, 32])
Yinyang Sampling
Sampling 80 / 416
Sampling 90 / 416
Sampling 100 / 416
Sampling 110 / 416
Sampling 120 / 416
Sampling 130 / 416
Sampling 140 / 416
Sampling 150 / 416
Sampling 160 / 416
Sampling 170 / 416
Sampling 180 / 416
Sampling 190 / 416
Sampling 200 / 416
Sampling 210 / 416
Sampling 220 / 416
Sampling 230 / 416
Sampling 240 / 416
Sampling 250 / 416
Sampling 260 / 416
Sampling 270 / 416
Sampling 280 / 416
Sampling 290 / 416
Sampling 300 / 416
Sampling 310 / 416
Sampling 320 / 416
Sampling 330 / 416
Sampling 340 / 416
Sampling 350 / 416
Sampling 360 / 416
Sampling 370 / 416
Sampling 380 / 416
Sampling 390 / 416
Sampling 400 / 416
Sampling 410 / 416
  -> temp/E1_v5b/P-mc/3_y_conditional/356__s2/mel2chord
=== [121/285] 366__s0
  [tempo] output_bpm=120.00
torch.Size([1, 416, 32]) torch.Size([1, 416, 32])
Yinyang Sampling
Sampling 80 / 416
Sampling 90 / 416
Sampling 100 / 416
Sampling 110 / 416
Sampling 120 / 416
Sampling 130 / 416
Sampling 140 / 416
Sampling 150 / 416
Sampling 160 / 416
Sampling 170 / 416
Sampling 180 / 416
Sampling 190 / 416
Sampling 200 / 416
Sampling 210 / 416
Sampling 220 / 416
Sampling 230 / 416
Sampling 240 / 416
Sampling 250 / 416
Sampling 260 / 416
Sampling 270 / 416
Sampling 280 / 416
Sampling 290 / 416
Sampling 300 / 416
Sampling 310 / 416
Sampling 320 / 416
Sampling 330 / 416
Sampling 340 / 416
Sampling 350 / 416
Sampling 360 / 416
Sampling 370 / 416
Sampling 380 / 416
Sampling 390 / 416
Sampling 400 / 416
Sampling 410 / 416
  -> temp/E1_v5b/P-mc/3_y_conditional/366__s0/mel2chord
=== [122/285] 366__s1
  [tempo] output_bpm=120.00
torch.Size([1, 416, 32]) torch.Size([1, 416, 32])
Yinyang Sampling
Sampling 80 / 416
Sampling 90 / 416
Sampling 100 / 416
Sampling 110 / 416
Sampling 120 / 416
Sampling 130 / 416
Sampling 140 / 416
Sampling 150 / 416
Sampling 160 / 416
Sampling 170 / 416
Sampling 180 / 416
Sampling 190 / 416
Sampling 200 / 416
Sampling 210 / 416
Sampling 220 / 416
Sampling 230 / 416
Sampling 240 / 416
Sampling 250 / 416
Sampling 260 / 416
Sampling 270 / 416
Sampling 280 / 416
Sampling 290 / 416
Sampling 300 / 416
Sampling 310 / 416
Sampling 320 / 416
Sampling 330 / 416
Sampling 340 / 416
Sampling 350 / 416
Sampling 360 / 416
Sampling 370 / 416
Sampling 380 / 416
Sampling 390 / 416
Sampling 400 / 416
Sampling 410 / 416
  -> temp/E1_v5b/P-mc/3_y_conditional/366__s1/mel2chord
=== [123/285] 366__s2
  [tempo] output_bpm=120.00
torch.Size([1, 416, 32]) torch.Size([1, 416, 32])
Yinyang Sampling
Sampling 80 / 416
Sampling 90 / 416
Sampling 100 / 416
Sampling 110 / 416
Sampling 120 / 416
Sampling 130 / 416
Sampling 140 / 416
Sampling 150 / 416
Sampling 160 / 416
Sampling 170 / 416
Sampling 180 / 416
Sampling 190 / 416
Sampling 200 / 416
Sampling 210 / 416
Sampling 220 / 416
Sampling 230 / 416
Sampling 240 / 416
Sampling 250 / 416
Sampling 260 / 416
Sampling 270 / 416
Sampling 280 / 416
Sampling 290 / 416
Sampling 300 / 416
Sampling 310 / 416
Sampling 320 / 416
Sampling 330 / 416
Sampling 340 / 416
Sampling 350 / 416
Sampling 360 / 416
Sampling 370 / 416
Sampling 380 / 416
Sampling 390 / 416
Sampling 400 / 416
Sampling 410 / 416
  -> temp/E1_v5b/P-mc/3_y_conditional/366__s2/mel2chord
=== [124/285] 376__s0
  [tempo] output_bpm=120.00
torch.Size([1, 416, 32]) torch.Size([1, 416, 32])
Yinyang Sampling
Sampling 80 / 416
Sampling 90 / 416
Sampling 100 / 416
Sampling 110 / 416
Sampling 120 / 416
Sampling 130 / 416
Sampling 140 / 416
Sampling 150 / 416
Sampling 160 / 416
Sampling 170 / 416
Sampling 180 / 416
Sampling 190 / 416
Sampling 200 / 416
Sampling 210 / 416
Sampling 220 / 416
Sampling 230 / 416
Sampling 240 / 416
Sampling 250 / 416
Sampling 260 / 416
Sampling 270 / 416
Sampling 280 / 416
Sampling 290 / 416
Sampling 300 / 416
Sampling 310 / 416
Sampling 320 / 416
Sampling 330 / 416
Sampling 340 / 416
Sampling 350 / 416
Sampling 360 / 416
Sampling 370 / 416
Sampling 380 / 416
Sampling 390 / 416
Sampling 400 / 416
Sampling 410 / 416
  -> temp/E1_v5b/P-mc/3_y_conditional/376__s0/mel2chord
=== [125/285] 376__s1
  [tempo] output_bpm=120.00
torch.Size([1, 416, 32]) torch.Size([1, 416, 32])
Yinyang Sampling
Sampling 80 / 416
Sampling 90 / 416
Sampling 100 / 416
Sampling 110 / 416
Sampling 120 / 416
Sampling 130 / 416
Sampling 140 / 416
Sampling 150 / 416
Sampling 160 / 416
Sampling 170 / 416
Sampling 180 / 416
Sampling 190 / 416
Sampling 200 / 416
Sampling 210 / 416
Sampling 220 / 416
Sampling 230 / 416
Sampling 240 / 416
Sampling 250 / 416
Sampling 260 / 416
Sampling 270 / 416
Sampling 280 / 416
Sampling 290 / 416
Sampling 300 / 416
Sampling 310 / 416
Sampling 320 / 416
Sampling 330 / 416
Sampling 340 / 416
Sampling 350 / 416
Sampling 360 / 416
Sampling 370 / 416
Sampling 380 / 416
Sampling 390 / 416
Sampling 400 / 416
Sampling 410 / 416
  -> temp/E1_v5b/P-mc/3_y_conditional/376__s1/mel2chord
=== [126/285] 376__s2
  [tempo] output_bpm=120.00
torch.Size([1, 416, 32]) torch.Size([1, 416, 32])
Yinyang Sampling
Sampling 80 / 416
Sampling 90 / 416
Sampling 100 / 416
Sampling 110 / 416
Sampling 120 / 416
Sampling 130 / 416
Sampling 140 / 416
Sampling 150 / 416
Sampling 160 / 416
Sampling 170 / 416
Sampling 180 / 416
Sampling 190 / 416
Sampling 200 / 416
Sampling 210 / 416
Sampling 220 / 416
Sampling 230 / 416
Sampling 240 / 416
Sampling 250 / 416
Sampling 260 / 416
Sampling 270 / 416
Sampling 280 / 416
Sampling 290 / 416
Sampling 300 / 416
Sampling 310 / 416
Sampling 320 / 416
Sampling 330 / 416
Sampling 340 / 416
Sampling 350 / 416
Sampling 360 / 416
Sampling 370 / 416
Sampling 380 / 416
Sampling 390 / 416
Sampling 400 / 416
Sampling 410 / 416
  -> temp/E1_v5b/P-mc/3_y_conditional/376__s2/mel2chord
=== [127/285] 386__s0
  [tempo] output_bpm=120.00
torch.Size([1, 416, 32]) torch.Size([1, 416, 32])
Yinyang Sampling
Sampling 80 / 416
Sampling 90 / 416
Sampling 100 / 416
Sampling 110 / 416
Sampling 120 / 416
Sampling 130 / 416
Sampling 140 / 416
Sampling 150 / 416
Sampling 160 / 416
Sampling 170 / 416
Sampling 180 / 416
Sampling 190 / 416
Sampling 200 / 416
Sampling 210 / 416
Sampling 220 / 416
Sampling 230 / 416
Sampling 240 / 416
Sampling 250 / 416
Sampling 260 / 416
Sampling 270 / 416
Sampling 280 / 416
Sampling 290 / 416
Sampling 300 / 416
Sampling 310 / 416
Sampling 320 / 416
Sampling 330 / 416
Sampling 340 / 416
Sampling 350 / 416
Sampling 360 / 416
Sampling 370 / 416
Sampling 380 / 416
Sampling 390 / 416
Sampling 400 / 416
Sampling 410 / 416
  -> temp/E1_v5b/P-mc/3_y_conditional/386__s0/mel2chord
=== [128/285] 386__s1
  [tempo] output_bpm=120.00
torch.Size([1, 416, 32]) torch.Size([1, 416, 32])
Yinyang Sampling
Sampling 80 / 416
Sampling 90 / 416
Sampling 100 / 416
Sampling 110 / 416
Sampling 120 / 416
Sampling 130 / 416
Sampling 140 / 416
Sampling 150 / 416
Sampling 160 / 416
Sampling 170 / 416
Sampling 180 / 416
Sampling 190 / 416
Sampling 200 / 416
Sampling 210 / 416
Sampling 220 / 416
Sampling 230 / 416
Sampling 240 / 416
Sampling 250 / 416
Sampling 260 / 416
Sampling 270 / 416
Sampling 280 / 416
Sampling 290 / 416
Sampling 300 / 416
Sampling 310 / 416
Sampling 320 / 416
Sampling 330 / 416
Sampling 340 / 416
Sampling 350 / 416
Sampling 360 / 416
Sampling 370 / 416
Sampling 380 / 416
Sampling 390 / 416
Sampling 400 / 416
Sampling 410 / 416
  -> temp/E1_v5b/P-mc/3_y_conditional/386__s1/mel2chord
=== [129/285] 386__s2
  [tempo] output_bpm=120.00
torch.Size([1, 416, 32]) torch.Size([1, 416, 32])
Yinyang Sampling
Sampling 80 / 416
Sampling 90 / 416
Sampling 100 / 416
Sampling 110 / 416
Sampling 120 / 416
Sampling 130 / 416
Sampling 140 / 416
Sampling 150 / 416
Sampling 160 / 416
Sampling 170 / 416
Sampling 180 / 416
Sampling 190 / 416
Sampling 200 / 416
Sampling 210 / 416
Sampling 220 / 416
Sampling 230 / 416
Sampling 240 / 416
Sampling 250 / 416
Sampling 260 / 416
Sampling 270 / 416
Sampling 280 / 416
Sampling 290 / 416
Sampling 300 / 416
Sampling 310 / 416
Sampling 320 / 416
Sampling 330 / 416
Sampling 340 / 416
Sampling 350 / 416
Sampling 360 / 416
Sampling 370 / 416
Sampling 380 / 416
Sampling 390 / 416
Sampling 400 / 416
Sampling 410 / 416
  -> temp/E1_v5b/P-mc/3_y_conditional/386__s2/mel2chord
=== [130/285] 396__s0
  [tempo] output_bpm=120.00
torch.Size([1, 416, 32]) torch.Size([1, 416, 32])
Yinyang Sampling
Sampling 80 / 416
Sampling 90 / 416
Sampling 100 / 416
Sampling 110 / 416
Sampling 120 / 416
Sampling 130 / 416
Sampling 140 / 416
Sampling 150 / 416
Sampling 160 / 416
Sampling 170 / 416
Sampling 180 / 416
Sampling 190 / 416
Sampling 200 / 416
Sampling 210 / 416
Sampling 220 / 416
Sampling 230 / 416
Sampling 240 / 416
Sampling 250 / 416
Sampling 260 / 416
Sampling 270 / 416
Sampling 280 / 416
Sampling 290 / 416
Sampling 300 / 416
Sampling 310 / 416
Sampling 320 / 416
Sampling 330 / 416
Sampling 340 / 416
Sampling 350 / 416
Sampling 360 / 416
Sampling 370 / 416
Sampling 380 / 416
Sampling 390 / 416
Sampling 400 / 416
Sampling 410 / 416
  -> temp/E1_v5b/P-mc/3_y_conditional/396__s0/mel2chord
=== [131/285] 396__s1
  [tempo] output_bpm=120.00
torch.Size([1, 416, 32]) torch.Size([1, 416, 32])
Yinyang Sampling
Sampling 80 / 416
Sampling 90 / 416
Sampling 100 / 416
Sampling 110 / 416
Sampling 120 / 416
Sampling 130 / 416
Sampling 140 / 416
Sampling 150 / 416
Sampling 160 / 416
Sampling 170 / 416
Sampling 180 / 416
Sampling 190 / 416
Sampling 200 / 416
Sampling 210 / 416
Sampling 220 / 416
Sampling 230 / 416
Sampling 240 / 416
Sampling 250 / 416
Sampling 260 / 416
Sampling 270 / 416
Sampling 280 / 416
Sampling 290 / 416
Sampling 300 / 416
Sampling 310 / 416
Sampling 320 / 416
Sampling 330 / 416
Sampling 340 / 416
Sampling 350 / 416
Sampling 360 / 416
Sampling 370 / 416
Sampling 380 / 416
Sampling 390 / 416
Sampling 400 / 416
Sampling 410 / 416
  -> temp/E1_v5b/P-mc/3_y_conditional/396__s1/mel2chord
=== [132/285] 396__s2
  [tempo] output_bpm=120.00
torch.Size([1, 416, 32]) torch.Size([1, 416, 32])
Yinyang Sampling
Sampling 80 / 416
Sampling 90 / 416
Sampling 100 / 416
Sampling 110 / 416
Sampling 120 / 416
Sampling 130 / 416
Sampling 140 / 416
Sampling 150 / 416
Sampling 160 / 416
Sampling 170 / 416
Sampling 180 / 416
Sampling 190 / 416
Sampling 200 / 416
Sampling 210 / 416
Sampling 220 / 416
Sampling 230 / 416
Sampling 240 / 416
Sampling 250 / 416
Sampling 260 / 416
Sampling 270 / 416
Sampling 280 / 416
Sampling 290 / 416
Sampling 300 / 416
Sampling 310 / 416
Sampling 320 / 416
Sampling 330 / 416
Sampling 340 / 416
Sampling 350 / 416
Sampling 360 / 416
Sampling 370 / 416
Sampling 380 / 416
Sampling 390 / 416
Sampling 400 / 416
Sampling 410 / 416
  -> temp/E1_v5b/P-mc/3_y_conditional/396__s2/mel2chord
=== [133/285] 406__s0
  [tempo] output_bpm=120.00
torch.Size([1, 416, 32]) torch.Size([1, 416, 32])
Yinyang Sampling
Sampling 80 / 416
Sampling 90 / 416
Sampling 100 / 416
Sampling 110 / 416
Sampling 120 / 416
Sampling 130 / 416
Sampling 140 / 416
Sampling 150 / 416
Sampling 160 / 416
Sampling 170 / 416
Sampling 180 / 416
Sampling 190 / 416
Sampling 200 / 416
Sampling 210 / 416
Sampling 220 / 416
Sampling 230 / 416
Sampling 240 / 416
Sampling 250 / 416
Sampling 260 / 416
Sampling 270 / 416
Sampling 280 / 416
Sampling 290 / 416
Sampling 300 / 416
Sampling 310 / 416
Sampling 320 / 416
Sampling 330 / 416
Sampling 340 / 416
Sampling 350 / 416
Sampling 360 / 416
Sampling 370 / 416
Sampling 380 / 416
Sampling 390 / 416
Sampling 400 / 416
Sampling 410 / 416
  -> temp/E1_v5b/P-mc/3_y_conditional/406__s0/mel2chord
=== [134/285] 406__s1
  [tempo] output_bpm=120.00
torch.Size([1, 416, 32]) torch.Size([1, 416, 32])
Yinyang Sampling
Sampling 80 / 416
Sampling 90 / 416
Sampling 100 / 416
Sampling 110 / 416
Sampling 120 / 416
Sampling 130 / 416
Sampling 140 / 416
Sampling 150 / 416
Sampling 160 / 416
Sampling 170 / 416
Sampling 180 / 416
Sampling 190 / 416
Sampling 200 / 416
Sampling 210 / 416
Sampling 220 / 416
Sampling 230 / 416
Sampling 240 / 416
Sampling 250 / 416
Sampling 260 / 416
Sampling 270 / 416
Sampling 280 / 416
Sampling 290 / 416
Sampling 300 / 416
Sampling 310 / 416
Sampling 320 / 416
Sampling 330 / 416
Sampling 340 / 416
Sampling 350 / 416
Sampling 360 / 416
Sampling 370 / 416
Sampling 380 / 416
Sampling 390 / 416
Sampling 400 / 416
Sampling 410 / 416
  -> temp/E1_v5b/P-mc/3_y_conditional/406__s1/mel2chord
=== [135/285] 406__s2
  [tempo] output_bpm=120.00
torch.Size([1, 416, 32]) torch.Size([1, 416, 32])
Yinyang Sampling
Sampling 80 / 416
Sampling 90 / 416
Sampling 100 / 416
Sampling 110 / 416
Sampling 120 / 416
Sampling 130 / 416
Sampling 140 / 416
Sampling 150 / 416
Sampling 160 / 416
Sampling 170 / 416
Sampling 180 / 416
Sampling 190 / 416
Sampling 200 / 416
Sampling 210 / 416
Sampling 220 / 416
Sampling 230 / 416
Sampling 240 / 416
Sampling 250 / 416
Sampling 260 / 416
Sampling 270 / 416
Sampling 280 / 416
Sampling 290 / 416
Sampling 300 / 416
Sampling 310 / 416
Sampling 320 / 416
Sampling 330 / 416
Sampling 340 / 416
Sampling 350 / 416
Sampling 360 / 416
Sampling 370 / 416
Sampling 380 / 416
Sampling 390 / 416
Sampling 400 / 416
Sampling 410 / 416
  -> temp/E1_v5b/P-mc/3_y_conditional/406__s2/mel2chord
=== [136/285] 416__s0
  [tempo] output_bpm=120.00
torch.Size([1, 416, 32]) torch.Size([1, 416, 32])
Yinyang Sampling
Sampling 80 / 416
Sampling 90 / 416
Sampling 100 / 416
Sampling 110 / 416
Sampling 120 / 416
Sampling 130 / 416
Sampling 140 / 416
Sampling 150 / 416
Sampling 160 / 416
Sampling 170 / 416
Sampling 180 / 416
Sampling 190 / 416
Sampling 200 / 416
Sampling 210 / 416
Sampling 220 / 416
Sampling 230 / 416
Sampling 240 / 416
Sampling 250 / 416
Sampling 260 / 416
Sampling 270 / 416
Sampling 280 / 416
Sampling 290 / 416
Sampling 300 / 416
Sampling 310 / 416
Sampling 320 / 416
Sampling 330 / 416
Sampling 340 / 416
Sampling 350 / 416
Sampling 360 / 416
Sampling 370 / 416
Sampling 380 / 416
Sampling 390 / 416
Sampling 400 / 416
Sampling 410 / 416
  -> temp/E1_v5b/P-mc/3_y_conditional/416__s0/mel2chord
=== [137/285] 416__s1
  [tempo] output_bpm=120.00
torch.Size([1, 416, 32]) torch.Size([1, 416, 32])
Yinyang Sampling
Sampling 80 / 416
Sampling 90 / 416
Sampling 100 / 416
Sampling 110 / 416
Sampling 120 / 416
Sampling 130 / 416
Sampling 140 / 416
Sampling 150 / 416
Sampling 160 / 416
Sampling 170 / 416
Sampling 180 / 416
Sampling 190 / 416
Sampling 200 / 416
Sampling 210 / 416
Sampling 220 / 416
Sampling 230 / 416
Sampling 240 / 416
Sampling 250 / 416
Sampling 260 / 416
Sampling 270 / 416
Sampling 280 / 416
Sampling 290 / 416
Sampling 300 / 416
Sampling 310 / 416
Sampling 320 / 416
Sampling 330 / 416
Sampling 340 / 416
Sampling 350 / 416
Sampling 360 / 416
Sampling 370 / 416
Sampling 380 / 416
Sampling 390 / 416
Sampling 400 / 416
Sampling 410 / 416
  -> temp/E1_v5b/P-mc/3_y_conditional/416__s1/mel2chord
=== [138/285] 416__s2
  [tempo] output_bpm=120.00
torch.Size([1, 416, 32]) torch.Size([1, 416, 32])
Yinyang Sampling
Sampling 80 / 416
Sampling 90 / 416
Sampling 100 / 416
Sampling 110 / 416
Sampling 120 / 416
Sampling 130 / 416
Sampling 140 / 416
Sampling 150 / 416
Sampling 160 / 416
Sampling 170 / 416
Sampling 180 / 416
Sampling 190 / 416
Sampling 200 / 416
Sampling 210 / 416
Sampling 220 / 416
Sampling 230 / 416
Sampling 240 / 416
Sampling 250 / 416
Sampling 260 / 416
Sampling 270 / 416
Sampling 280 / 416
Sampling 290 / 416
Sampling 300 / 416
Sampling 310 / 416
Sampling 320 / 416
Sampling 330 / 416
Sampling 340 / 416
Sampling 350 / 416
Sampling 360 / 416
Sampling 370 / 416
Sampling 380 / 416
Sampling 390 / 416
Sampling 400 / 416
Sampling 410 / 416
  -> temp/E1_v5b/P-mc/3_y_conditional/416__s2/mel2chord
=== [139/285] 426__s0
  [tempo] output_bpm=120.00
torch.Size([1, 416, 32]) torch.Size([1, 416, 32])
Yinyang Sampling
Sampling 80 / 416
Sampling 90 / 416
Sampling 100 / 416
Sampling 110 / 416
Sampling 120 / 416
Sampling 130 / 416
Sampling 140 / 416
Sampling 150 / 416
Sampling 160 / 416
Sampling 170 / 416
Sampling 180 / 416
Sampling 190 / 416
Sampling 200 / 416
Sampling 210 / 416
Sampling 220 / 416
Sampling 230 / 416
Sampling 240 / 416
Sampling 250 / 416
Sampling 260 / 416
Sampling 270 / 416
Sampling 280 / 416
Sampling 290 / 416
Sampling 300 / 416
Sampling 310 / 416
Sampling 320 / 416
Sampling 330 / 416
Sampling 340 / 416
Sampling 350 / 416
Sampling 360 / 416
Sampling 370 / 416
Sampling 380 / 416
Sampling 390 / 416
Sampling 400 / 416
Sampling 410 / 416
  -> temp/E1_v5b/P-mc/3_y_conditional/426__s0/mel2chord
=== [140/285] 426__s1
  [tempo] output_bpm=120.00
torch.Size([1, 416, 32]) torch.Size([1, 416, 32])
Yinyang Sampling
Sampling 80 / 416
Sampling 90 / 416
Sampling 100 / 416
Sampling 110 / 416
Sampling 120 / 416
Sampling 130 / 416
Sampling 140 / 416
Sampling 150 / 416
Sampling 160 / 416
Sampling 170 / 416
Sampling 180 / 416
Sampling 190 / 416
Sampling 200 / 416
Sampling 210 / 416
Sampling 220 / 416
Sampling 230 / 416
Sampling 240 / 416
Sampling 250 / 416
Sampling 260 / 416
Sampling 270 / 416
Sampling 280 / 416
Sampling 290 / 416
Sampling 300 / 416
Sampling 310 / 416
Sampling 320 / 416
Sampling 330 / 416
Sampling 340 / 416
Sampling 350 / 416
Sampling 360 / 416
Sampling 370 / 416
Sampling 380 / 416
Sampling 390 / 416
Sampling 400 / 416
Sampling 410 / 416
  -> temp/E1_v5b/P-mc/3_y_conditional/426__s1/mel2chord
=== [141/285] 426__s2
  [tempo] output_bpm=120.00
torch.Size([1, 416, 32]) torch.Size([1, 416, 32])
Yinyang Sampling
Sampling 80 / 416
Sampling 90 / 416
Sampling 100 / 416
Sampling 110 / 416
Sampling 120 / 416
Sampling 130 / 416
Sampling 140 / 416
Sampling 150 / 416
Sampling 160 / 416
Sampling 170 / 416
Sampling 180 / 416
Sampling 190 / 416
Sampling 200 / 416
Sampling 210 / 416
Sampling 220 / 416
Sampling 230 / 416
Sampling 240 / 416
Sampling 250 / 416
Sampling 260 / 416
Sampling 270 / 416
Sampling 280 / 416
Sampling 290 / 416
Sampling 300 / 416
Sampling 310 / 416
Sampling 320 / 416
Sampling 330 / 416
Sampling 340 / 416
Sampling 350 / 416
Sampling 360 / 416
Sampling 370 / 416
Sampling 380 / 416
Sampling 390 / 416
Sampling 400 / 416
Sampling 410 / 416
  -> temp/E1_v5b/P-mc/3_y_conditional/426__s2/mel2chord
=== [142/285] 436__s0
  [tempo] output_bpm=120.00
torch.Size([1, 416, 32]) torch.Size([1, 416, 32])
Yinyang Sampling
Sampling 80 / 416
Sampling 90 / 416
Sampling 100 / 416
Sampling 110 / 416
Sampling 120 / 416
Sampling 130 / 416
Sampling 140 / 416
Sampling 150 / 416
Sampling 160 / 416
Sampling 170 / 416
Sampling 180 / 416
Sampling 190 / 416
Sampling 200 / 416
Sampling 210 / 416
Sampling 220 / 416
Sampling 230 / 416
Sampling 240 / 416
Sampling 250 / 416
Sampling 260 / 416
Sampling 270 / 416
Sampling 280 / 416
Sampling 290 / 416
Sampling 300 / 416
Sampling 310 / 416
Sampling 320 / 416
Sampling 330 / 416
Sampling 340 / 416
Sampling 350 / 416
Sampling 360 / 416
Sampling 370 / 416
Sampling 380 / 416
Sampling 390 / 416
Sampling 400 / 416
Sampling 410 / 416
  -> temp/E1_v5b/P-mc/3_y_conditional/436__s0/mel2chord
=== [143/285] 436__s1
  [tempo] output_bpm=120.00
torch.Size([1, 416, 32]) torch.Size([1, 416, 32])
Yinyang Sampling
Sampling 80 / 416
Sampling 90 / 416
Sampling 100 / 416
Sampling 110 / 416
Sampling 120 / 416
Sampling 130 / 416
Sampling 140 / 416
Sampling 150 / 416
Sampling 160 / 416
Sampling 170 / 416
Sampling 180 / 416
Sampling 190 / 416
Sampling 200 / 416
Sampling 210 / 416
Sampling 220 / 416
Sampling 230 / 416
Sampling 240 / 416
Sampling 250 / 416
Sampling 260 / 416
Sampling 270 / 416
Sampling 280 / 416
Sampling 290 / 416
Sampling 300 / 416
Sampling 310 / 416
Sampling 320 / 416
Sampling 330 / 416
Sampling 340 / 416
Sampling 350 / 416
Sampling 360 / 416
Sampling 370 / 416
Sampling 380 / 416
Sampling 390 / 416
Sampling 400 / 416
Sampling 410 / 416
  -> temp/E1_v5b/P-mc/3_y_conditional/436__s1/mel2chord
=== [144/285] 436__s2
  [tempo] output_bpm=120.00
torch.Size([1, 416, 32]) torch.Size([1, 416, 32])
Yinyang Sampling
Sampling 80 / 416
Sampling 90 / 416
Sampling 100 / 416
Sampling 110 / 416
Sampling 120 / 416
Sampling 130 / 416
Sampling 140 / 416
Sampling 150 / 416
Sampling 160 / 416
Sampling 170 / 416
Sampling 180 / 416
Sampling 190 / 416
Sampling 200 / 416
Sampling 210 / 416
Sampling 220 / 416
Sampling 230 / 416
Sampling 240 / 416
Sampling 250 / 416
Sampling 260 / 416
Sampling 270 / 416
Sampling 280 / 416
Sampling 290 / 416
Sampling 300 / 416
Sampling 310 / 416
Sampling 320 / 416
Sampling 330 / 416
Sampling 340 / 416
Sampling 350 / 416
Sampling 360 / 416
Sampling 370 / 416
Sampling 380 / 416
Sampling 390 / 416
Sampling 400 / 416
Sampling 410 / 416
  -> temp/E1_v5b/P-mc/3_y_conditional/436__s2/mel2chord
=== [145/285] 446__s0
  [tempo] output_bpm=120.00
torch.Size([1, 416, 32]) torch.Size([1, 416, 32])
Yinyang Sampling
Sampling 80 / 416
Sampling 90 / 416
Sampling 100 / 416
Sampling 110 / 416
Sampling 120 / 416
Sampling 130 / 416
Sampling 140 / 416
Sampling 150 / 416
Sampling 160 / 416
Sampling 170 / 416
Sampling 180 / 416
Sampling 190 / 416
Sampling 200 / 416
Sampling 210 / 416
Sampling 220 / 416
Sampling 230 / 416
Sampling 240 / 416
Sampling 250 / 416
Sampling 260 / 416
Sampling 270 / 416
Sampling 280 / 416
Sampling 290 / 416
Sampling 300 / 416
Sampling 310 / 416
Sampling 320 / 416
Sampling 330 / 416
Sampling 340 / 416
Sampling 350 / 416
Sampling 360 / 416
Sampling 370 / 416
Sampling 380 / 416
Sampling 390 / 416
Sampling 400 / 416
Sampling 410 / 416
  -> temp/E1_v5b/P-mc/3_y_conditional/446__s0/mel2chord
=== [146/285] 446__s1
  [tempo] output_bpm=120.00
torch.Size([1, 416, 32]) torch.Size([1, 416, 32])
Yinyang Sampling
Sampling 80 / 416
Sampling 90 / 416
Sampling 100 / 416
Sampling 110 / 416
Sampling 120 / 416
Sampling 130 / 416
Sampling 140 / 416
Sampling 150 / 416
Sampling 160 / 416
Sampling 170 / 416
Sampling 180 / 416
Sampling 190 / 416
Sampling 200 / 416
Sampling 210 / 416
Sampling 220 / 416
Sampling 230 / 416
Sampling 240 / 416
Sampling 250 / 416
Sampling 260 / 416
Sampling 270 / 416
Sampling 280 / 416
Sampling 290 / 416
Sampling 300 / 416
Sampling 310 / 416
Sampling 320 / 416
Sampling 330 / 416
Sampling 340 / 416
Sampling 350 / 416
Sampling 360 / 416
Sampling 370 / 416
Sampling 380 / 416
Sampling 390 / 416
Sampling 400 / 416
Sampling 410 / 416
  -> temp/E1_v5b/P-mc/3_y_conditional/446__s1/mel2chord
=== [147/285] 446__s2
  [tempo] output_bpm=120.00
torch.Size([1, 416, 32]) torch.Size([1, 416, 32])
Yinyang Sampling
Sampling 80 / 416
Sampling 90 / 416
Sampling 100 / 416
Sampling 110 / 416
Sampling 120 / 416
Sampling 130 / 416
Sampling 140 / 416
Sampling 150 / 416
Sampling 160 / 416
Sampling 170 / 416
Sampling 180 / 416
Sampling 190 / 416
Sampling 200 / 416
Sampling 210 / 416
Sampling 220 / 416
Sampling 230 / 416
Sampling 240 / 416
Sampling 250 / 416
Sampling 260 / 416
Sampling 270 / 416
Sampling 280 / 416
Sampling 290 / 416
Sampling 300 / 416
Sampling 310 / 416
Sampling 320 / 416
Sampling 330 / 416
Sampling 340 / 416
Sampling 350 / 416
Sampling 360 / 416
Sampling 370 / 416
Sampling 380 / 416
Sampling 390 / 416
Sampling 400 / 416
Sampling 410 / 416
  -> temp/E1_v5b/P-mc/3_y_conditional/446__s2/mel2chord
=== [148/285] 456__s0
  [tempo] output_bpm=120.00
torch.Size([1, 416, 32]) torch.Size([1, 416, 32])
Yinyang Sampling
Sampling 80 / 416
Sampling 90 / 416
Sampling 100 / 416
Sampling 110 / 416
Sampling 120 / 416
Sampling 130 / 416
Sampling 140 / 416
Sampling 150 / 416
Sampling 160 / 416
Sampling 170 / 416
Sampling 180 / 416
Sampling 190 / 416
Sampling 200 / 416
Sampling 210 / 416
Sampling 220 / 416
Sampling 230 / 416
Sampling 240 / 416
Sampling 250 / 416
Sampling 260 / 416
Sampling 270 / 416
Sampling 280 / 416
Sampling 290 / 416
Sampling 300 / 416
Sampling 310 / 416
Sampling 320 / 416
Sampling 330 / 416
Sampling 340 / 416
Sampling 350 / 416
Sampling 360 / 416
Sampling 370 / 416
Sampling 380 / 416
Sampling 390 / 416
Sampling 400 / 416
Sampling 410 / 416
  -> temp/E1_v5b/P-mc/3_y_conditional/456__s0/mel2chord
=== [149/285] 456__s1
  [tempo] output_bpm=120.00
torch.Size([1, 416, 32]) torch.Size([1, 416, 32])
Yinyang Sampling
Sampling 80 / 416
Sampling 90 / 416
Sampling 100 / 416
Sampling 110 / 416
Sampling 120 / 416
Sampling 130 / 416
Sampling 140 / 416
Sampling 150 / 416
Sampling 160 / 416
Sampling 170 / 416
Sampling 180 / 416
Sampling 190 / 416
Sampling 200 / 416
Sampling 210 / 416
Sampling 220 / 416
Sampling 230 / 416
Sampling 240 / 416
Sampling 250 / 416
Sampling 260 / 416
Sampling 270 / 416
Sampling 280 / 416
Sampling 290 / 416
Sampling 300 / 416
Sampling 310 / 416
Sampling 320 / 416
Sampling 330 / 416
Sampling 340 / 416
Sampling 350 / 416
Sampling 360 / 416
Sampling 370 / 416
Sampling 380 / 416
Sampling 390 / 416
Sampling 400 / 416
Sampling 410 / 416
  -> temp/E1_v5b/P-mc/3_y_conditional/456__s1/mel2chord
=== [150/285] 456__s2
  [tempo] output_bpm=120.00
torch.Size([1, 416, 32]) torch.Size([1, 416, 32])
Yinyang Sampling
Sampling 80 / 416
Sampling 90 / 416
Sampling 100 / 416
Sampling 110 / 416
Sampling 120 / 416
Sampling 130 / 416
Sampling 140 / 416
Sampling 150 / 416
Sampling 160 / 416
Sampling 170 / 416
Sampling 180 / 416
Sampling 190 / 416
Sampling 200 / 416
Sampling 210 / 416
Sampling 220 / 416
Sampling 230 / 416
Sampling 240 / 416
Sampling 250 / 416
Sampling 260 / 416
Sampling 270 / 416
Sampling 280 / 416
Sampling 290 / 416
Sampling 300 / 416
Sampling 310 / 416
Sampling 320 / 416
Sampling 330 / 416
Sampling 340 / 416
Sampling 350 / 416
Sampling 360 / 416
Sampling 370 / 416
Sampling 380 / 416
Sampling 390 / 416
Sampling 400 / 416
Sampling 410 / 416
  -> temp/E1_v5b/P-mc/3_y_conditional/456__s2/mel2chord
=== [151/285] 466__s0
  [tempo] output_bpm=120.00
torch.Size([1, 416, 32]) torch.Size([1, 416, 32])
Yinyang Sampling
Sampling 80 / 416
Sampling 90 / 416
Sampling 100 / 416
Sampling 110 / 416
Sampling 120 / 416
Sampling 130 / 416
Sampling 140 / 416
Sampling 150 / 416
Sampling 160 / 416
Sampling 170 / 416
Sampling 180 / 416
Sampling 190 / 416
Sampling 200 / 416
Sampling 210 / 416
Sampling 220 / 416
Sampling 230 / 416
Sampling 240 / 416
Sampling 250 / 416
Sampling 260 / 416
Sampling 270 / 416
Sampling 280 / 416
Sampling 290 / 416
Sampling 300 / 416
Sampling 310 / 416
Sampling 320 / 416
Sampling 330 / 416
Sampling 340 / 416
Sampling 350 / 416
Sampling 360 / 416
Sampling 370 / 416
Sampling 380 / 416
Sampling 390 / 416
Sampling 400 / 416
Sampling 410 / 416
  -> temp/E1_v5b/P-mc/3_y_conditional/466__s0/mel2chord
=== [152/285] 466__s1
  [tempo] output_bpm=120.00
torch.Size([1, 416, 32]) torch.Size([1, 416, 32])
Yinyang Sampling
Sampling 80 / 416
Sampling 90 / 416
Sampling 100 / 416
Sampling 110 / 416
Sampling 120 / 416
Sampling 130 / 416
Sampling 140 / 416
Sampling 150 / 416
Sampling 160 / 416
Sampling 170 / 416
Sampling 180 / 416
Sampling 190 / 416
Sampling 200 / 416
Sampling 210 / 416
Sampling 220 / 416
Sampling 230 / 416
Sampling 240 / 416
Sampling 250 / 416
Sampling 260 / 416
Sampling 270 / 416
Sampling 280 / 416
Sampling 290 / 416
Sampling 300 / 416
Sampling 310 / 416
Sampling 320 / 416
Sampling 330 / 416
Sampling 340 / 416
Sampling 350 / 416
Sampling 360 / 416
Sampling 370 / 416
Sampling 380 / 416
Sampling 390 / 416
Sampling 400 / 416
Sampling 410 / 416
  -> temp/E1_v5b/P-mc/3_y_conditional/466__s1/mel2chord
=== [153/285] 466__s2
  [tempo] output_bpm=120.00
torch.Size([1, 416, 32]) torch.Size([1, 416, 32])
Yinyang Sampling
Sampling 80 / 416
Sampling 90 / 416
Sampling 100 / 416
Sampling 110 / 416
Sampling 120 / 416
Sampling 130 / 416
Sampling 140 / 416
Sampling 150 / 416
Sampling 160 / 416
Sampling 170 / 416
Sampling 180 / 416
Sampling 190 / 416
Sampling 200 / 416
Sampling 210 / 416
Sampling 220 / 416
Sampling 230 / 416
Sampling 240 / 416
Sampling 250 / 416
Sampling 260 / 416
Sampling 270 / 416
Sampling 280 / 416
Sampling 290 / 416
Sampling 300 / 416
Sampling 310 / 416
Sampling 320 / 416
Sampling 330 / 416
Sampling 340 / 416
Sampling 350 / 416
Sampling 360 / 416
Sampling 370 / 416
Sampling 380 / 416
Sampling 390 / 416
Sampling 400 / 416
Sampling 410 / 416
  -> temp/E1_v5b/P-mc/3_y_conditional/466__s2/mel2chord
=== [154/285] 476__s0
  [tempo] output_bpm=120.00
torch.Size([1, 416, 32]) torch.Size([1, 416, 32])
Yinyang Sampling
Sampling 80 / 416
Sampling 90 / 416
Sampling 100 / 416
Sampling 110 / 416
Sampling 120 / 416
Sampling 130 / 416
Sampling 140 / 416
Sampling 150 / 416
Sampling 160 / 416
Sampling 170 / 416
Sampling 180 / 416
Sampling 190 / 416
Sampling 200 / 416
Sampling 210 / 416
Sampling 220 / 416
Sampling 230 / 416
Sampling 240 / 416
Sampling 250 / 416
Sampling 260 / 416
Sampling 270 / 416
Sampling 280 / 416
Sampling 290 / 416
Sampling 300 / 416
Sampling 310 / 416
Sampling 320 / 416
Sampling 330 / 416
Sampling 340 / 416
Sampling 350 / 416
Sampling 360 / 416
Sampling 370 / 416
Sampling 380 / 416
Sampling 390 / 416
Sampling 400 / 416
Sampling 410 / 416
  -> temp/E1_v5b/P-mc/3_y_conditional/476__s0/mel2chord
=== [155/285] 476__s1
  [tempo] output_bpm=120.00
torch.Size([1, 416, 32]) torch.Size([1, 416, 32])
Yinyang Sampling
Sampling 80 / 416
Sampling 90 / 416
Sampling 100 / 416
Sampling 110 / 416
Sampling 120 / 416
Sampling 130 / 416
Sampling 140 / 416
Sampling 150 / 416
Sampling 160 / 416
Sampling 170 / 416
Sampling 180 / 416
Sampling 190 / 416
Sampling 200 / 416
Sampling 210 / 416
Sampling 220 / 416
Sampling 230 / 416
Sampling 240 / 416
Sampling 250 / 416
Sampling 260 / 416
Sampling 270 / 416
Sampling 280 / 416
Sampling 290 / 416
Sampling 300 / 416
Sampling 310 / 416
Sampling 320 / 416
Sampling 330 / 416
Sampling 340 / 416
Sampling 350 / 416
Sampling 360 / 416
Sampling 370 / 416
Sampling 380 / 416
Sampling 390 / 416
Sampling 400 / 416
Sampling 410 / 416
  -> temp/E1_v5b/P-mc/3_y_conditional/476__s1/mel2chord
=== [156/285] 476__s2
  [tempo] output_bpm=120.00
torch.Size([1, 416, 32]) torch.Size([1, 416, 32])
Yinyang Sampling
Sampling 80 / 416
Sampling 90 / 416
Sampling 100 / 416
Sampling 110 / 416
Sampling 120 / 416
Sampling 130 / 416
Sampling 140 / 416
Sampling 150 / 416
Sampling 160 / 416
Sampling 170 / 416
Sampling 180 / 416
Sampling 190 / 416
Sampling 200 / 416
Sampling 210 / 416
Sampling 220 / 416
Sampling 230 / 416
Sampling 240 / 416
Sampling 250 / 416
Sampling 260 / 416
Sampling 270 / 416
Sampling 280 / 416
Sampling 290 / 416
Sampling 300 / 416
Sampling 310 / 416
Sampling 320 / 416
Sampling 330 / 416
Sampling 340 / 416
Sampling 350 / 416
Sampling 360 / 416
Sampling 370 / 416
Sampling 380 / 416
Sampling 390 / 416
Sampling 400 / 416
Sampling 410 / 416
  -> temp/E1_v5b/P-mc/3_y_conditional/476__s2/mel2chord
=== [157/285] 486__s0
  [tempo] output_bpm=120.00
torch.Size([1, 416, 32]) torch.Size([1, 416, 32])
Yinyang Sampling
Sampling 80 / 416
Sampling 90 / 416
Sampling 100 / 416
Sampling 110 / 416
Sampling 120 / 416
Sampling 130 / 416
Sampling 140 / 416
Sampling 150 / 416
Sampling 160 / 416
Sampling 170 / 416
Sampling 180 / 416
Sampling 190 / 416
Sampling 200 / 416
Sampling 210 / 416
Sampling 220 / 416
Sampling 230 / 416
Sampling 240 / 416
Sampling 250 / 416
Sampling 260 / 416
Sampling 270 / 416
Sampling 280 / 416
Sampling 290 / 416
Sampling 300 / 416
Sampling 310 / 416
Sampling 320 / 416
Sampling 330 / 416
Sampling 340 / 416
Sampling 350 / 416
Sampling 360 / 416
Sampling 370 / 416
Sampling 380 / 416
Sampling 390 / 416
Sampling 400 / 416
Sampling 410 / 416
  -> temp/E1_v5b/P-mc/3_y_conditional/486__s0/mel2chord
=== [158/285] 486__s1
  [tempo] output_bpm=120.00
torch.Size([1, 416, 32]) torch.Size([1, 416, 32])
Yinyang Sampling
Sampling 80 / 416
Sampling 90 / 416
Sampling 100 / 416
Sampling 110 / 416
Sampling 120 / 416
Sampling 130 / 416
Sampling 140 / 416
Sampling 150 / 416
Sampling 160 / 416
Sampling 170 / 416
Sampling 180 / 416
Sampling 190 / 416
Sampling 200 / 416
Sampling 210 / 416
Sampling 220 / 416
Sampling 230 / 416
Sampling 240 / 416
Sampling 250 / 416
Sampling 260 / 416
Sampling 270 / 416
Sampling 280 / 416
Sampling 290 / 416
Sampling 300 / 416
Sampling 310 / 416
Sampling 320 / 416
Sampling 330 / 416
Sampling 340 / 416
Sampling 350 / 416
Sampling 360 / 416
Sampling 370 / 416
Sampling 380 / 416
Sampling 390 / 416
Sampling 400 / 416
Sampling 410 / 416
  -> temp/E1_v5b/P-mc/3_y_conditional/486__s1/mel2chord
=== [159/285] 486__s2
  [tempo] output_bpm=120.00
torch.Size([1, 416, 32]) torch.Size([1, 416, 32])
Yinyang Sampling
Sampling 80 / 416
Sampling 90 / 416
Sampling 100 / 416
Sampling 110 / 416
Sampling 120 / 416
Sampling 130 / 416
Sampling 140 / 416
Sampling 150 / 416
Sampling 160 / 416
Sampling 170 / 416
Sampling 180 / 416
Sampling 190 / 416
Sampling 200 / 416
Sampling 210 / 416
Sampling 220 / 416
Sampling 230 / 416
Sampling 240 / 416
Sampling 250 / 416
Sampling 260 / 416
Sampling 270 / 416
Sampling 280 / 416
Sampling 290 / 416
Sampling 300 / 416
Sampling 310 / 416
Sampling 320 / 416
Sampling 330 / 416
Sampling 340 / 416
Sampling 350 / 416
Sampling 360 / 416
Sampling 370 / 416
Sampling 380 / 416
Sampling 390 / 416
Sampling 400 / 416
Sampling 410 / 416
  -> temp/E1_v5b/P-mc/3_y_conditional/486__s2/mel2chord
=== [160/285] 496__s0
  [tempo] output_bpm=120.00
torch.Size([1, 416, 32]) torch.Size([1, 416, 32])
Yinyang Sampling
Sampling 80 / 416
Sampling 90 / 416
Sampling 100 / 416
Sampling 110 / 416
Sampling 120 / 416
Sampling 130 / 416
Sampling 140 / 416
Sampling 150 / 416
Sampling 160 / 416
Sampling 170 / 416
Sampling 180 / 416
Sampling 190 / 416
Sampling 200 / 416
Sampling 210 / 416
Sampling 220 / 416
Sampling 230 / 416
Sampling 240 / 416
Sampling 250 / 416
Sampling 260 / 416
Sampling 270 / 416
Sampling 280 / 416
Sampling 290 / 416
Sampling 300 / 416
Sampling 310 / 416
Sampling 320 / 416
Sampling 330 / 416
Sampling 340 / 416
Sampling 350 / 416
Sampling 360 / 416
Sampling 370 / 416
Sampling 380 / 416
Sampling 390 / 416
Sampling 400 / 416
Sampling 410 / 416
  -> temp/E1_v5b/P-mc/3_y_conditional/496__s0/mel2chord
=== [161/285] 496__s1
  [tempo] output_bpm=120.00
torch.Size([1, 416, 32]) torch.Size([1, 416, 32])
Yinyang Sampling
Sampling 80 / 416
Sampling 90 / 416
Sampling 100 / 416
Sampling 110 / 416
Sampling 120 / 416
Sampling 130 / 416
Sampling 140 / 416
Sampling 150 / 416
Sampling 160 / 416
Sampling 170 / 416
Sampling 180 / 416
Sampling 190 / 416
Sampling 200 / 416
Sampling 210 / 416
Sampling 220 / 416
Sampling 230 / 416
Sampling 240 / 416
Sampling 250 / 416
Sampling 260 / 416
Sampling 270 / 416
Sampling 280 / 416
Sampling 290 / 416
Sampling 300 / 416
Sampling 310 / 416
Sampling 320 / 416
Sampling 330 / 416
Sampling 340 / 416
Sampling 350 / 416
Sampling 360 / 416
Sampling 370 / 416
Sampling 380 / 416
Sampling 390 / 416
Sampling 400 / 416
Sampling 410 / 416
  -> temp/E1_v5b/P-mc/3_y_conditional/496__s1/mel2chord
=== [162/285] 496__s2
  [tempo] output_bpm=120.00
torch.Size([1, 416, 32]) torch.Size([1, 416, 32])
Yinyang Sampling
Sampling 80 / 416
Sampling 90 / 416
Sampling 100 / 416
Sampling 110 / 416
Sampling 120 / 416
Sampling 130 / 416
Sampling 140 / 416
Sampling 150 / 416
Sampling 160 / 416
Sampling 170 / 416
Sampling 180 / 416
Sampling 190 / 416
Sampling 200 / 416
Sampling 210 / 416
Sampling 220 / 416
Sampling 230 / 416
Sampling 240 / 416
Sampling 250 / 416
Sampling 260 / 416
Sampling 270 / 416
Sampling 280 / 416
Sampling 290 / 416
Sampling 300 / 416
Sampling 310 / 416
Sampling 320 / 416
Sampling 330 / 416
Sampling 340 / 416
Sampling 350 / 416
Sampling 360 / 416
Sampling 370 / 416
Sampling 380 / 416
Sampling 390 / 416
Sampling 400 / 416
Sampling 410 / 416
  -> temp/E1_v5b/P-mc/3_y_conditional/496__s2/mel2chord
=== [163/285] 506__s0
  [tempo] output_bpm=120.00
  failed: TypeError("'NoneType' object is not subscriptable")
  [diag] tempi=[120.0]  end=51.5s  instruments=1
  [diag]   track-0 name='MELODY' program=0 drum=False notes=79 span=3.2-51.5s
  [diag] XFMidi ok: end_time=1648.0 grid units, 1 instruments
  [diag] preprocess_midi(ins_ids=['track-0']) -> ok torch.Size([416, 64])
  [diag] preprocess_midi(ins_ids=['track-1']) -> None
  [diag] preprocess_midi(ins_ids=['track-0', 'track-1']) -> None
=== [164/285] 506__s1
  [tempo] output_bpm=120.00
  failed: TypeError("'NoneType' object is not subscriptable")
  [diag] tempi=[120.0]  end=52.1s  instruments=1
  [diag]   track-0 name='MELODY' program=0 drum=False notes=93 span=3.2-52.1s
  [diag] XFMidi ok: end_time=1668.0 grid units, 1 instruments
  [diag] preprocess_midi(ins_ids=['track-0']) -> ok torch.Size([416, 64])
  [diag] preprocess_midi(ins_ids=['track-1']) -> None
  [diag] preprocess_midi(ins_ids=['track-0', 'track-1']) -> None
=== [165/285] 506__s2
  [tempo] output_bpm=120.00
  failed: TypeError("'NoneType' object is not subscriptable")
  [diag] tempi=[120.0]  end=51.9s  instruments=1
  [diag]   track-0 name='MELODY' program=0 drum=False notes=55 span=3.2-51.9s
  [diag] XFMidi ok: end_time=1660.0 grid units, 1 instruments
  [diag] preprocess_midi(ins_ids=['track-0']) -> ok torch.Size([416, 64])
  [diag] preprocess_midi(ins_ids=['track-1']) -> None
  [diag] preprocess_midi(ins_ids=['track-0', 'track-1']) -> None
=== [166/285] 516__s0
  [tempo] output_bpm=120.00
torch.Size([1, 416, 32]) torch.Size([1, 416, 32])
Yinyang Sampling
Sampling 80 / 416
Sampling 90 / 416
Sampling 100 / 416
Sampling 110 / 416
Sampling 120 / 416
Sampling 130 / 416
Sampling 140 / 416
Sampling 150 / 416
Sampling 160 / 416
Sampling 170 / 416
Sampling 180 / 416
Sampling 190 / 416
Sampling 200 / 416
Sampling 210 / 416
Sampling 220 / 416
Sampling 230 / 416
Sampling 240 / 416
Sampling 250 / 416
Sampling 260 / 416
Sampling 270 / 416
Sampling 280 / 416
Sampling 290 / 416
Sampling 300 / 416
Sampling 310 / 416
Sampling 320 / 416
Sampling 330 / 416
Sampling 340 / 416
Sampling 350 / 416
Sampling 360 / 416
Sampling 370 / 416
Sampling 380 / 416
Sampling 390 / 416
Sampling 400 / 416
Sampling 410 / 416
  -> temp/E1_v5b/P-mc/3_y_conditional/516__s0/mel2chord
=== [167/285] 516__s1
  [tempo] output_bpm=120.00
torch.Size([1, 416, 32]) torch.Size([1, 416, 32])
Yinyang Sampling
Sampling 80 / 416
Sampling 90 / 416
Sampling 100 / 416
Sampling 110 / 416
Sampling 120 / 416
Sampling 130 / 416
Sampling 140 / 416
Sampling 150 / 416
Sampling 160 / 416
Sampling 170 / 416
Sampling 180 / 416
Sampling 190 / 416
Sampling 200 / 416
Sampling 210 / 416
Sampling 220 / 416
Sampling 230 / 416
Sampling 240 / 416
Sampling 250 / 416
Sampling 260 / 416
Sampling 270 / 416
Sampling 280 / 416
Sampling 290 / 416
Sampling 300 / 416
Sampling 310 / 416
Sampling 320 / 416
Sampling 330 / 416
Sampling 340 / 416
Sampling 350 / 416
Sampling 360 / 416
Sampling 370 / 416
Sampling 380 / 416
Sampling 390 / 416
Sampling 400 / 416
Sampling 410 / 416
  -> temp/E1_v5b/P-mc/3_y_conditional/516__s1/mel2chord
=== [168/285] 516__s2
  [tempo] output_bpm=120.00
torch.Size([1, 416, 32]) torch.Size([1, 416, 32])
Yinyang Sampling
Sampling 80 / 416
Sampling 90 / 416
Sampling 100 / 416
Sampling 110 / 416
Sampling 120 / 416
Sampling 130 / 416
Sampling 140 / 416
Sampling 150 / 416
Sampling 160 / 416
Sampling 170 / 416
Sampling 180 / 416
Sampling 190 / 416
Sampling 200 / 416
Sampling 210 / 416
Sampling 220 / 416
Sampling 230 / 416
Sampling 240 / 416
Sampling 250 / 416
Sampling 260 / 416
Sampling 270 / 416
Sampling 280 / 416
Sampling 290 / 416
Sampling 300 / 416
Sampling 310 / 416
Sampling 320 / 416
Sampling 330 / 416
Sampling 340 / 416
Sampling 350 / 416
Sampling 360 / 416
Sampling 370 / 416
Sampling 380 / 416
Sampling 390 / 416
Sampling 400 / 416
Sampling 410 / 416
  -> temp/E1_v5b/P-mc/3_y_conditional/516__s2/mel2chord
=== [169/285] 526__s0
  [tempo] output_bpm=120.00
torch.Size([1, 416, 32]) torch.Size([1, 416, 32])
Yinyang Sampling
Sampling 80 / 416
Sampling 90 / 416
Sampling 100 / 416
Sampling 110 / 416
Sampling 120 / 416
Sampling 130 / 416
Sampling 140 / 416
Sampling 150 / 416
Sampling 160 / 416
Sampling 170 / 416
Sampling 180 / 416
Sampling 190 / 416
Sampling 200 / 416
Sampling 210 / 416
Sampling 220 / 416
Sampling 230 / 416
Sampling 240 / 416
Sampling 250 / 416
Sampling 260 / 416
Sampling 270 / 416
Sampling 280 / 416
Sampling 290 / 416
Sampling 300 / 416
Sampling 310 / 416
Sampling 320 / 416
Sampling 330 / 416
Sampling 340 / 416
Sampling 350 / 416
Sampling 360 / 416
Sampling 370 / 416
Sampling 380 / 416
Sampling 390 / 416
Sampling 400 / 416
Sampling 410 / 416
  -> temp/E1_v5b/P-mc/3_y_conditional/526__s0/mel2chord
=== [170/285] 526__s1
  [tempo] output_bpm=120.00
torch.Size([1, 416, 32]) torch.Size([1, 416, 32])
Yinyang Sampling
Sampling 80 / 416
Sampling 90 / 416
Sampling 100 / 416
Sampling 110 / 416
Sampling 120 / 416
Sampling 130 / 416
Sampling 140 / 416
Sampling 150 / 416
Sampling 160 / 416
Sampling 170 / 416
Sampling 180 / 416
Sampling 190 / 416
Sampling 200 / 416
Sampling 210 / 416
Sampling 220 / 416
Sampling 230 / 416
Sampling 240 / 416
Sampling 250 / 416
Sampling 260 / 416
Sampling 270 / 416
Sampling 280 / 416
Sampling 290 / 416
Sampling 300 / 416
Sampling 310 / 416
Sampling 320 / 416
Sampling 330 / 416
Sampling 340 / 416
Sampling 350 / 416
Sampling 360 / 416
Sampling 370 / 416
Sampling 380 / 416
Sampling 390 / 416
Sampling 400 / 416
Sampling 410 / 416
  -> temp/E1_v5b/P-mc/3_y_conditional/526__s1/mel2chord
=== [171/285] 526__s2
  [tempo] output_bpm=120.00
torch.Size([1, 416, 32]) torch.Size([1, 416, 32])
Yinyang Sampling
Sampling 80 / 416
Sampling 90 / 416
Sampling 100 / 416
Sampling 110 / 416
Sampling 120 / 416
Sampling 130 / 416
Sampling 140 / 416
Sampling 150 / 416
Sampling 160 / 416
Sampling 170 / 416
Sampling 180 / 416
Sampling 190 / 416
Sampling 200 / 416
Sampling 210 / 416
Sampling 220 / 416
Sampling 230 / 416
Sampling 240 / 416
Sampling 250 / 416
Sampling 260 / 416
Sampling 270 / 416
Sampling 280 / 416
Sampling 290 / 416
Sampling 300 / 416
Sampling 310 / 416
Sampling 320 / 416
Sampling 330 / 416
Sampling 340 / 416
Sampling 350 / 416
Sampling 360 / 416
Sampling 370 / 416
Sampling 380 / 416
Sampling 390 / 416
Sampling 400 / 416
Sampling 410 / 416
  -> temp/E1_v5b/P-mc/3_y_conditional/526__s2/mel2chord
=== [172/285] 536__s0
  [tempo] output_bpm=120.00
torch.Size([1, 416, 32]) torch.Size([1, 416, 32])
Yinyang Sampling
Sampling 80 / 416
Sampling 90 / 416
Sampling 100 / 416
Sampling 110 / 416
Sampling 120 / 416
Sampling 130 / 416
Sampling 140 / 416
Sampling 150 / 416
Sampling 160 / 416
Sampling 170 / 416
Sampling 180 / 416
Sampling 190 / 416
Sampling 200 / 416
Sampling 210 / 416
Sampling 220 / 416
Sampling 230 / 416
Sampling 240 / 416
Sampling 250 / 416
Sampling 260 / 416
Sampling 270 / 416
Sampling 280 / 416
Sampling 290 / 416
Sampling 300 / 416
Sampling 310 / 416
Sampling 320 / 416
Sampling 330 / 416
Sampling 340 / 416
Sampling 350 / 416
Sampling 360 / 416
Sampling 370 / 416
Sampling 380 / 416
Sampling 390 / 416
Sampling 400 / 416
Sampling 410 / 416
  -> temp/E1_v5b/P-mc/3_y_conditional/536__s0/mel2chord
=== [173/285] 536__s1
  [tempo] output_bpm=120.00
torch.Size([1, 416, 32]) torch.Size([1, 416, 32])
Yinyang Sampling
Sampling 80 / 416
Sampling 90 / 416
Sampling 100 / 416
Sampling 110 / 416
Sampling 120 / 416
Sampling 130 / 416
Sampling 140 / 416
Sampling 150 / 416
Sampling 160 / 416
Sampling 170 / 416
Sampling 180 / 416
Sampling 190 / 416
Sampling 200 / 416
Sampling 210 / 416
Sampling 220 / 416
Sampling 230 / 416
Sampling 240 / 416
Sampling 250 / 416
Sampling 260 / 416
Sampling 270 / 416
Sampling 280 / 416
Sampling 290 / 416
Sampling 300 / 416
Sampling 310 / 416
Sampling 320 / 416
Sampling 330 / 416
Sampling 340 / 416
Sampling 350 / 416
Sampling 360 / 416
Sampling 370 / 416
Sampling 380 / 416
Sampling 390 / 416
Sampling 400 / 416
Sampling 410 / 416
  -> temp/E1_v5b/P-mc/3_y_conditional/536__s1/mel2chord
=== [174/285] 536__s2
  [tempo] output_bpm=120.00
torch.Size([1, 416, 32]) torch.Size([1, 416, 32])
Yinyang Sampling
Sampling 80 / 416
Sampling 90 / 416
Sampling 100 / 416
Sampling 110 / 416
Sampling 120 / 416
Sampling 130 / 416
Sampling 140 / 416
Sampling 150 / 416
Sampling 160 / 416
Sampling 170 / 416
Sampling 180 / 416
Sampling 190 / 416
Sampling 200 / 416
Sampling 210 / 416
Sampling 220 / 416
Sampling 230 / 416
Sampling 240 / 416
Sampling 250 / 416
Sampling 260 / 416
Sampling 270 / 416
Sampling 280 / 416
Sampling 290 / 416
Sampling 300 / 416
Sampling 310 / 416
Sampling 320 / 416
Sampling 330 / 416
Sampling 340 / 416
Sampling 350 / 416
Sampling 360 / 416
Sampling 370 / 416
Sampling 380 / 416
Sampling 390 / 416
Sampling 400 / 416
Sampling 410 / 416
  -> temp/E1_v5b/P-mc/3_y_conditional/536__s2/mel2chord
=== [175/285] 546__s0
  [tempo] output_bpm=120.00
torch.Size([1, 416, 32]) torch.Size([1, 416, 32])
Yinyang Sampling
Sampling 80 / 416
Sampling 90 / 416
Sampling 100 / 416
Sampling 110 / 416
Sampling 120 / 416
Sampling 130 / 416
Sampling 140 / 416
Sampling 150 / 416
Sampling 160 / 416
Sampling 170 / 416
Sampling 180 / 416
Sampling 190 / 416
Sampling 200 / 416
Sampling 210 / 416
Sampling 220 / 416
Sampling 230 / 416
Sampling 240 / 416
Sampling 250 / 416
Sampling 260 / 416
Sampling 270 / 416
Sampling 280 / 416
Sampling 290 / 416
Sampling 300 / 416
Sampling 310 / 416
Sampling 320 / 416
Sampling 330 / 416
Sampling 340 / 416
Sampling 350 / 416
Sampling 360 / 416
Sampling 370 / 416
Sampling 380 / 416
Sampling 390 / 416
Sampling 400 / 416
Sampling 410 / 416
  -> temp/E1_v5b/P-mc/3_y_conditional/546__s0/mel2chord
=== [176/285] 546__s1
  [tempo] output_bpm=120.00
torch.Size([1, 416, 32]) torch.Size([1, 416, 32])
Yinyang Sampling
Sampling 80 / 416
Sampling 90 / 416
Sampling 100 / 416
Sampling 110 / 416
Sampling 120 / 416
Sampling 130 / 416
Sampling 140 / 416
Sampling 150 / 416
Sampling 160 / 416
Sampling 170 / 416
Sampling 180 / 416
Sampling 190 / 416
Sampling 200 / 416
Sampling 210 / 416
Sampling 220 / 416
Sampling 230 / 416
Sampling 240 / 416
Sampling 250 / 416
Sampling 260 / 416
Sampling 270 / 416
Sampling 280 / 416
Sampling 290 / 416
Sampling 300 / 416
Sampling 310 / 416
Sampling 320 / 416
Sampling 330 / 416
Sampling 340 / 416
Sampling 350 / 416
Sampling 360 / 416
Sampling 370 / 416
Sampling 380 / 416
Sampling 390 / 416
Sampling 400 / 416
Sampling 410 / 416
  -> temp/E1_v5b/P-mc/3_y_conditional/546__s1/mel2chord
=== [177/285] 546__s2
  [tempo] output_bpm=120.00
torch.Size([1, 416, 32]) torch.Size([1, 416, 32])
Yinyang Sampling
Sampling 80 / 416
Sampling 90 / 416
Sampling 100 / 416
Sampling 110 / 416
Sampling 120 / 416
Sampling 130 / 416
Sampling 140 / 416
Sampling 150 / 416
Sampling 160 / 416
Sampling 170 / 416
Sampling 180 / 416
Sampling 190 / 416
Sampling 200 / 416
Sampling 210 / 416
Sampling 220 / 416
Sampling 230 / 416
Sampling 240 / 416
Sampling 250 / 416
Sampling 260 / 416
Sampling 270 / 416
Sampling 280 / 416
Sampling 290 / 416
Sampling 300 / 416
Sampling 310 / 416
Sampling 320 / 416
Sampling 330 / 416
Sampling 340 / 416
Sampling 350 / 416
Sampling 360 / 416
Sampling 370 / 416
Sampling 380 / 416
Sampling 390 / 416
Sampling 400 / 416
Sampling 410 / 416
  -> temp/E1_v5b/P-mc/3_y_conditional/546__s2/mel2chord
=== [178/285] 556__s0
  [tempo] output_bpm=120.00
torch.Size([1, 416, 32]) torch.Size([1, 416, 32])
Yinyang Sampling
Sampling 80 / 416
Sampling 90 / 416
Sampling 100 / 416
Sampling 110 / 416
Sampling 120 / 416
Sampling 130 / 416
Sampling 140 / 416
Sampling 150 / 416
Sampling 160 / 416
Sampling 170 / 416
Sampling 180 / 416
Sampling 190 / 416
Sampling 200 / 416
Sampling 210 / 416
Sampling 220 / 416
Sampling 230 / 416
Sampling 240 / 416
Sampling 250 / 416
Sampling 260 / 416
Sampling 270 / 416
Sampling 280 / 416
Sampling 290 / 416
Sampling 300 / 416
Sampling 310 / 416
Sampling 320 / 416
Sampling 330 / 416
Sampling 340 / 416
Sampling 350 / 416
Sampling 360 / 416
Sampling 370 / 416
Sampling 380 / 416
Sampling 390 / 416
Sampling 400 / 416
Sampling 410 / 416
  -> temp/E1_v5b/P-mc/3_y_conditional/556__s0/mel2chord
=== [179/285] 556__s1
  [tempo] output_bpm=120.00
torch.Size([1, 416, 32]) torch.Size([1, 416, 32])
Yinyang Sampling
Sampling 80 / 416
Sampling 90 / 416
Sampling 100 / 416
Sampling 110 / 416
Sampling 120 / 416
Sampling 130 / 416
Sampling 140 / 416
Sampling 150 / 416
Sampling 160 / 416
Sampling 170 / 416
Sampling 180 / 416
Sampling 190 / 416
Sampling 200 / 416
Sampling 210 / 416
Sampling 220 / 416
Sampling 230 / 416
Sampling 240 / 416
Sampling 250 / 416
Sampling 260 / 416
Sampling 270 / 416
Sampling 280 / 416
Sampling 290 / 416
Sampling 300 / 416
Sampling 310 / 416
Sampling 320 / 416
Sampling 330 / 416
Sampling 340 / 416
Sampling 350 / 416
Sampling 360 / 416
Sampling 370 / 416
Sampling 380 / 416
Sampling 390 / 416
Sampling 400 / 416
Sampling 410 / 416
  -> temp/E1_v5b/P-mc/3_y_conditional/556__s1/mel2chord
=== [180/285] 556__s2
  [tempo] output_bpm=120.00
torch.Size([1, 416, 32]) torch.Size([1, 416, 32])
Yinyang Sampling
Sampling 80 / 416
Sampling 90 / 416
Sampling 100 / 416
Sampling 110 / 416
Sampling 120 / 416
Sampling 130 / 416
Sampling 140 / 416
Sampling 150 / 416
Sampling 160 / 416
Sampling 170 / 416
Sampling 180 / 416
Sampling 190 / 416
Sampling 200 / 416
Sampling 210 / 416
Sampling 220 / 416
Sampling 230 / 416
Sampling 240 / 416
Sampling 250 / 416
Sampling 260 / 416
Sampling 270 / 416
Sampling 280 / 416
Sampling 290 / 416
Sampling 300 / 416
Sampling 310 / 416
Sampling 320 / 416
Sampling 330 / 416
Sampling 340 / 416
Sampling 350 / 416
Sampling 360 / 416
Sampling 370 / 416
Sampling 380 / 416
Sampling 390 / 416
Sampling 400 / 416
Sampling 410 / 416
  -> temp/E1_v5b/P-mc/3_y_conditional/556__s2/mel2chord
=== [181/285] 566__s0
  [tempo] output_bpm=120.00
torch.Size([1, 416, 32]) torch.Size([1, 416, 32])
Yinyang Sampling
Sampling 80 / 416
Sampling 90 / 416
Sampling 100 / 416
Sampling 110 / 416
Sampling 120 / 416
Sampling 130 / 416
Sampling 140 / 416
Sampling 150 / 416
Sampling 160 / 416
Sampling 170 / 416
Sampling 180 / 416
Sampling 190 / 416
Sampling 200 / 416
Sampling 210 / 416
Sampling 220 / 416
Sampling 230 / 416
Sampling 240 / 416
Sampling 250 / 416
Sampling 260 / 416
Sampling 270 / 416
Sampling 280 / 416
Sampling 290 / 416
Sampling 300 / 416
Sampling 310 / 416
Sampling 320 / 416
Sampling 330 / 416
Sampling 340 / 416
Sampling 350 / 416
Sampling 360 / 416
Sampling 370 / 416
Sampling 380 / 416
Sampling 390 / 416
Sampling 400 / 416
Sampling 410 / 416
  -> temp/E1_v5b/P-mc/3_y_conditional/566__s0/mel2chord
=== [182/285] 566__s1
  [tempo] output_bpm=120.00
torch.Size([1, 416, 32]) torch.Size([1, 416, 32])
Yinyang Sampling
Sampling 80 / 416
Sampling 90 / 416
Sampling 100 / 416
Sampling 110 / 416
Sampling 120 / 416
Sampling 130 / 416
Sampling 140 / 416
Sampling 150 / 416
Sampling 160 / 416
Sampling 170 / 416
Sampling 180 / 416
Sampling 190 / 416
Sampling 200 / 416
Sampling 210 / 416
Sampling 220 / 416
Sampling 230 / 416
Sampling 240 / 416
Sampling 250 / 416
Sampling 260 / 416
Sampling 270 / 416
Sampling 280 / 416
Sampling 290 / 416
Sampling 300 / 416
Sampling 310 / 416
Sampling 320 / 416
Sampling 330 / 416
Sampling 340 / 416
Sampling 350 / 416
Sampling 360 / 416
Sampling 370 / 416
Sampling 380 / 416
Sampling 390 / 416
Sampling 400 / 416
Sampling 410 / 416
  -> temp/E1_v5b/P-mc/3_y_conditional/566__s1/mel2chord
=== [183/285] 566__s2
  [tempo] output_bpm=120.00
torch.Size([1, 416, 32]) torch.Size([1, 416, 32])
Yinyang Sampling
Sampling 80 / 416
Sampling 90 / 416
Sampling 100 / 416
Sampling 110 / 416
Sampling 120 / 416
Sampling 130 / 416
Sampling 140 / 416
Sampling 150 / 416
Sampling 160 / 416
Sampling 170 / 416
Sampling 180 / 416
Sampling 190 / 416
Sampling 200 / 416
Sampling 210 / 416
Sampling 220 / 416
Sampling 230 / 416
Sampling 240 / 416
Sampling 250 / 416
Sampling 260 / 416
Sampling 270 / 416
Sampling 280 / 416
Sampling 290 / 416
Sampling 300 / 416
Sampling 310 / 416
Sampling 320 / 416
Sampling 330 / 416
Sampling 340 / 416
Sampling 350 / 416
Sampling 360 / 416
Sampling 370 / 416
Sampling 380 / 416
Sampling 390 / 416
Sampling 400 / 416
Sampling 410 / 416
  -> temp/E1_v5b/P-mc/3_y_conditional/566__s2/mel2chord
=== [184/285] 576__s0
  [tempo] output_bpm=120.00
torch.Size([1, 416, 32]) torch.Size([1, 416, 32])
Yinyang Sampling
Sampling 80 / 416
Sampling 90 / 416
Sampling 100 / 416
Sampling 110 / 416
Sampling 120 / 416
Sampling 130 / 416
Sampling 140 / 416
Sampling 150 / 416
Sampling 160 / 416
Sampling 170 / 416
Sampling 180 / 416
Sampling 190 / 416
Sampling 200 / 416
Sampling 210 / 416
Sampling 220 / 416
Sampling 230 / 416
Sampling 240 / 416
Sampling 250 / 416
Sampling 260 / 416
Sampling 270 / 416
Sampling 280 / 416
Sampling 290 / 416
Sampling 300 / 416
Sampling 310 / 416
Sampling 320 / 416
Sampling 330 / 416
Sampling 340 / 416
Sampling 350 / 416
Sampling 360 / 416
Sampling 370 / 416
Sampling 380 / 416
Sampling 390 / 416
Sampling 400 / 416
Sampling 410 / 416
  -> temp/E1_v5b/P-mc/3_y_conditional/576__s0/mel2chord
=== [185/285] 576__s1
  [tempo] output_bpm=120.00
torch.Size([1, 416, 32]) torch.Size([1, 416, 32])
Yinyang Sampling
Sampling 80 / 416
Sampling 90 / 416
Sampling 100 / 416
Sampling 110 / 416
Sampling 120 / 416
Sampling 130 / 416
Sampling 140 / 416
Sampling 150 / 416
Sampling 160 / 416
Sampling 170 / 416
Sampling 180 / 416
Sampling 190 / 416
Sampling 200 / 416
Sampling 210 / 416
Sampling 220 / 416
Sampling 230 / 416
Sampling 240 / 416
Sampling 250 / 416
Sampling 260 / 416
Sampling 270 / 416
Sampling 280 / 416
Sampling 290 / 416
Sampling 300 / 416
Sampling 310 / 416
Sampling 320 / 416
Sampling 330 / 416
Sampling 340 / 416
Sampling 350 / 416
Sampling 360 / 416
Sampling 370 / 416
Sampling 380 / 416
Sampling 390 / 416
Sampling 400 / 416
Sampling 410 / 416
  -> temp/E1_v5b/P-mc/3_y_conditional/576__s1/mel2chord
=== [186/285] 576__s2
  [tempo] output_bpm=120.00
torch.Size([1, 416, 32]) torch.Size([1, 416, 32])
Yinyang Sampling
Sampling 80 / 416
Sampling 90 / 416
Sampling 100 / 416
Sampling 110 / 416
Sampling 120 / 416
Sampling 130 / 416
Sampling 140 / 416
Sampling 150 / 416
Sampling 160 / 416
Sampling 170 / 416
Sampling 180 / 416
Sampling 190 / 416
Sampling 200 / 416
Sampling 210 / 416
Sampling 220 / 416
Sampling 230 / 416
Sampling 240 / 416
Sampling 250 / 416
Sampling 260 / 416
Sampling 270 / 416
Sampling 280 / 416
Sampling 290 / 416
Sampling 300 / 416
Sampling 310 / 416
Sampling 320 / 416
Sampling 330 / 416
Sampling 340 / 416
Sampling 350 / 416
Sampling 360 / 416
Sampling 370 / 416
Sampling 380 / 416
Sampling 390 / 416
Sampling 400 / 416
Sampling 410 / 416
  -> temp/E1_v5b/P-mc/3_y_conditional/576__s2/mel2chord
=== [187/285] 586__s0
  [tempo] output_bpm=120.00
torch.Size([1, 416, 32]) torch.Size([1, 416, 32])
Yinyang Sampling
Sampling 80 / 416
Sampling 90 / 416
Sampling 100 / 416
Sampling 110 / 416
Sampling 120 / 416
Sampling 130 / 416
Sampling 140 / 416
Sampling 150 / 416
Sampling 160 / 416
Sampling 170 / 416
Sampling 180 / 416
Sampling 190 / 416
Sampling 200 / 416
Sampling 210 / 416
Sampling 220 / 416
Sampling 230 / 416
Sampling 240 / 416
Sampling 250 / 416
Sampling 260 / 416
Sampling 270 / 416
Sampling 280 / 416
Sampling 290 / 416
Sampling 300 / 416
Sampling 310 / 416
Sampling 320 / 416
Sampling 330 / 416
Sampling 340 / 416
Sampling 350 / 416
Sampling 360 / 416
Sampling 370 / 416
Sampling 380 / 416
Sampling 390 / 416
Sampling 400 / 416
Sampling 410 / 416
  -> temp/E1_v5b/P-mc/3_y_conditional/586__s0/mel2chord
=== [188/285] 586__s1
  [tempo] output_bpm=120.00
torch.Size([1, 416, 32]) torch.Size([1, 416, 32])
Yinyang Sampling
Sampling 80 / 416
Sampling 90 / 416
Sampling 100 / 416
Sampling 110 / 416
Sampling 120 / 416
Sampling 130 / 416
Sampling 140 / 416
Sampling 150 / 416
Sampling 160 / 416
Sampling 170 / 416
Sampling 180 / 416
Sampling 190 / 416
Sampling 200 / 416
Sampling 210 / 416
Sampling 220 / 416
Sampling 230 / 416
Sampling 240 / 416
Sampling 250 / 416
Sampling 260 / 416
Sampling 270 / 416
Sampling 280 / 416
Sampling 290 / 416
Sampling 300 / 416
Sampling 310 / 416
Sampling 320 / 416
Sampling 330 / 416
Sampling 340 / 416
Sampling 350 / 416
Sampling 360 / 416
Sampling 370 / 416
Sampling 380 / 416
Sampling 390 / 416
Sampling 400 / 416
Sampling 410 / 416
  -> temp/E1_v5b/P-mc/3_y_conditional/586__s1/mel2chord
=== [189/285] 586__s2
  [tempo] output_bpm=120.00
torch.Size([1, 416, 32]) torch.Size([1, 416, 32])
Yinyang Sampling
Sampling 80 / 416
Sampling 90 / 416
Sampling 100 / 416
Sampling 110 / 416
Sampling 120 / 416
Sampling 130 / 416
Sampling 140 / 416
Sampling 150 / 416
Sampling 160 / 416
Sampling 170 / 416
Sampling 180 / 416
Sampling 190 / 416
Sampling 200 / 416
Sampling 210 / 416
Sampling 220 / 416
Sampling 230 / 416
Sampling 240 / 416
Sampling 250 / 416
Sampling 260 / 416
Sampling 270 / 416
Sampling 280 / 416
Sampling 290 / 416
Sampling 300 / 416
Sampling 310 / 416
Sampling 320 / 416
Sampling 330 / 416
Sampling 340 / 416
Sampling 350 / 416
Sampling 360 / 416
Sampling 370 / 416
Sampling 380 / 416
Sampling 390 / 416
Sampling 400 / 416
Sampling 410 / 416
  -> temp/E1_v5b/P-mc/3_y_conditional/586__s2/mel2chord
=== [190/285] 596__s0
  [tempo] output_bpm=120.00
torch.Size([1, 416, 32]) torch.Size([1, 416, 32])
Yinyang Sampling
Sampling 80 / 416
Sampling 90 / 416
Sampling 100 / 416
Sampling 110 / 416
Sampling 120 / 416
Sampling 130 / 416
Sampling 140 / 416
Sampling 150 / 416
Sampling 160 / 416
Sampling 170 / 416
Sampling 180 / 416
Sampling 190 / 416
Sampling 200 / 416
Sampling 210 / 416
Sampling 220 / 416
Sampling 230 / 416
Sampling 240 / 416
Sampling 250 / 416
Sampling 260 / 416
Sampling 270 / 416
Sampling 280 / 416
Sampling 290 / 416
Sampling 300 / 416
Sampling 310 / 416
Sampling 320 / 416
Sampling 330 / 416
Sampling 340 / 416
Sampling 350 / 416
Sampling 360 / 416
Sampling 370 / 416
Sampling 380 / 416
Sampling 390 / 416
Sampling 400 / 416
Sampling 410 / 416
  -> temp/E1_v5b/P-mc/3_y_conditional/596__s0/mel2chord
=== [191/285] 596__s1
  [tempo] output_bpm=120.00
torch.Size([1, 416, 32]) torch.Size([1, 416, 32])
Yinyang Sampling
Sampling 80 / 416
Sampling 90 / 416
Sampling 100 / 416
Sampling 110 / 416
Sampling 120 / 416
Sampling 130 / 416
Sampling 140 / 416
Sampling 150 / 416
Sampling 160 / 416
Sampling 170 / 416
Sampling 180 / 416
Sampling 190 / 416
Sampling 200 / 416
Sampling 210 / 416
Sampling 220 / 416
Sampling 230 / 416
Sampling 240 / 416
Sampling 250 / 416
Sampling 260 / 416
Sampling 270 / 416
Sampling 280 / 416
Sampling 290 / 416
Sampling 300 / 416
Sampling 310 / 416
Sampling 320 / 416
Sampling 330 / 416
Sampling 340 / 416
Sampling 350 / 416
Sampling 360 / 416
Sampling 370 / 416
Sampling 380 / 416
Sampling 390 / 416
Sampling 400 / 416
Sampling 410 / 416
  -> temp/E1_v5b/P-mc/3_y_conditional/596__s1/mel2chord
=== [192/285] 596__s2
  [tempo] output_bpm=120.00
torch.Size([1, 416, 32]) torch.Size([1, 416, 32])
Yinyang Sampling
Sampling 80 / 416
Sampling 90 / 416
Sampling 100 / 416
Sampling 110 / 416
Sampling 120 / 416
Sampling 130 / 416
Sampling 140 / 416
Sampling 150 / 416
Sampling 160 / 416
Sampling 170 / 416
Sampling 180 / 416
Sampling 190 / 416
Sampling 200 / 416
Sampling 210 / 416
Sampling 220 / 416
Sampling 230 / 416
Sampling 240 / 416
Sampling 250 / 416
Sampling 260 / 416
Sampling 270 / 416
Sampling 280 / 416
Sampling 290 / 416
Sampling 300 / 416
Sampling 310 / 416
Sampling 320 / 416
Sampling 330 / 416
Sampling 340 / 416
Sampling 350 / 416
Sampling 360 / 416
Sampling 370 / 416
Sampling 380 / 416
Sampling 390 / 416
Sampling 400 / 416
Sampling 410 / 416
  -> temp/E1_v5b/P-mc/3_y_conditional/596__s2/mel2chord
=== [193/285] 606__s0
  [tempo] output_bpm=120.00
torch.Size([1, 416, 32]) torch.Size([1, 416, 32])
Yinyang Sampling
Sampling 80 / 416
Sampling 90 / 416
Sampling 100 / 416
Sampling 110 / 416
Sampling 120 / 416
Sampling 130 / 416
Sampling 140 / 416
Sampling 150 / 416
Sampling 160 / 416
Sampling 170 / 416
Sampling 180 / 416
Sampling 190 / 416
Sampling 200 / 416
Sampling 210 / 416
Sampling 220 / 416
Sampling 230 / 416
Sampling 240 / 416
Sampling 250 / 416
Sampling 260 / 416
Sampling 270 / 416
Sampling 280 / 416
Sampling 290 / 416
Sampling 300 / 416
Sampling 310 / 416
Sampling 320 / 416
Sampling 330 / 416
Sampling 340 / 416
Sampling 350 / 416
Sampling 360 / 416
Sampling 370 / 416
Sampling 380 / 416
Sampling 390 / 416
Sampling 400 / 416
Sampling 410 / 416
  -> temp/E1_v5b/P-mc/3_y_conditional/606__s0/mel2chord
=== [194/285] 606__s1
  [tempo] output_bpm=120.00
torch.Size([1, 416, 32]) torch.Size([1, 416, 32])
Yinyang Sampling
Sampling 80 / 416
Sampling 90 / 416
Sampling 100 / 416
Sampling 110 / 416
Sampling 120 / 416
Sampling 130 / 416
Sampling 140 / 416
Sampling 150 / 416
Sampling 160 / 416
Sampling 170 / 416
Sampling 180 / 416
Sampling 190 / 416
Sampling 200 / 416
Sampling 210 / 416
Sampling 220 / 416
Sampling 230 / 416
Sampling 240 / 416
Sampling 250 / 416
Sampling 260 / 416
Sampling 270 / 416
Sampling 280 / 416
Sampling 290 / 416
Sampling 300 / 416
Sampling 310 / 416
Sampling 320 / 416
Sampling 330 / 416
Sampling 340 / 416
Sampling 350 / 416
Sampling 360 / 416
Sampling 370 / 416
Sampling 380 / 416
Sampling 390 / 416
Sampling 400 / 416
Sampling 410 / 416
  -> temp/E1_v5b/P-mc/3_y_conditional/606__s1/mel2chord
=== [195/285] 606__s2
  [tempo] output_bpm=120.00
torch.Size([1, 416, 32]) torch.Size([1, 416, 32])
Yinyang Sampling
Sampling 80 / 416
Sampling 90 / 416
Sampling 100 / 416
Sampling 110 / 416
Sampling 120 / 416
Sampling 130 / 416
Sampling 140 / 416
Sampling 150 / 416
Sampling 160 / 416
Sampling 170 / 416
Sampling 180 / 416
Sampling 190 / 416
Sampling 200 / 416
Sampling 210 / 416
Sampling 220 / 416
Sampling 230 / 416
Sampling 240 / 416
Sampling 250 / 416
Sampling 260 / 416
Sampling 270 / 416
Sampling 280 / 416
Sampling 290 / 416
Sampling 300 / 416
Sampling 310 / 416
Sampling 320 / 416
Sampling 330 / 416
Sampling 340 / 416
Sampling 350 / 416
Sampling 360 / 416
Sampling 370 / 416
Sampling 380 / 416
Sampling 390 / 416
Sampling 400 / 416
Sampling 410 / 416
  -> temp/E1_v5b/P-mc/3_y_conditional/606__s2/mel2chord
=== [196/285] 616__s0
  [tempo] output_bpm=120.00
torch.Size([1, 416, 32]) torch.Size([1, 416, 32])
Yinyang Sampling
Sampling 80 / 416
Sampling 90 / 416
Sampling 100 / 416
Sampling 110 / 416
Sampling 120 / 416
Sampling 130 / 416
Sampling 140 / 416
Sampling 150 / 416
Sampling 160 / 416
Sampling 170 / 416
Sampling 180 / 416
Sampling 190 / 416
Sampling 200 / 416
Sampling 210 / 416
Sampling 220 / 416
Sampling 230 / 416
Sampling 240 / 416
Sampling 250 / 416
Sampling 260 / 416
Sampling 270 / 416
Sampling 280 / 416
Sampling 290 / 416
Sampling 300 / 416
Sampling 310 / 416
Sampling 320 / 416
Sampling 330 / 416
Sampling 340 / 416
Sampling 350 / 416
Sampling 360 / 416
Sampling 370 / 416
Sampling 380 / 416
Sampling 390 / 416
Sampling 400 / 416
Sampling 410 / 416
  -> temp/E1_v5b/P-mc/3_y_conditional/616__s0/mel2chord
=== [197/285] 616__s1
  [tempo] output_bpm=120.00
torch.Size([1, 416, 32]) torch.Size([1, 416, 32])
Yinyang Sampling
Sampling 80 / 416
Sampling 90 / 416
Sampling 100 / 416
Sampling 110 / 416
Sampling 120 / 416
Sampling 130 / 416
Sampling 140 / 416
Sampling 150 / 416
Sampling 160 / 416
Sampling 170 / 416
Sampling 180 / 416
Sampling 190 / 416
Sampling 200 / 416
Sampling 210 / 416
Sampling 220 / 416
Sampling 230 / 416
Sampling 240 / 416
Sampling 250 / 416
Sampling 260 / 416
Sampling 270 / 416
Sampling 280 / 416
Sampling 290 / 416
Sampling 300 / 416
Sampling 310 / 416
Sampling 320 / 416
Sampling 330 / 416
Sampling 340 / 416
Sampling 350 / 416
Sampling 360 / 416
Sampling 370 / 416
Sampling 380 / 416
Sampling 390 / 416
Sampling 400 / 416
Sampling 410 / 416
  -> temp/E1_v5b/P-mc/3_y_conditional/616__s1/mel2chord
=== [198/285] 616__s2
  [tempo] output_bpm=120.00
torch.Size([1, 416, 32]) torch.Size([1, 416, 32])
Yinyang Sampling
Sampling 80 / 416
Sampling 90 / 416
Sampling 100 / 416
Sampling 110 / 416
Sampling 120 / 416
Sampling 130 / 416
Sampling 140 / 416
Sampling 150 / 416
Sampling 160 / 416
Sampling 170 / 416
Sampling 180 / 416
Sampling 190 / 416
Sampling 200 / 416
Sampling 210 / 416
Sampling 220 / 416
Sampling 230 / 416
Sampling 240 / 416
Sampling 250 / 416
Sampling 260 / 416
Sampling 270 / 416
Sampling 280 / 416
Sampling 290 / 416
Sampling 300 / 416
Sampling 310 / 416
Sampling 320 / 416
Sampling 330 / 416
Sampling 340 / 416
Sampling 350 / 416
Sampling 360 / 416
Sampling 370 / 416
Sampling 380 / 416
Sampling 390 / 416
Sampling 400 / 416
Sampling 410 / 416
  -> temp/E1_v5b/P-mc/3_y_conditional/616__s2/mel2chord
=== [199/285] 626__s0
  [tempo] output_bpm=120.00
torch.Size([1, 416, 32]) torch.Size([1, 416, 32])
Yinyang Sampling
Sampling 80 / 416
Sampling 90 / 416
Sampling 100 / 416
Sampling 110 / 416
Sampling 120 / 416
Sampling 130 / 416
Sampling 140 / 416
Sampling 150 / 416
Sampling 160 / 416
Sampling 170 / 416
Sampling 180 / 416
Sampling 190 / 416
Sampling 200 / 416
Sampling 210 / 416
Sampling 220 / 416
Sampling 230 / 416
Sampling 240 / 416
Sampling 250 / 416
Sampling 260 / 416
Sampling 270 / 416
Sampling 280 / 416
Sampling 290 / 416
Sampling 300 / 416
Sampling 310 / 416
Sampling 320 / 416
Sampling 330 / 416
Sampling 340 / 416
Sampling 350 / 416
Sampling 360 / 416
Sampling 370 / 416
Sampling 380 / 416
Sampling 390 / 416
Sampling 400 / 416
Sampling 410 / 416
  -> temp/E1_v5b/P-mc/3_y_conditional/626__s0/mel2chord
=== [200/285] 626__s1
  [tempo] output_bpm=120.00
torch.Size([1, 416, 32]) torch.Size([1, 416, 32])
Yinyang Sampling
Sampling 80 / 416
Sampling 90 / 416
Sampling 100 / 416
Sampling 110 / 416
Sampling 120 / 416
Sampling 130 / 416
Sampling 140 / 416
Sampling 150 / 416
Sampling 160 / 416
Sampling 170 / 416
Sampling 180 / 416
Sampling 190 / 416
Sampling 200 / 416
Sampling 210 / 416
Sampling 220 / 416
Sampling 230 / 416
Sampling 240 / 416
Sampling 250 / 416
Sampling 260 / 416
Sampling 270 / 416
Sampling 280 / 416
Sampling 290 / 416
Sampling 300 / 416
Sampling 310 / 416
Sampling 320 / 416
Sampling 330 / 416
Sampling 340 / 416
Sampling 350 / 416
Sampling 360 / 416
Sampling 370 / 416
Sampling 380 / 416
Sampling 390 / 416
Sampling 400 / 416
Sampling 410 / 416
  -> temp/E1_v5b/P-mc/3_y_conditional/626__s1/mel2chord
=== [201/285] 626__s2
  [tempo] output_bpm=120.00
torch.Size([1, 416, 32]) torch.Size([1, 416, 32])
Yinyang Sampling
Sampling 80 / 416
Sampling 90 / 416
Sampling 100 / 416
Sampling 110 / 416
Sampling 120 / 416
Sampling 130 / 416
Sampling 140 / 416
Sampling 150 / 416
Sampling 160 / 416
Sampling 170 / 416
Sampling 180 / 416
Sampling 190 / 416
Sampling 200 / 416
Sampling 210 / 416
Sampling 220 / 416
Sampling 230 / 416
Sampling 240 / 416
Sampling 250 / 416
Sampling 260 / 416
Sampling 270 / 416
Sampling 280 / 416
Sampling 290 / 416
Sampling 300 / 416
Sampling 310 / 416
Sampling 320 / 416
Sampling 330 / 416
Sampling 340 / 416
Sampling 350 / 416
Sampling 360 / 416
Sampling 370 / 416
Sampling 380 / 416
Sampling 390 / 416
Sampling 400 / 416
Sampling 410 / 416
  -> temp/E1_v5b/P-mc/3_y_conditional/626__s2/mel2chord
=== [202/285] 636__s0
  [tempo] output_bpm=120.00
torch.Size([1, 416, 32]) torch.Size([1, 416, 32])
Yinyang Sampling
Sampling 80 / 416
Sampling 90 / 416
Sampling 100 / 416
Sampling 110 / 416
Sampling 120 / 416
Sampling 130 / 416
Sampling 140 / 416
Sampling 150 / 416
Sampling 160 / 416
Sampling 170 / 416
Sampling 180 / 416
Sampling 190 / 416
Sampling 200 / 416
Sampling 210 / 416
Sampling 220 / 416
Sampling 230 / 416
Sampling 240 / 416
Sampling 250 / 416
Sampling 260 / 416
Sampling 270 / 416
Sampling 280 / 416
Sampling 290 / 416
Sampling 300 / 416
Sampling 310 / 416
Sampling 320 / 416
Sampling 330 / 416
Sampling 340 / 416
Sampling 350 / 416
Sampling 360 / 416
Sampling 370 / 416
Sampling 380 / 416
Sampling 390 / 416
Sampling 400 / 416
Sampling 410 / 416
  -> temp/E1_v5b/P-mc/3_y_conditional/636__s0/mel2chord
=== [203/285] 636__s1
  [tempo] output_bpm=120.00
torch.Size([1, 416, 32]) torch.Size([1, 416, 32])
Yinyang Sampling
Sampling 80 / 416
Sampling 90 / 416
Sampling 100 / 416
Sampling 110 / 416
Sampling 120 / 416
Sampling 130 / 416
Sampling 140 / 416
Sampling 150 / 416
Sampling 160 / 416
Sampling 170 / 416
Sampling 180 / 416
Sampling 190 / 416
Sampling 200 / 416
Sampling 210 / 416
Sampling 220 / 416
Sampling 230 / 416
Sampling 240 / 416
Sampling 250 / 416
Sampling 260 / 416
Sampling 270 / 416
Sampling 280 / 416
Sampling 290 / 416
Sampling 300 / 416
Sampling 310 / 416
Sampling 320 / 416
Sampling 330 / 416
Sampling 340 / 416
Sampling 350 / 416
Sampling 360 / 416
Sampling 370 / 416
Sampling 380 / 416
Sampling 390 / 416
Sampling 400 / 416
Sampling 410 / 416
  -> temp/E1_v5b/P-mc/3_y_conditional/636__s1/mel2chord
=== [204/285] 636__s2
  [tempo] output_bpm=120.00
torch.Size([1, 416, 32]) torch.Size([1, 416, 32])
Yinyang Sampling
Sampling 80 / 416
Sampling 90 / 416
Sampling 100 / 416
Sampling 110 / 416
Sampling 120 / 416
Sampling 130 / 416
Sampling 140 / 416
Sampling 150 / 416
Sampling 160 / 416
Sampling 170 / 416
Sampling 180 / 416
Sampling 190 / 416
Sampling 200 / 416
Sampling 210 / 416
Sampling 220 / 416
Sampling 230 / 416
Sampling 240 / 416
Sampling 250 / 416
Sampling 260 / 416
Sampling 270 / 416
Sampling 280 / 416
Sampling 290 / 416
Sampling 300 / 416
Sampling 310 / 416
Sampling 320 / 416
Sampling 330 / 416
Sampling 340 / 416
Sampling 350 / 416
Sampling 360 / 416
Sampling 370 / 416
Sampling 380 / 416
Sampling 390 / 416
Sampling 400 / 416
Sampling 410 / 416
  -> temp/E1_v5b/P-mc/3_y_conditional/636__s2/mel2chord
=== [205/285] 646__s0
  [tempo] output_bpm=120.00
torch.Size([1, 416, 32]) torch.Size([1, 416, 32])
Yinyang Sampling
Sampling 80 / 416
Sampling 90 / 416
Sampling 100 / 416
Sampling 110 / 416
Sampling 120 / 416
Sampling 130 / 416
Sampling 140 / 416
Sampling 150 / 416
Sampling 160 / 416
Sampling 170 / 416
Sampling 180 / 416
Sampling 190 / 416
Sampling 200 / 416
Sampling 210 / 416
Sampling 220 / 416
Sampling 230 / 416
Sampling 240 / 416
Sampling 250 / 416
Sampling 260 / 416
Sampling 270 / 416
Sampling 280 / 416
Sampling 290 / 416
Sampling 300 / 416
Sampling 310 / 416
Sampling 320 / 416
Sampling 330 / 416
Sampling 340 / 416
Sampling 350 / 416
Sampling 360 / 416
Sampling 370 / 416
Sampling 380 / 416
Sampling 390 / 416
Sampling 400 / 416
Sampling 410 / 416
  -> temp/E1_v5b/P-mc/3_y_conditional/646__s0/mel2chord
=== [206/285] 646__s1
  [tempo] output_bpm=120.00
torch.Size([1, 416, 32]) torch.Size([1, 416, 32])
Yinyang Sampling
Sampling 80 / 416
Sampling 90 / 416
Sampling 100 / 416
Sampling 110 / 416
Sampling 120 / 416
Sampling 130 / 416
Sampling 140 / 416
Sampling 150 / 416
Sampling 160 / 416
Sampling 170 / 416
Sampling 180 / 416
Sampling 190 / 416
Sampling 200 / 416
Sampling 210 / 416
Sampling 220 / 416
Sampling 230 / 416
Sampling 240 / 416
Sampling 250 / 416
Sampling 260 / 416
Sampling 270 / 416
Sampling 280 / 416
Sampling 290 / 416
Sampling 300 / 416
Sampling 310 / 416
Sampling 320 / 416
Sampling 330 / 416
Sampling 340 / 416
Sampling 350 / 416
Sampling 360 / 416
Sampling 370 / 416
Sampling 380 / 416
Sampling 390 / 416
Sampling 400 / 416
Sampling 410 / 416
  -> temp/E1_v5b/P-mc/3_y_conditional/646__s1/mel2chord
=== [207/285] 646__s2
  [tempo] output_bpm=120.00
torch.Size([1, 416, 32]) torch.Size([1, 416, 32])
Yinyang Sampling
Sampling 80 / 416
Sampling 90 / 416
Sampling 100 / 416
Sampling 110 / 416
Sampling 120 / 416
Sampling 130 / 416
Sampling 140 / 416
Sampling 150 / 416
Sampling 160 / 416
Sampling 170 / 416
Sampling 180 / 416
Sampling 190 / 416
Sampling 200 / 416
Sampling 210 / 416
Sampling 220 / 416
Sampling 230 / 416
Sampling 240 / 416
Sampling 250 / 416
Sampling 260 / 416
Sampling 270 / 416
Sampling 280 / 416
Sampling 290 / 416
Sampling 300 / 416
Sampling 310 / 416
Sampling 320 / 416
Sampling 330 / 416
Sampling 340 / 416
Sampling 350 / 416
Sampling 360 / 416
Sampling 370 / 416
Sampling 380 / 416
Sampling 390 / 416
Sampling 400 / 416
Sampling 410 / 416
  -> temp/E1_v5b/P-mc/3_y_conditional/646__s2/mel2chord
=== [208/285] 656__s0
  [tempo] output_bpm=120.00
torch.Size([1, 416, 32]) torch.Size([1, 416, 32])
Yinyang Sampling
Sampling 80 / 416
Sampling 90 / 416
Sampling 100 / 416
Sampling 110 / 416
Sampling 120 / 416
Sampling 130 / 416
Sampling 140 / 416
Sampling 150 / 416
Sampling 160 / 416
Sampling 170 / 416
Sampling 180 / 416
Sampling 190 / 416
Sampling 200 / 416
Sampling 210 / 416
Sampling 220 / 416
Sampling 230 / 416
Sampling 240 / 416
Sampling 250 / 416
Sampling 260 / 416
Sampling 270 / 416
Sampling 280 / 416
Sampling 290 / 416
Sampling 300 / 416
Sampling 310 / 416
Sampling 320 / 416
Sampling 330 / 416
Sampling 340 / 416
Sampling 350 / 416
Sampling 360 / 416
Sampling 370 / 416
Sampling 380 / 416
Sampling 390 / 416
Sampling 400 / 416
Sampling 410 / 416
  -> temp/E1_v5b/P-mc/3_y_conditional/656__s0/mel2chord
=== [209/285] 656__s1
  [tempo] output_bpm=120.00
torch.Size([1, 416, 32]) torch.Size([1, 416, 32])
Yinyang Sampling
Sampling 80 / 416
Sampling 90 / 416
Sampling 100 / 416
Sampling 110 / 416
Sampling 120 / 416
Sampling 130 / 416
Sampling 140 / 416
Sampling 150 / 416
Sampling 160 / 416
Sampling 170 / 416
Sampling 180 / 416
Sampling 190 / 416
Sampling 200 / 416
Sampling 210 / 416
Sampling 220 / 416
Sampling 230 / 416
Sampling 240 / 416
Sampling 250 / 416
Sampling 260 / 416
Sampling 270 / 416
Sampling 280 / 416
Sampling 290 / 416
Sampling 300 / 416
Sampling 310 / 416
Sampling 320 / 416
Sampling 330 / 416
Sampling 340 / 416
Sampling 350 / 416
Sampling 360 / 416
Sampling 370 / 416
Sampling 380 / 416
Sampling 390 / 416
Sampling 400 / 416
Sampling 410 / 416
  -> temp/E1_v5b/P-mc/3_y_conditional/656__s1/mel2chord
=== [210/285] 656__s2
  [tempo] output_bpm=120.00
torch.Size([1, 416, 32]) torch.Size([1, 416, 32])
Yinyang Sampling
Sampling 80 / 416
Sampling 90 / 416
Sampling 100 / 416
Sampling 110 / 416
Sampling 120 / 416
Sampling 130 / 416
Sampling 140 / 416
Sampling 150 / 416
Sampling 160 / 416
Sampling 170 / 416
Sampling 180 / 416
Sampling 190 / 416
Sampling 200 / 416
Sampling 210 / 416
Sampling 220 / 416
Sampling 230 / 416
Sampling 240 / 416
Sampling 250 / 416
Sampling 260 / 416
Sampling 270 / 416
Sampling 280 / 416
Sampling 290 / 416
Sampling 300 / 416
Sampling 310 / 416
Sampling 320 / 416
Sampling 330 / 416
Sampling 340 / 416
Sampling 350 / 416
Sampling 360 / 416
Sampling 370 / 416
Sampling 380 / 416
Sampling 390 / 416
Sampling 400 / 416
Sampling 410 / 416
  -> temp/E1_v5b/P-mc/3_y_conditional/656__s2/mel2chord
=== [211/285] 666__s0
  [tempo] output_bpm=120.00
torch.Size([1, 416, 32]) torch.Size([1, 416, 32])
Yinyang Sampling
Sampling 80 / 416
Sampling 90 / 416
Sampling 100 / 416
Sampling 110 / 416
Sampling 120 / 416
Sampling 130 / 416
Sampling 140 / 416
Sampling 150 / 416
Sampling 160 / 416
Sampling 170 / 416
Sampling 180 / 416
Sampling 190 / 416
Sampling 200 / 416
Sampling 210 / 416
Sampling 220 / 416
Sampling 230 / 416
Sampling 240 / 416
Sampling 250 / 416
Sampling 260 / 416
Sampling 270 / 416
Sampling 280 / 416
Sampling 290 / 416
Sampling 300 / 416
Sampling 310 / 416
Sampling 320 / 416
Sampling 330 / 416
Sampling 340 / 416
Sampling 350 / 416
Sampling 360 / 416
Sampling 370 / 416
Sampling 380 / 416
Sampling 390 / 416
Sampling 400 / 416
Sampling 410 / 416
  -> temp/E1_v5b/P-mc/3_y_conditional/666__s0/mel2chord
=== [212/285] 666__s1
  [tempo] output_bpm=120.00
torch.Size([1, 416, 32]) torch.Size([1, 416, 32])
Yinyang Sampling
Sampling 80 / 416
Sampling 90 / 416
Sampling 100 / 416
Sampling 110 / 416
Sampling 120 / 416
Sampling 130 / 416
Sampling 140 / 416
Sampling 150 / 416
Sampling 160 / 416
Sampling 170 / 416
Sampling 180 / 416
Sampling 190 / 416
Sampling 200 / 416
Sampling 210 / 416
Sampling 220 / 416
Sampling 230 / 416
Sampling 240 / 416
Sampling 250 / 416
Sampling 260 / 416
Sampling 270 / 416
Sampling 280 / 416
Sampling 290 / 416
Sampling 300 / 416
Sampling 310 / 416
Sampling 320 / 416
Sampling 330 / 416
Sampling 340 / 416
Sampling 350 / 416
Sampling 360 / 416
Sampling 370 / 416
Sampling 380 / 416
Sampling 390 / 416
Sampling 400 / 416
Sampling 410 / 416
  -> temp/E1_v5b/P-mc/3_y_conditional/666__s1/mel2chord
=== [213/285] 666__s2
  [tempo] output_bpm=120.00
torch.Size([1, 416, 32]) torch.Size([1, 416, 32])
Yinyang Sampling
Sampling 80 / 416
Sampling 90 / 416
Sampling 100 / 416
Sampling 110 / 416
Sampling 120 / 416
Sampling 130 / 416
Sampling 140 / 416
Sampling 150 / 416
Sampling 160 / 416
Sampling 170 / 416
Sampling 180 / 416
Sampling 190 / 416
Sampling 200 / 416
Sampling 210 / 416
Sampling 220 / 416
Sampling 230 / 416
Sampling 240 / 416
Sampling 250 / 416
Sampling 260 / 416
Sampling 270 / 416
Sampling 280 / 416
Sampling 290 / 416
Sampling 300 / 416
Sampling 310 / 416
Sampling 320 / 416
Sampling 330 / 416
Sampling 340 / 416
Sampling 350 / 416
Sampling 360 / 416
Sampling 370 / 416
Sampling 380 / 416
Sampling 390 / 416
Sampling 400 / 416
Sampling 410 / 416
  -> temp/E1_v5b/P-mc/3_y_conditional/666__s2/mel2chord
=== [214/285] 676__s0
  [tempo] output_bpm=120.00
torch.Size([1, 416, 32]) torch.Size([1, 416, 32])
Yinyang Sampling
Sampling 80 / 416
Sampling 90 / 416
Sampling 100 / 416
Sampling 110 / 416
Sampling 120 / 416
Sampling 130 / 416
Sampling 140 / 416
Sampling 150 / 416
Sampling 160 / 416
Sampling 170 / 416
Sampling 180 / 416
Sampling 190 / 416
Sampling 200 / 416
Sampling 210 / 416
Sampling 220 / 416
Sampling 230 / 416
Sampling 240 / 416
Sampling 250 / 416
Sampling 260 / 416
Sampling 270 / 416
Sampling 280 / 416
Sampling 290 / 416
Sampling 300 / 416
Sampling 310 / 416
Sampling 320 / 416
Sampling 330 / 416
Sampling 340 / 416
Sampling 350 / 416
Sampling 360 / 416
Sampling 370 / 416
Sampling 380 / 416
Sampling 390 / 416
Sampling 400 / 416
Sampling 410 / 416
  -> temp/E1_v5b/P-mc/3_y_conditional/676__s0/mel2chord
=== [215/285] 676__s1
  [tempo] output_bpm=120.00
torch.Size([1, 416, 32]) torch.Size([1, 416, 32])
Yinyang Sampling
Sampling 80 / 416
Sampling 90 / 416
Sampling 100 / 416
Sampling 110 / 416
Sampling 120 / 416
Sampling 130 / 416
Sampling 140 / 416
Sampling 150 / 416
Sampling 160 / 416
Sampling 170 / 416
Sampling 180 / 416
Sampling 190 / 416
Sampling 200 / 416
Sampling 210 / 416
Sampling 220 / 416
Sampling 230 / 416
Sampling 240 / 416
Sampling 250 / 416
Sampling 260 / 416
Sampling 270 / 416
Sampling 280 / 416
Sampling 290 / 416
Sampling 300 / 416
Sampling 310 / 416
Sampling 320 / 416
Sampling 330 / 416
Sampling 340 / 416
Sampling 350 / 416
Sampling 360 / 416
Sampling 370 / 416
Sampling 380 / 416
Sampling 390 / 416
Sampling 400 / 416
Sampling 410 / 416
  -> temp/E1_v5b/P-mc/3_y_conditional/676__s1/mel2chord
=== [216/285] 676__s2
  [tempo] output_bpm=120.00
torch.Size([1, 416, 32]) torch.Size([1, 416, 32])
Yinyang Sampling
Sampling 80 / 416
Sampling 90 / 416
Sampling 100 / 416
Sampling 110 / 416
Sampling 120 / 416
Sampling 130 / 416
Sampling 140 / 416
Sampling 150 / 416
Sampling 160 / 416
Sampling 170 / 416
Sampling 180 / 416
Sampling 190 / 416
Sampling 200 / 416
Sampling 210 / 416
Sampling 220 / 416
Sampling 230 / 416
Sampling 240 / 416
Sampling 250 / 416
Sampling 260 / 416
Sampling 270 / 416
Sampling 280 / 416
Sampling 290 / 416
Sampling 300 / 416
Sampling 310 / 416
Sampling 320 / 416
Sampling 330 / 416
Sampling 340 / 416
Sampling 350 / 416
Sampling 360 / 416
Sampling 370 / 416
Sampling 380 / 416
Sampling 390 / 416
Sampling 400 / 416
Sampling 410 / 416
  -> temp/E1_v5b/P-mc/3_y_conditional/676__s2/mel2chord
=== [217/285] 686__s0
  [tempo] output_bpm=120.00
torch.Size([1, 416, 32]) torch.Size([1, 416, 32])
Yinyang Sampling
Sampling 80 / 416
Sampling 90 / 416
Sampling 100 / 416
Sampling 110 / 416
Sampling 120 / 416
Sampling 130 / 416
Sampling 140 / 416
Sampling 150 / 416
Sampling 160 / 416
Sampling 170 / 416
Sampling 180 / 416
Sampling 190 / 416
Sampling 200 / 416
Sampling 210 / 416
Sampling 220 / 416
Sampling 230 / 416
Sampling 240 / 416
Sampling 250 / 416
Sampling 260 / 416
Sampling 270 / 416
Sampling 280 / 416
Sampling 290 / 416
Sampling 300 / 416
Sampling 310 / 416
Sampling 320 / 416
Sampling 330 / 416
Sampling 340 / 416
Sampling 350 / 416
Sampling 360 / 416
Sampling 370 / 416
Sampling 380 / 416
Sampling 390 / 416
Sampling 400 / 416
Sampling 410 / 416
  -> temp/E1_v5b/P-mc/3_y_conditional/686__s0/mel2chord
=== [218/285] 686__s1
  [tempo] output_bpm=120.00
torch.Size([1, 416, 32]) torch.Size([1, 416, 32])
Yinyang Sampling
Sampling 80 / 416
Sampling 90 / 416
Sampling 100 / 416
Sampling 110 / 416
Sampling 120 / 416
Sampling 130 / 416
Sampling 140 / 416
Sampling 150 / 416
Sampling 160 / 416
Sampling 170 / 416
Sampling 180 / 416
Sampling 190 / 416
Sampling 200 / 416
Sampling 210 / 416
Sampling 220 / 416
Sampling 230 / 416
Sampling 240 / 416
Sampling 250 / 416
Sampling 260 / 416
Sampling 270 / 416
Sampling 280 / 416
Sampling 290 / 416
Sampling 300 / 416
Sampling 310 / 416
Sampling 320 / 416
Sampling 330 / 416
Sampling 340 / 416
Sampling 350 / 416
Sampling 360 / 416
Sampling 370 / 416
Sampling 380 / 416
Sampling 390 / 416
Sampling 400 / 416
Sampling 410 / 416
  -> temp/E1_v5b/P-mc/3_y_conditional/686__s1/mel2chord
=== [219/285] 686__s2
  [tempo] output_bpm=120.00
torch.Size([1, 416, 32]) torch.Size([1, 416, 32])
Yinyang Sampling
Sampling 80 / 416
Sampling 90 / 416
Sampling 100 / 416
Sampling 110 / 416
Sampling 120 / 416
Sampling 130 / 416
Sampling 140 / 416
Sampling 150 / 416
Sampling 160 / 416
Sampling 170 / 416
Sampling 180 / 416
Sampling 190 / 416
Sampling 200 / 416
Sampling 210 / 416
Sampling 220 / 416
Sampling 230 / 416
Sampling 240 / 416
Sampling 250 / 416
Sampling 260 / 416
Sampling 270 / 416
Sampling 280 / 416
Sampling 290 / 416
Sampling 300 / 416
Sampling 310 / 416
Sampling 320 / 416
Sampling 330 / 416
Sampling 340 / 416
Sampling 350 / 416
Sampling 360 / 416
Sampling 370 / 416
Sampling 380 / 416
Sampling 390 / 416
Sampling 400 / 416
Sampling 410 / 416
  -> temp/E1_v5b/P-mc/3_y_conditional/686__s2/mel2chord
=== [220/285] 696__s0
  [tempo] output_bpm=120.00
torch.Size([1, 416, 32]) torch.Size([1, 416, 32])
Yinyang Sampling
Sampling 80 / 416
Sampling 90 / 416
Sampling 100 / 416
Sampling 110 / 416
Sampling 120 / 416
Sampling 130 / 416
Sampling 140 / 416
Sampling 150 / 416
Sampling 160 / 416
Sampling 170 / 416
Sampling 180 / 416
Sampling 190 / 416
Sampling 200 / 416
Sampling 210 / 416
Sampling 220 / 416
Sampling 230 / 416
Sampling 240 / 416
Sampling 250 / 416
Sampling 260 / 416
Sampling 270 / 416
Sampling 280 / 416
Sampling 290 / 416
Sampling 300 / 416
Sampling 310 / 416
Sampling 320 / 416
Sampling 330 / 416
Sampling 340 / 416
Sampling 350 / 416
Sampling 360 / 416
Sampling 370 / 416
Sampling 380 / 416
Sampling 390 / 416
Sampling 400 / 416
Sampling 410 / 416
  -> temp/E1_v5b/P-mc/3_y_conditional/696__s0/mel2chord
=== [221/285] 696__s1
  [tempo] output_bpm=120.00
torch.Size([1, 416, 32]) torch.Size([1, 416, 32])
Yinyang Sampling
Sampling 80 / 416
Sampling 90 / 416
Sampling 100 / 416
Sampling 110 / 416
Sampling 120 / 416
Sampling 130 / 416
Sampling 140 / 416
Sampling 150 / 416
Sampling 160 / 416
Sampling 170 / 416
Sampling 180 / 416
Sampling 190 / 416
Sampling 200 / 416
Sampling 210 / 416
Sampling 220 / 416
Sampling 230 / 416
Sampling 240 / 416
Sampling 250 / 416
Sampling 260 / 416
Sampling 270 / 416
Sampling 280 / 416
Sampling 290 / 416
Sampling 300 / 416
Sampling 310 / 416
Sampling 320 / 416
Sampling 330 / 416
Sampling 340 / 416
Sampling 350 / 416
Sampling 360 / 416
Sampling 370 / 416
Sampling 380 / 416
Sampling 390 / 416
Sampling 400 / 416
Sampling 410 / 416
  -> temp/E1_v5b/P-mc/3_y_conditional/696__s1/mel2chord
=== [222/285] 696__s2
  [tempo] output_bpm=120.00
torch.Size([1, 416, 32]) torch.Size([1, 416, 32])
Yinyang Sampling
Sampling 80 / 416
Sampling 90 / 416
Sampling 100 / 416
Sampling 110 / 416
Sampling 120 / 416
Sampling 130 / 416
Sampling 140 / 416
Sampling 150 / 416
Sampling 160 / 416
Sampling 170 / 416
Sampling 180 / 416
Sampling 190 / 416
Sampling 200 / 416
Sampling 210 / 416
Sampling 220 / 416
Sampling 230 / 416
Sampling 240 / 416
Sampling 250 / 416
Sampling 260 / 416
Sampling 270 / 416
Sampling 280 / 416
Sampling 290 / 416
Sampling 300 / 416
Sampling 310 / 416
Sampling 320 / 416
Sampling 330 / 416
Sampling 340 / 416
Sampling 350 / 416
Sampling 360 / 416
Sampling 370 / 416
Sampling 380 / 416
Sampling 390 / 416
Sampling 400 / 416
Sampling 410 / 416
  -> temp/E1_v5b/P-mc/3_y_conditional/696__s2/mel2chord
=== [223/285] 706__s0
  [tempo] output_bpm=120.00
torch.Size([1, 416, 32]) torch.Size([1, 416, 32])
Yinyang Sampling
Sampling 80 / 416
Sampling 90 / 416
Sampling 100 / 416
Sampling 110 / 416
Sampling 120 / 416
Sampling 130 / 416
Sampling 140 / 416
Sampling 150 / 416
Sampling 160 / 416
Sampling 170 / 416
Sampling 180 / 416
Sampling 190 / 416
Sampling 200 / 416
Sampling 210 / 416
Sampling 220 / 416
Sampling 230 / 416
Sampling 240 / 416
Sampling 250 / 416
Sampling 260 / 416
Sampling 270 / 416
Sampling 280 / 416
Sampling 290 / 416
Sampling 300 / 416
Sampling 310 / 416
Sampling 320 / 416
Sampling 330 / 416
Sampling 340 / 416
Sampling 350 / 416
Sampling 360 / 416
Sampling 370 / 416
Sampling 380 / 416
Sampling 390 / 416
Sampling 400 / 416
Sampling 410 / 416
  -> temp/E1_v5b/P-mc/3_y_conditional/706__s0/mel2chord
=== [224/285] 706__s1
  [tempo] output_bpm=120.00
torch.Size([1, 416, 32]) torch.Size([1, 416, 32])
Yinyang Sampling
Sampling 80 / 416
Sampling 90 / 416
Sampling 100 / 416
Sampling 110 / 416
Sampling 120 / 416
Sampling 130 / 416
Sampling 140 / 416
Sampling 150 / 416
Sampling 160 / 416
Sampling 170 / 416
Sampling 180 / 416
Sampling 190 / 416
Sampling 200 / 416
Sampling 210 / 416
Sampling 220 / 416
Sampling 230 / 416
Sampling 240 / 416
Sampling 250 / 416
Sampling 260 / 416
Sampling 270 / 416
Sampling 280 / 416
Sampling 290 / 416
Sampling 300 / 416
Sampling 310 / 416
Sampling 320 / 416
Sampling 330 / 416
Sampling 340 / 416
Sampling 350 / 416
Sampling 360 / 416
Sampling 370 / 416
Sampling 380 / 416
Sampling 390 / 416
Sampling 400 / 416
Sampling 410 / 416
  -> temp/E1_v5b/P-mc/3_y_conditional/706__s1/mel2chord
=== [225/285] 706__s2
  [tempo] output_bpm=120.00
torch.Size([1, 416, 32]) torch.Size([1, 416, 32])
Yinyang Sampling
Sampling 80 / 416
Sampling 90 / 416
Sampling 100 / 416
Sampling 110 / 416
Sampling 120 / 416
Sampling 130 / 416
Sampling 140 / 416
Sampling 150 / 416
Sampling 160 / 416
Sampling 170 / 416
Sampling 180 / 416
Sampling 190 / 416
Sampling 200 / 416
Sampling 210 / 416
Sampling 220 / 416
Sampling 230 / 416
Sampling 240 / 416
Sampling 250 / 416
Sampling 260 / 416
Sampling 270 / 416
Sampling 280 / 416
Sampling 290 / 416
Sampling 300 / 416
Sampling 310 / 416
Sampling 320 / 416
Sampling 330 / 416
Sampling 340 / 416
Sampling 350 / 416
Sampling 360 / 416
Sampling 370 / 416
Sampling 380 / 416
Sampling 390 / 416
Sampling 400 / 416
Sampling 410 / 416
  -> temp/E1_v5b/P-mc/3_y_conditional/706__s2/mel2chord
=== [226/285] 716__s0
  [tempo] output_bpm=120.00
torch.Size([1, 416, 32]) torch.Size([1, 416, 32])
Yinyang Sampling
Sampling 80 / 416
Sampling 90 / 416
Sampling 100 / 416
Sampling 110 / 416
Sampling 120 / 416
Sampling 130 / 416
Sampling 140 / 416
Sampling 150 / 416
Sampling 160 / 416
Sampling 170 / 416
Sampling 180 / 416
Sampling 190 / 416
Sampling 200 / 416
Sampling 210 / 416
Sampling 220 / 416
Sampling 230 / 416
Sampling 240 / 416
Sampling 250 / 416
Sampling 260 / 416
Sampling 270 / 416
Sampling 280 / 416
Sampling 290 / 416
Sampling 300 / 416
Sampling 310 / 416
Sampling 320 / 416
Sampling 330 / 416
Sampling 340 / 416
Sampling 350 / 416
Sampling 360 / 416
Sampling 370 / 416
Sampling 380 / 416
Sampling 390 / 416
Sampling 400 / 416
Sampling 410 / 416
  -> temp/E1_v5b/P-mc/3_y_conditional/716__s0/mel2chord
=== [227/285] 716__s1
  [tempo] output_bpm=120.00
torch.Size([1, 416, 32]) torch.Size([1, 416, 32])
Yinyang Sampling
Sampling 80 / 416
Sampling 90 / 416
Sampling 100 / 416
Sampling 110 / 416
Sampling 120 / 416
Sampling 130 / 416
Sampling 140 / 416
Sampling 150 / 416
Sampling 160 / 416
Sampling 170 / 416
Sampling 180 / 416
Sampling 190 / 416
Sampling 200 / 416
Sampling 210 / 416
Sampling 220 / 416
Sampling 230 / 416
Sampling 240 / 416
Sampling 250 / 416
Sampling 260 / 416
Sampling 270 / 416
Sampling 280 / 416
Sampling 290 / 416
Sampling 300 / 416
Sampling 310 / 416
Sampling 320 / 416
Sampling 330 / 416
Sampling 340 / 416
Sampling 350 / 416
Sampling 360 / 416
Sampling 370 / 416
Sampling 380 / 416
Sampling 390 / 416
Sampling 400 / 416
Sampling 410 / 416
  -> temp/E1_v5b/P-mc/3_y_conditional/716__s1/mel2chord
=== [228/285] 716__s2
  [tempo] output_bpm=120.00
torch.Size([1, 416, 32]) torch.Size([1, 416, 32])
Yinyang Sampling
Sampling 80 / 416
Sampling 90 / 416
Sampling 100 / 416
Sampling 110 / 416
Sampling 120 / 416
Sampling 130 / 416
Sampling 140 / 416
Sampling 150 / 416
Sampling 160 / 416
Sampling 170 / 416
Sampling 180 / 416
Sampling 190 / 416
Sampling 200 / 416
Sampling 210 / 416
Sampling 220 / 416
Sampling 230 / 416
Sampling 240 / 416
Sampling 250 / 416
Sampling 260 / 416
Sampling 270 / 416
Sampling 280 / 416
Sampling 290 / 416
Sampling 300 / 416
Sampling 310 / 416
Sampling 320 / 416
Sampling 330 / 416
Sampling 340 / 416
Sampling 350 / 416
Sampling 360 / 416
Sampling 370 / 416
Sampling 380 / 416
Sampling 390 / 416
Sampling 400 / 416
Sampling 410 / 416
  -> temp/E1_v5b/P-mc/3_y_conditional/716__s2/mel2chord
=== [229/285] 726__s0
  [tempo] output_bpm=120.00
torch.Size([1, 416, 32]) torch.Size([1, 416, 32])
Yinyang Sampling
Sampling 80 / 416
Sampling 90 / 416
Sampling 100 / 416
Sampling 110 / 416
Sampling 120 / 416
Sampling 130 / 416
Sampling 140 / 416
Sampling 150 / 416
Sampling 160 / 416
Sampling 170 / 416
Sampling 180 / 416
Sampling 190 / 416
Sampling 200 / 416
Sampling 210 / 416
Sampling 220 / 416
Sampling 230 / 416
Sampling 240 / 416
Sampling 250 / 416
Sampling 260 / 416
Sampling 270 / 416
Sampling 280 / 416
Sampling 290 / 416
Sampling 300 / 416
Sampling 310 / 416
Sampling 320 / 416
Sampling 330 / 416
Sampling 340 / 416
Sampling 350 / 416
Sampling 360 / 416
Sampling 370 / 416
Sampling 380 / 416
Sampling 390 / 416
Sampling 400 / 416
Sampling 410 / 416
  -> temp/E1_v5b/P-mc/3_y_conditional/726__s0/mel2chord
=== [230/285] 726__s1
  [tempo] output_bpm=120.00
torch.Size([1, 416, 32]) torch.Size([1, 416, 32])
Yinyang Sampling
Sampling 80 / 416
Sampling 90 / 416
Sampling 100 / 416
Sampling 110 / 416
Sampling 120 / 416
Sampling 130 / 416
Sampling 140 / 416
Sampling 150 / 416
Sampling 160 / 416
Sampling 170 / 416
Sampling 180 / 416
Sampling 190 / 416
Sampling 200 / 416
Sampling 210 / 416
Sampling 220 / 416
Sampling 230 / 416
Sampling 240 / 416
Sampling 250 / 416
Sampling 260 / 416
Sampling 270 / 416
Sampling 280 / 416
Sampling 290 / 416
Sampling 300 / 416
Sampling 310 / 416
Sampling 320 / 416
Sampling 330 / 416
Sampling 340 / 416
Sampling 350 / 416
Sampling 360 / 416
Sampling 370 / 416
Sampling 380 / 416
Sampling 390 / 416
Sampling 400 / 416
Sampling 410 / 416
  -> temp/E1_v5b/P-mc/3_y_conditional/726__s1/mel2chord
=== [231/285] 726__s2
  [tempo] output_bpm=120.00
torch.Size([1, 416, 32]) torch.Size([1, 416, 32])
Yinyang Sampling
Sampling 80 / 416
Sampling 90 / 416
Sampling 100 / 416
Sampling 110 / 416
Sampling 120 / 416
Sampling 130 / 416
Sampling 140 / 416
Sampling 150 / 416
Sampling 160 / 416
Sampling 170 / 416
Sampling 180 / 416
Sampling 190 / 416
Sampling 200 / 416
Sampling 210 / 416
Sampling 220 / 416
Sampling 230 / 416
Sampling 240 / 416
Sampling 250 / 416
Sampling 260 / 416
Sampling 270 / 416
Sampling 280 / 416
Sampling 290 / 416
Sampling 300 / 416
Sampling 310 / 416
Sampling 320 / 416
Sampling 330 / 416
Sampling 340 / 416
Sampling 350 / 416
Sampling 360 / 416
Sampling 370 / 416
Sampling 380 / 416
Sampling 390 / 416
Sampling 400 / 416
Sampling 410 / 416
  -> temp/E1_v5b/P-mc/3_y_conditional/726__s2/mel2chord
=== [232/285] 736__s0
  [tempo] output_bpm=120.00
torch.Size([1, 416, 32]) torch.Size([1, 416, 32])
Yinyang Sampling
Sampling 80 / 416
Sampling 90 / 416
Sampling 100 / 416
Sampling 110 / 416
Sampling 120 / 416
Sampling 130 / 416
Sampling 140 / 416
Sampling 150 / 416
Sampling 160 / 416
Sampling 170 / 416
Sampling 180 / 416
Sampling 190 / 416
Sampling 200 / 416
Sampling 210 / 416
Sampling 220 / 416
Sampling 230 / 416
Sampling 240 / 416
Sampling 250 / 416
Sampling 260 / 416
Sampling 270 / 416
Sampling 280 / 416
Sampling 290 / 416
Sampling 300 / 416
Sampling 310 / 416
Sampling 320 / 416
Sampling 330 / 416
Sampling 340 / 416
Sampling 350 / 416
Sampling 360 / 416
Sampling 370 / 416
Sampling 380 / 416
Sampling 390 / 416
Sampling 400 / 416
Sampling 410 / 416
  -> temp/E1_v5b/P-mc/3_y_conditional/736__s0/mel2chord
=== [233/285] 736__s1
  [tempo] output_bpm=120.00
torch.Size([1, 416, 32]) torch.Size([1, 416, 32])
Yinyang Sampling
Sampling 80 / 416
Sampling 90 / 416
Sampling 100 / 416
Sampling 110 / 416
Sampling 120 / 416
Sampling 130 / 416
Sampling 140 / 416
Sampling 150 / 416
Sampling 160 / 416
Sampling 170 / 416
Sampling 180 / 416
Sampling 190 / 416
Sampling 200 / 416
Sampling 210 / 416
Sampling 220 / 416
Sampling 230 / 416
Sampling 240 / 416
Sampling 250 / 416
Sampling 260 / 416
Sampling 270 / 416
Sampling 280 / 416
Sampling 290 / 416
Sampling 300 / 416
Sampling 310 / 416
Sampling 320 / 416
Sampling 330 / 416
Sampling 340 / 416
Sampling 350 / 416
Sampling 360 / 416
Sampling 370 / 416
Sampling 380 / 416
Sampling 390 / 416
Sampling 400 / 416
Sampling 410 / 416
  -> temp/E1_v5b/P-mc/3_y_conditional/736__s1/mel2chord
=== [234/285] 736__s2
  [tempo] output_bpm=120.00
torch.Size([1, 416, 32]) torch.Size([1, 416, 32])
Yinyang Sampling
Sampling 80 / 416
Sampling 90 / 416
Sampling 100 / 416
Sampling 110 / 416
Sampling 120 / 416
Sampling 130 / 416
Sampling 140 / 416
Sampling 150 / 416
Sampling 160 / 416
Sampling 170 / 416
Sampling 180 / 416
Sampling 190 / 416
Sampling 200 / 416
Sampling 210 / 416
Sampling 220 / 416
Sampling 230 / 416
Sampling 240 / 416
Sampling 250 / 416
Sampling 260 / 416
Sampling 270 / 416
Sampling 280 / 416
Sampling 290 / 416
Sampling 300 / 416
Sampling 310 / 416
Sampling 320 / 416
Sampling 330 / 416
Sampling 340 / 416
Sampling 350 / 416
Sampling 360 / 416
Sampling 370 / 416
Sampling 380 / 416
Sampling 390 / 416
Sampling 400 / 416
Sampling 410 / 416
  -> temp/E1_v5b/P-mc/3_y_conditional/736__s2/mel2chord
=== [235/285] 746__s0
  [tempo] output_bpm=120.00
torch.Size([1, 416, 32]) torch.Size([1, 416, 32])
Yinyang Sampling
Sampling 80 / 416
Sampling 90 / 416
Sampling 100 / 416
Sampling 110 / 416
Sampling 120 / 416
Sampling 130 / 416
Sampling 140 / 416
Sampling 150 / 416
Sampling 160 / 416
Sampling 170 / 416
Sampling 180 / 416
Sampling 190 / 416
Sampling 200 / 416
Sampling 210 / 416
Sampling 220 / 416
Sampling 230 / 416
Sampling 240 / 416
Sampling 250 / 416
Sampling 260 / 416
Sampling 270 / 416
Sampling 280 / 416
Sampling 290 / 416
Sampling 300 / 416
Sampling 310 / 416
Sampling 320 / 416
Sampling 330 / 416
Sampling 340 / 416
Sampling 350 / 416
Sampling 360 / 416
Sampling 370 / 416
Sampling 380 / 416
Sampling 390 / 416
Sampling 400 / 416
Sampling 410 / 416
  -> temp/E1_v5b/P-mc/3_y_conditional/746__s0/mel2chord
=== [236/285] 746__s1
  [tempo] output_bpm=120.00
torch.Size([1, 416, 32]) torch.Size([1, 416, 32])
Yinyang Sampling
Sampling 80 / 416
Sampling 90 / 416
Sampling 100 / 416
Sampling 110 / 416
Sampling 120 / 416
Sampling 130 / 416
Sampling 140 / 416
Sampling 150 / 416
Sampling 160 / 416
Sampling 170 / 416
Sampling 180 / 416
Sampling 190 / 416
Sampling 200 / 416
Sampling 210 / 416
Sampling 220 / 416
Sampling 230 / 416
Sampling 240 / 416
Sampling 250 / 416
Sampling 260 / 416
Sampling 270 / 416
Sampling 280 / 416
Sampling 290 / 416
Sampling 300 / 416
Sampling 310 / 416
Sampling 320 / 416
Sampling 330 / 416
Sampling 340 / 416
Sampling 350 / 416
Sampling 360 / 416
Sampling 370 / 416
Sampling 380 / 416
Sampling 390 / 416
Sampling 400 / 416
Sampling 410 / 416
  -> temp/E1_v5b/P-mc/3_y_conditional/746__s1/mel2chord
=== [237/285] 746__s2
  [tempo] output_bpm=120.00
torch.Size([1, 416, 32]) torch.Size([1, 416, 32])
Yinyang Sampling
Sampling 80 / 416
Sampling 90 / 416
Sampling 100 / 416
Sampling 110 / 416
Sampling 120 / 416
Sampling 130 / 416
Sampling 140 / 416
Sampling 150 / 416
Sampling 160 / 416
Sampling 170 / 416
Sampling 180 / 416
Sampling 190 / 416
Sampling 200 / 416
Sampling 210 / 416
Sampling 220 / 416
Sampling 230 / 416
Sampling 240 / 416
Sampling 250 / 416
Sampling 260 / 416
Sampling 270 / 416
Sampling 280 / 416
Sampling 290 / 416
Sampling 300 / 416
Sampling 310 / 416
Sampling 320 / 416
Sampling 330 / 416
Sampling 340 / 416
Sampling 350 / 416
Sampling 360 / 416
Sampling 370 / 416
Sampling 380 / 416
Sampling 390 / 416
Sampling 400 / 416
Sampling 410 / 416
  -> temp/E1_v5b/P-mc/3_y_conditional/746__s2/mel2chord
=== [238/285] 756__s0
  [tempo] output_bpm=120.00
torch.Size([1, 416, 32]) torch.Size([1, 416, 32])
Yinyang Sampling
Sampling 80 / 416
Sampling 90 / 416
Sampling 100 / 416
Sampling 110 / 416
Sampling 120 / 416
Sampling 130 / 416
Sampling 140 / 416
Sampling 150 / 416
Sampling 160 / 416
Sampling 170 / 416
Sampling 180 / 416
Sampling 190 / 416
Sampling 200 / 416
Sampling 210 / 416
Sampling 220 / 416
Sampling 230 / 416
Sampling 240 / 416
Sampling 250 / 416
Sampling 260 / 416
Sampling 270 / 416
Sampling 280 / 416
Sampling 290 / 416
Sampling 300 / 416
Sampling 310 / 416
Sampling 320 / 416
Sampling 330 / 416
Sampling 340 / 416
Sampling 350 / 416
Sampling 360 / 416
Sampling 370 / 416
Sampling 380 / 416
Sampling 390 / 416
Sampling 400 / 416
Sampling 410 / 416
  -> temp/E1_v5b/P-mc/3_y_conditional/756__s0/mel2chord
=== [239/285] 756__s1
  [tempo] output_bpm=120.00
torch.Size([1, 416, 32]) torch.Size([1, 416, 32])
Yinyang Sampling
Sampling 80 / 416
Sampling 90 / 416
Sampling 100 / 416
Sampling 110 / 416
Sampling 120 / 416
Sampling 130 / 416
Sampling 140 / 416
Sampling 150 / 416
Sampling 160 / 416
Sampling 170 / 416
Sampling 180 / 416
Sampling 190 / 416
Sampling 200 / 416
Sampling 210 / 416
Sampling 220 / 416
Sampling 230 / 416
Sampling 240 / 416
Sampling 250 / 416
Sampling 260 / 416
Sampling 270 / 416
Sampling 280 / 416
Sampling 290 / 416
Sampling 300 / 416
Sampling 310 / 416
Sampling 320 / 416
Sampling 330 / 416
Sampling 340 / 416
Sampling 350 / 416
Sampling 360 / 416
Sampling 370 / 416
Sampling 380 / 416
Sampling 390 / 416
Sampling 400 / 416
Sampling 410 / 416
  -> temp/E1_v5b/P-mc/3_y_conditional/756__s1/mel2chord
=== [240/285] 756__s2
  [tempo] output_bpm=120.00
torch.Size([1, 416, 32]) torch.Size([1, 416, 32])
Yinyang Sampling
Sampling 80 / 416
Sampling 90 / 416
Sampling 100 / 416
Sampling 110 / 416
Sampling 120 / 416
Sampling 130 / 416
Sampling 140 / 416
Sampling 150 / 416
Sampling 160 / 416
Sampling 170 / 416
Sampling 180 / 416
Sampling 190 / 416
Sampling 200 / 416
Sampling 210 / 416
Sampling 220 / 416
Sampling 230 / 416
Sampling 240 / 416
Sampling 250 / 416
Sampling 260 / 416
Sampling 270 / 416
Sampling 280 / 416
Sampling 290 / 416
Sampling 300 / 416
Sampling 310 / 416
Sampling 320 / 416
Sampling 330 / 416
Sampling 340 / 416
Sampling 350 / 416
Sampling 360 / 416
Sampling 370 / 416
Sampling 380 / 416
Sampling 390 / 416
Sampling 400 / 416
Sampling 410 / 416
  -> temp/E1_v5b/P-mc/3_y_conditional/756__s2/mel2chord
=== [241/285] 766__s0
  [tempo] output_bpm=120.00
torch.Size([1, 416, 32]) torch.Size([1, 416, 32])
Yinyang Sampling
Sampling 80 / 416
Sampling 90 / 416
Sampling 100 / 416
Sampling 110 / 416
Sampling 120 / 416
Sampling 130 / 416
Sampling 140 / 416
Sampling 150 / 416
Sampling 160 / 416
Sampling 170 / 416
Sampling 180 / 416
Sampling 190 / 416
Sampling 200 / 416
Sampling 210 / 416
Sampling 220 / 416
Sampling 230 / 416
Sampling 240 / 416
Sampling 250 / 416
Sampling 260 / 416
Sampling 270 / 416
Sampling 280 / 416
Sampling 290 / 416
Sampling 300 / 416
Sampling 310 / 416
Sampling 320 / 416
Sampling 330 / 416
Sampling 340 / 416
Sampling 350 / 416
Sampling 360 / 416
Sampling 370 / 416
Sampling 380 / 416
Sampling 390 / 416
Sampling 400 / 416
Sampling 410 / 416
  -> temp/E1_v5b/P-mc/3_y_conditional/766__s0/mel2chord
=== [242/285] 766__s1
  [tempo] output_bpm=120.00
torch.Size([1, 416, 32]) torch.Size([1, 416, 32])
Yinyang Sampling
Sampling 80 / 416
Sampling 90 / 416
Sampling 100 / 416
Sampling 110 / 416
Sampling 120 / 416
Sampling 130 / 416
Sampling 140 / 416
Sampling 150 / 416
Sampling 160 / 416
Sampling 170 / 416
Sampling 180 / 416
Sampling 190 / 416
Sampling 200 / 416
Sampling 210 / 416
Sampling 220 / 416
Sampling 230 / 416
Sampling 240 / 416
Sampling 250 / 416
Sampling 260 / 416
Sampling 270 / 416
Sampling 280 / 416
Sampling 290 / 416
Sampling 300 / 416
Sampling 310 / 416
Sampling 320 / 416
Sampling 330 / 416
Sampling 340 / 416
Sampling 350 / 416
Sampling 360 / 416
Sampling 370 / 416
Sampling 380 / 416
Sampling 390 / 416
Sampling 400 / 416
Sampling 410 / 416
  -> temp/E1_v5b/P-mc/3_y_conditional/766__s1/mel2chord
=== [243/285] 766__s2
  [tempo] output_bpm=120.00
torch.Size([1, 416, 32]) torch.Size([1, 416, 32])
Yinyang Sampling
Sampling 80 / 416
Sampling 90 / 416
Sampling 100 / 416
Sampling 110 / 416
Sampling 120 / 416
Sampling 130 / 416
Sampling 140 / 416
Sampling 150 / 416
Sampling 160 / 416
Sampling 170 / 416
Sampling 180 / 416
Sampling 190 / 416
Sampling 200 / 416
Sampling 210 / 416
Sampling 220 / 416
Sampling 230 / 416
Sampling 240 / 416
Sampling 250 / 416
Sampling 260 / 416
Sampling 270 / 416
Sampling 280 / 416
Sampling 290 / 416
Sampling 300 / 416
Sampling 310 / 416
Sampling 320 / 416
Sampling 330 / 416
Sampling 340 / 416
Sampling 350 / 416
Sampling 360 / 416
Sampling 370 / 416
Sampling 380 / 416
Sampling 390 / 416
Sampling 400 / 416
Sampling 410 / 416
  -> temp/E1_v5b/P-mc/3_y_conditional/766__s2/mel2chord
=== [244/285] 776__s0
  [tempo] output_bpm=120.00
torch.Size([1, 416, 32]) torch.Size([1, 416, 32])
Yinyang Sampling
Sampling 80 / 416
Sampling 90 / 416
Sampling 100 / 416
Sampling 110 / 416
Sampling 120 / 416
Sampling 130 / 416
Sampling 140 / 416
Sampling 150 / 416
Sampling 160 / 416
Sampling 170 / 416
Sampling 180 / 416
Sampling 190 / 416
Sampling 200 / 416
Sampling 210 / 416
Sampling 220 / 416
Sampling 230 / 416
Sampling 240 / 416
Sampling 250 / 416
Sampling 260 / 416
Sampling 270 / 416
Sampling 280 / 416
Sampling 290 / 416
Sampling 300 / 416
Sampling 310 / 416
Sampling 320 / 416
Sampling 330 / 416
Sampling 340 / 416
Sampling 350 / 416
Sampling 360 / 416
Sampling 370 / 416
Sampling 380 / 416
Sampling 390 / 416
Sampling 400 / 416
Sampling 410 / 416
  -> temp/E1_v5b/P-mc/3_y_conditional/776__s0/mel2chord
=== [245/285] 776__s1
  [tempo] output_bpm=120.00
torch.Size([1, 416, 32]) torch.Size([1, 416, 32])
Yinyang Sampling
Sampling 80 / 416
Sampling 90 / 416
Sampling 100 / 416
Sampling 110 / 416
Sampling 120 / 416
Sampling 130 / 416
Sampling 140 / 416
Sampling 150 / 416
Sampling 160 / 416
Sampling 170 / 416
Sampling 180 / 416
Sampling 190 / 416
Sampling 200 / 416
Sampling 210 / 416
Sampling 220 / 416
Sampling 230 / 416
Sampling 240 / 416
Sampling 250 / 416
Sampling 260 / 416
Sampling 270 / 416
Sampling 280 / 416
Sampling 290 / 416
Sampling 300 / 416
Sampling 310 / 416
Sampling 320 / 416
Sampling 330 / 416
Sampling 340 / 416
Sampling 350 / 416
Sampling 360 / 416
Sampling 370 / 416
Sampling 380 / 416
Sampling 390 / 416
Sampling 400 / 416
Sampling 410 / 416
  -> temp/E1_v5b/P-mc/3_y_conditional/776__s1/mel2chord
=== [246/285] 776__s2
  [tempo] output_bpm=120.00
torch.Size([1, 416, 32]) torch.Size([1, 416, 32])
Yinyang Sampling
Sampling 80 / 416
Sampling 90 / 416
Sampling 100 / 416
Sampling 110 / 416
Sampling 120 / 416
Sampling 130 / 416
Sampling 140 / 416
Sampling 150 / 416
Sampling 160 / 416
Sampling 170 / 416
Sampling 180 / 416
Sampling 190 / 416
Sampling 200 / 416
Sampling 210 / 416
Sampling 220 / 416
Sampling 230 / 416
Sampling 240 / 416
Sampling 250 / 416
Sampling 260 / 416
Sampling 270 / 416
Sampling 280 / 416
Sampling 290 / 416
Sampling 300 / 416
Sampling 310 / 416
Sampling 320 / 416
Sampling 330 / 416
Sampling 340 / 416
Sampling 350 / 416
Sampling 360 / 416
Sampling 370 / 416
Sampling 380 / 416
Sampling 390 / 416
Sampling 400 / 416
Sampling 410 / 416
  -> temp/E1_v5b/P-mc/3_y_conditional/776__s2/mel2chord
=== [247/285] 786__s0
  [tempo] output_bpm=120.00
  failed: TypeError("'NoneType' object is not subscriptable")
  [diag] tempi=[120.0]  end=51.9s  instruments=1
  [diag]   track-0 name='MELODY' program=0 drum=False notes=81 span=3.0-51.9s
  [diag] XFMidi ok: end_time=1660.0 grid units, 1 instruments
  [diag] preprocess_midi(ins_ids=['track-0']) -> ok torch.Size([416, 64])
  [diag] preprocess_midi(ins_ids=['track-1']) -> None
  [diag] preprocess_midi(ins_ids=['track-0', 'track-1']) -> None
=== [248/285] 786__s1
  [tempo] output_bpm=120.00
  failed: TypeError("'NoneType' object is not subscriptable")
  [diag] tempi=[120.0]  end=48.9s  instruments=1
  [diag]   track-0 name='MELODY' program=0 drum=False notes=135 span=3.0-48.9s
  [diag] XFMidi ok: end_time=1564.0 grid units, 1 instruments
  [diag] preprocess_midi(ins_ids=['track-0']) -> ok torch.Size([416, 64])
  [diag] preprocess_midi(ins_ids=['track-1']) -> None
  [diag] preprocess_midi(ins_ids=['track-0', 'track-1']) -> None
=== [249/285] 786__s2
  [tempo] output_bpm=120.00
  failed: TypeError("'NoneType' object is not subscriptable")
  [diag] tempi=[120.0]  end=26.5s  instruments=1
  [diag]   track-0 name='MELODY' program=0 drum=False notes=71 span=3.0-26.5s
  [diag] XFMidi ok: end_time=848.0 grid units, 1 instruments
  [diag] preprocess_midi(ins_ids=['track-0']) -> ok torch.Size([416, 64])
  [diag] preprocess_midi(ins_ids=['track-1']) -> None
  [diag] preprocess_midi(ins_ids=['track-0', 'track-1']) -> None
=== [250/285] 796__s0
  [tempo] output_bpm=120.00
torch.Size([1, 416, 32]) torch.Size([1, 416, 32])
Yinyang Sampling
Sampling 80 / 416
Sampling 90 / 416
Sampling 100 / 416
Sampling 110 / 416
Sampling 120 / 416
Sampling 130 / 416
Sampling 140 / 416
Sampling 150 / 416
Sampling 160 / 416
Sampling 170 / 416
Sampling 180 / 416
Sampling 190 / 416
Sampling 200 / 416
Sampling 210 / 416
Sampling 220 / 416
Sampling 230 / 416
Sampling 240 / 416
Sampling 250 / 416
Sampling 260 / 416
Sampling 270 / 416
Sampling 280 / 416
Sampling 290 / 416
Sampling 300 / 416
Sampling 310 / 416
Sampling 320 / 416
Sampling 330 / 416
Sampling 340 / 416
Sampling 350 / 416
Sampling 360 / 416
Sampling 370 / 416
Sampling 380 / 416
Sampling 390 / 416
Sampling 400 / 416
Sampling 410 / 416
  -> temp/E1_v5b/P-mc/3_y_conditional/796__s0/mel2chord
=== [251/285] 796__s1
  [tempo] output_bpm=120.00
torch.Size([1, 416, 32]) torch.Size([1, 416, 32])
Yinyang Sampling
Sampling 80 / 416
Sampling 90 / 416
Sampling 100 / 416
Sampling 110 / 416
Sampling 120 / 416
Sampling 130 / 416
Sampling 140 / 416
Sampling 150 / 416
Sampling 160 / 416
Sampling 170 / 416
Sampling 180 / 416
Sampling 190 / 416
Sampling 200 / 416
Sampling 210 / 416
Sampling 220 / 416
Sampling 230 / 416
Sampling 240 / 416
Sampling 250 / 416
Sampling 260 / 416
Sampling 270 / 416
Sampling 280 / 416
Sampling 290 / 416
Sampling 300 / 416
Sampling 310 / 416
Sampling 320 / 416
Sampling 330 / 416
Sampling 340 / 416
Sampling 350 / 416
Sampling 360 / 416
Sampling 370 / 416
Sampling 380 / 416
Sampling 390 / 416
Sampling 400 / 416
Sampling 410 / 416
  -> temp/E1_v5b/P-mc/3_y_conditional/796__s1/mel2chord
=== [252/285] 796__s2
  [tempo] output_bpm=120.00
torch.Size([1, 416, 32]) torch.Size([1, 416, 32])
Yinyang Sampling
Sampling 80 / 416
Sampling 90 / 416
Sampling 100 / 416
Sampling 110 / 416
Sampling 120 / 416
Sampling 130 / 416
Sampling 140 / 416
Sampling 150 / 416
Sampling 160 / 416
Sampling 170 / 416
Sampling 180 / 416
Sampling 190 / 416
Sampling 200 / 416
Sampling 210 / 416
Sampling 220 / 416
Sampling 230 / 416
Sampling 240 / 416
Sampling 250 / 416
Sampling 260 / 416
Sampling 270 / 416
Sampling 280 / 416
Sampling 290 / 416
Sampling 300 / 416
Sampling 310 / 416
Sampling 320 / 416
Sampling 330 / 416
Sampling 340 / 416
Sampling 350 / 416
Sampling 360 / 416
Sampling 370 / 416
Sampling 380 / 416
Sampling 390 / 416
Sampling 400 / 416
Sampling 410 / 416
  -> temp/E1_v5b/P-mc/3_y_conditional/796__s2/mel2chord
=== [253/285] 806__s0
  [tempo] output_bpm=120.00
torch.Size([1, 416, 32]) torch.Size([1, 416, 32])
Yinyang Sampling
Sampling 80 / 416
Sampling 90 / 416
Sampling 100 / 416
Sampling 110 / 416
Sampling 120 / 416
Sampling 130 / 416
Sampling 140 / 416
Sampling 150 / 416
Sampling 160 / 416
Sampling 170 / 416
Sampling 180 / 416
Sampling 190 / 416
Sampling 200 / 416
Sampling 210 / 416
Sampling 220 / 416
Sampling 230 / 416
Sampling 240 / 416
Sampling 250 / 416
Sampling 260 / 416
Sampling 270 / 416
Sampling 280 / 416
Sampling 290 / 416
Sampling 300 / 416
Sampling 310 / 416
Sampling 320 / 416
Sampling 330 / 416
Sampling 340 / 416
Sampling 350 / 416
Sampling 360 / 416
Sampling 370 / 416
Sampling 380 / 416
Sampling 390 / 416
Sampling 400 / 416
Sampling 410 / 416
  -> temp/E1_v5b/P-mc/3_y_conditional/806__s0/mel2chord
=== [254/285] 806__s1
  [tempo] output_bpm=120.00
torch.Size([1, 416, 32]) torch.Size([1, 416, 32])
Yinyang Sampling
Sampling 80 / 416
Sampling 90 / 416
Sampling 100 / 416
Sampling 110 / 416
Sampling 120 / 416
Sampling 130 / 416
Sampling 140 / 416
Sampling 150 / 416
Sampling 160 / 416
Sampling 170 / 416
Sampling 180 / 416
Sampling 190 / 416
Sampling 200 / 416
Sampling 210 / 416
Sampling 220 / 416
Sampling 230 / 416
Sampling 240 / 416
Sampling 250 / 416
Sampling 260 / 416
Sampling 270 / 416
Sampling 280 / 416
Sampling 290 / 416
Sampling 300 / 416
Sampling 310 / 416
Sampling 320 / 416
Sampling 330 / 416
Sampling 340 / 416
Sampling 350 / 416
Sampling 360 / 416
Sampling 370 / 416
Sampling 380 / 416
Sampling 390 / 416
Sampling 400 / 416
Sampling 410 / 416
  -> temp/E1_v5b/P-mc/3_y_conditional/806__s1/mel2chord
=== [255/285] 806__s2
  [tempo] output_bpm=120.00
torch.Size([1, 416, 32]) torch.Size([1, 416, 32])
Yinyang Sampling
Sampling 80 / 416
Sampling 90 / 416
Sampling 100 / 416
Sampling 110 / 416
Sampling 120 / 416
Sampling 130 / 416
Sampling 140 / 416
Sampling 150 / 416
Sampling 160 / 416
Sampling 170 / 416
Sampling 180 / 416
Sampling 190 / 416
Sampling 200 / 416
Sampling 210 / 416
Sampling 220 / 416
Sampling 230 / 416
Sampling 240 / 416
Sampling 250 / 416
Sampling 260 / 416
Sampling 270 / 416
Sampling 280 / 416
Sampling 290 / 416
Sampling 300 / 416
Sampling 310 / 416
Sampling 320 / 416
Sampling 330 / 416
Sampling 340 / 416
Sampling 350 / 416
Sampling 360 / 416
Sampling 370 / 416
Sampling 380 / 416
Sampling 390 / 416
Sampling 400 / 416
Sampling 410 / 416
  -> temp/E1_v5b/P-mc/3_y_conditional/806__s2/mel2chord
=== [256/285] 816__s0
  [tempo] output_bpm=120.00
torch.Size([1, 416, 32]) torch.Size([1, 416, 32])
Yinyang Sampling
Sampling 80 / 416
Sampling 90 / 416
Sampling 100 / 416
Sampling 110 / 416
Sampling 120 / 416
Sampling 130 / 416
Sampling 140 / 416
Sampling 150 / 416
Sampling 160 / 416
Sampling 170 / 416
Sampling 180 / 416
Sampling 190 / 416
Sampling 200 / 416
Sampling 210 / 416
Sampling 220 / 416
Sampling 230 / 416
Sampling 240 / 416
Sampling 250 / 416
Sampling 260 / 416
Sampling 270 / 416
Sampling 280 / 416
Sampling 290 / 416
Sampling 300 / 416
Sampling 310 / 416
Sampling 320 / 416
Sampling 330 / 416
Sampling 340 / 416
Sampling 350 / 416
Sampling 360 / 416
Sampling 370 / 416
Sampling 380 / 416
Sampling 390 / 416
Sampling 400 / 416
Sampling 410 / 416
  -> temp/E1_v5b/P-mc/3_y_conditional/816__s0/mel2chord
=== [257/285] 816__s1
  [tempo] output_bpm=120.00
torch.Size([1, 416, 32]) torch.Size([1, 416, 32])
Yinyang Sampling
Sampling 80 / 416
Sampling 90 / 416
Sampling 100 / 416
Sampling 110 / 416
Sampling 120 / 416
Sampling 130 / 416
Sampling 140 / 416
Sampling 150 / 416
Sampling 160 / 416
Sampling 170 / 416
Sampling 180 / 416
Sampling 190 / 416
Sampling 200 / 416
Sampling 210 / 416
Sampling 220 / 416
Sampling 230 / 416
Sampling 240 / 416
Sampling 250 / 416
Sampling 260 / 416
Sampling 270 / 416
Sampling 280 / 416
Sampling 290 / 416
Sampling 300 / 416
Sampling 310 / 416
Sampling 320 / 416
Sampling 330 / 416
Sampling 340 / 416
Sampling 350 / 416
Sampling 360 / 416
Sampling 370 / 416
Sampling 380 / 416
Sampling 390 / 416
Sampling 400 / 416
Sampling 410 / 416
  -> temp/E1_v5b/P-mc/3_y_conditional/816__s1/mel2chord
=== [258/285] 816__s2
  [tempo] output_bpm=120.00
torch.Size([1, 416, 32]) torch.Size([1, 416, 32])
Yinyang Sampling
Sampling 80 / 416
Sampling 90 / 416
Sampling 100 / 416
Sampling 110 / 416
Sampling 120 / 416
Sampling 130 / 416
Sampling 140 / 416
Sampling 150 / 416
Sampling 160 / 416
Sampling 170 / 416
Sampling 180 / 416
Sampling 190 / 416
Sampling 200 / 416
Sampling 210 / 416
Sampling 220 / 416
Sampling 230 / 416
Sampling 240 / 416
Sampling 250 / 416
Sampling 260 / 416
Sampling 270 / 416
Sampling 280 / 416
Sampling 290 / 416
Sampling 300 / 416
Sampling 310 / 416
Sampling 320 / 416
Sampling 330 / 416
Sampling 340 / 416
Sampling 350 / 416
Sampling 360 / 416
Sampling 370 / 416
Sampling 380 / 416
Sampling 390 / 416
Sampling 400 / 416
Sampling 410 / 416
  -> temp/E1_v5b/P-mc/3_y_conditional/816__s2/mel2chord
=== [259/285] 826__s0
  [tempo] output_bpm=120.00
torch.Size([1, 416, 32]) torch.Size([1, 416, 32])
Yinyang Sampling
Sampling 80 / 416
Sampling 90 / 416
Sampling 100 / 416
Sampling 110 / 416
Sampling 120 / 416
Sampling 130 / 416
Sampling 140 / 416
Sampling 150 / 416
Sampling 160 / 416
Sampling 170 / 416
Sampling 180 / 416
Sampling 190 / 416
Sampling 200 / 416
Sampling 210 / 416
Sampling 220 / 416
Sampling 230 / 416
Sampling 240 / 416
Sampling 250 / 416
Sampling 260 / 416
Sampling 270 / 416
Sampling 280 / 416
Sampling 290 / 416
Sampling 300 / 416
Sampling 310 / 416
Sampling 320 / 416
Sampling 330 / 416
Sampling 340 / 416
Sampling 350 / 416
Sampling 360 / 416
Sampling 370 / 416
Sampling 380 / 416
Sampling 390 / 416
Sampling 400 / 416
Sampling 410 / 416
  -> temp/E1_v5b/P-mc/3_y_conditional/826__s0/mel2chord
=== [260/285] 826__s1
  [tempo] output_bpm=120.00
torch.Size([1, 416, 32]) torch.Size([1, 416, 32])
Yinyang Sampling
Sampling 80 / 416
Sampling 90 / 416
Sampling 100 / 416
Sampling 110 / 416
Sampling 120 / 416
Sampling 130 / 416
Sampling 140 / 416
Sampling 150 / 416
Sampling 160 / 416
Sampling 170 / 416
Sampling 180 / 416
Sampling 190 / 416
Sampling 200 / 416
Sampling 210 / 416
Sampling 220 / 416
Sampling 230 / 416
Sampling 240 / 416
Sampling 250 / 416
Sampling 260 / 416
Sampling 270 / 416
Sampling 280 / 416
Sampling 290 / 416
Sampling 300 / 416
Sampling 310 / 416
Sampling 320 / 416
Sampling 330 / 416
Sampling 340 / 416
Sampling 350 / 416
Sampling 360 / 416
Sampling 370 / 416
Sampling 380 / 416
Sampling 390 / 416
Sampling 400 / 416
Sampling 410 / 416
  -> temp/E1_v5b/P-mc/3_y_conditional/826__s1/mel2chord
=== [261/285] 826__s2
  [tempo] output_bpm=120.00
torch.Size([1, 416, 32]) torch.Size([1, 416, 32])
Yinyang Sampling
Sampling 80 / 416
Sampling 90 / 416
Sampling 100 / 416
Sampling 110 / 416
Sampling 120 / 416
Sampling 130 / 416
Sampling 140 / 416
Sampling 150 / 416
Sampling 160 / 416
Sampling 170 / 416
Sampling 180 / 416
Sampling 190 / 416
Sampling 200 / 416
Sampling 210 / 416
Sampling 220 / 416
Sampling 230 / 416
Sampling 240 / 416
Sampling 250 / 416
Sampling 260 / 416
Sampling 270 / 416
Sampling 280 / 416
Sampling 290 / 416
Sampling 300 / 416
Sampling 310 / 416
Sampling 320 / 416
Sampling 330 / 416
Sampling 340 / 416
Sampling 350 / 416
Sampling 360 / 416
Sampling 370 / 416
Sampling 380 / 416
Sampling 390 / 416
Sampling 400 / 416
Sampling 410 / 416
  -> temp/E1_v5b/P-mc/3_y_conditional/826__s2/mel2chord
=== [262/285] 836__s0
  [tempo] output_bpm=120.00
torch.Size([1, 416, 32]) torch.Size([1, 416, 32])
Yinyang Sampling
Sampling 80 / 416
Sampling 90 / 416
Sampling 100 / 416
Sampling 110 / 416
Sampling 120 / 416
Sampling 130 / 416
Sampling 140 / 416
Sampling 150 / 416
Sampling 160 / 416
Sampling 170 / 416
Sampling 180 / 416
Sampling 190 / 416
Sampling 200 / 416
Sampling 210 / 416
Sampling 220 / 416
Sampling 230 / 416
Sampling 240 / 416
Sampling 250 / 416
Sampling 260 / 416
Sampling 270 / 416
Sampling 280 / 416
Sampling 290 / 416
Sampling 300 / 416
Sampling 310 / 416
Sampling 320 / 416
Sampling 330 / 416
Sampling 340 / 416
Sampling 350 / 416
Sampling 360 / 416
Sampling 370 / 416
Sampling 380 / 416
Sampling 390 / 416
Sampling 400 / 416
Sampling 410 / 416
  -> temp/E1_v5b/P-mc/3_y_conditional/836__s0/mel2chord
=== [263/285] 836__s1
  [tempo] output_bpm=120.00
torch.Size([1, 416, 32]) torch.Size([1, 416, 32])
Yinyang Sampling
Sampling 80 / 416
Sampling 90 / 416
Sampling 100 / 416
Sampling 110 / 416
Sampling 120 / 416
Sampling 130 / 416
Sampling 140 / 416
Sampling 150 / 416
Sampling 160 / 416
Sampling 170 / 416
Sampling 180 / 416
Sampling 190 / 416
Sampling 200 / 416
Sampling 210 / 416
Sampling 220 / 416
Sampling 230 / 416
Sampling 240 / 416
Sampling 250 / 416
Sampling 260 / 416
Sampling 270 / 416
Sampling 280 / 416
Sampling 290 / 416
Sampling 300 / 416
Sampling 310 / 416
Sampling 320 / 416
Sampling 330 / 416
Sampling 340 / 416
Sampling 350 / 416
Sampling 360 / 416
Sampling 370 / 416
Sampling 380 / 416
Sampling 390 / 416
Sampling 400 / 416
Sampling 410 / 416
  -> temp/E1_v5b/P-mc/3_y_conditional/836__s1/mel2chord
=== [264/285] 836__s2
  [tempo] output_bpm=120.00
torch.Size([1, 416, 32]) torch.Size([1, 416, 32])
Yinyang Sampling
Sampling 80 / 416
Sampling 90 / 416
Sampling 100 / 416
Sampling 110 / 416
Sampling 120 / 416
Sampling 130 / 416
Sampling 140 / 416
Sampling 150 / 416
Sampling 160 / 416
Sampling 170 / 416
Sampling 180 / 416
Sampling 190 / 416
Sampling 200 / 416
Sampling 210 / 416
Sampling 220 / 416
Sampling 230 / 416
Sampling 240 / 416
Sampling 250 / 416
Sampling 260 / 416
Sampling 270 / 416
Sampling 280 / 416
Sampling 290 / 416
Sampling 300 / 416
Sampling 310 / 416
Sampling 320 / 416
Sampling 330 / 416
Sampling 340 / 416
Sampling 350 / 416
Sampling 360 / 416
Sampling 370 / 416
Sampling 380 / 416
Sampling 390 / 416
Sampling 400 / 416
Sampling 410 / 416
  -> temp/E1_v5b/P-mc/3_y_conditional/836__s2/mel2chord
=== [265/285] 846__s0
  [tempo] output_bpm=120.00
torch.Size([1, 416, 32]) torch.Size([1, 416, 32])
Yinyang Sampling
Sampling 80 / 416
Sampling 90 / 416
Sampling 100 / 416
Sampling 110 / 416
Sampling 120 / 416
Sampling 130 / 416
Sampling 140 / 416
Sampling 150 / 416
Sampling 160 / 416
Sampling 170 / 416
Sampling 180 / 416
Sampling 190 / 416
Sampling 200 / 416
Sampling 210 / 416
Sampling 220 / 416
Sampling 230 / 416
Sampling 240 / 416
Sampling 250 / 416
Sampling 260 / 416
Sampling 270 / 416
Sampling 280 / 416
Sampling 290 / 416
Sampling 300 / 416
Sampling 310 / 416
Sampling 320 / 416
Sampling 330 / 416
Sampling 340 / 416
Sampling 350 / 416
Sampling 360 / 416
Sampling 370 / 416
Sampling 380 / 416
Sampling 390 / 416
Sampling 400 / 416
Sampling 410 / 416
  -> temp/E1_v5b/P-mc/3_y_conditional/846__s0/mel2chord
=== [266/285] 846__s1
  [tempo] output_bpm=120.00
torch.Size([1, 416, 32]) torch.Size([1, 416, 32])
Yinyang Sampling
Sampling 80 / 416
Sampling 90 / 416
Sampling 100 / 416
Sampling 110 / 416
Sampling 120 / 416
Sampling 130 / 416
Sampling 140 / 416
Sampling 150 / 416
Sampling 160 / 416
Sampling 170 / 416
Sampling 180 / 416
Sampling 190 / 416
Sampling 200 / 416
Sampling 210 / 416
Sampling 220 / 416
Sampling 230 / 416
Sampling 240 / 416
Sampling 250 / 416
Sampling 260 / 416
Sampling 270 / 416
Sampling 280 / 416
Sampling 290 / 416
Sampling 300 / 416
Sampling 310 / 416
Sampling 320 / 416
Sampling 330 / 416
Sampling 340 / 416
Sampling 350 / 416
Sampling 360 / 416
Sampling 370 / 416
Sampling 380 / 416
Sampling 390 / 416
Sampling 400 / 416
Sampling 410 / 416
  -> temp/E1_v5b/P-mc/3_y_conditional/846__s1/mel2chord
=== [267/285] 846__s2
  [tempo] output_bpm=120.00
torch.Size([1, 416, 32]) torch.Size([1, 416, 32])
Yinyang Sampling
Sampling 80 / 416
Sampling 90 / 416
Sampling 100 / 416
Sampling 110 / 416
Sampling 120 / 416
Sampling 130 / 416
Sampling 140 / 416
Sampling 150 / 416
Sampling 160 / 416
Sampling 170 / 416
Sampling 180 / 416
Sampling 190 / 416
Sampling 200 / 416
Sampling 210 / 416
Sampling 220 / 416
Sampling 230 / 416
Sampling 240 / 416
Sampling 250 / 416
Sampling 260 / 416
Sampling 270 / 416
Sampling 280 / 416
Sampling 290 / 416
Sampling 300 / 416
Sampling 310 / 416
Sampling 320 / 416
Sampling 330 / 416
Sampling 340 / 416
Sampling 350 / 416
Sampling 360 / 416
Sampling 370 / 416
Sampling 380 / 416
Sampling 390 / 416
Sampling 400 / 416
Sampling 410 / 416
  -> temp/E1_v5b/P-mc/3_y_conditional/846__s2/mel2chord
=== [268/285] 856__s0
  [tempo] output_bpm=120.00
torch.Size([1, 416, 32]) torch.Size([1, 416, 32])
Yinyang Sampling
Sampling 80 / 416
Sampling 90 / 416
Sampling 100 / 416
Sampling 110 / 416
Sampling 120 / 416
Sampling 130 / 416
Sampling 140 / 416
Sampling 150 / 416
Sampling 160 / 416
Sampling 170 / 416
Sampling 180 / 416
Sampling 190 / 416
Sampling 200 / 416
Sampling 210 / 416
Sampling 220 / 416
Sampling 230 / 416
Sampling 240 / 416
Sampling 250 / 416
Sampling 260 / 416
Sampling 270 / 416
Sampling 280 / 416
Sampling 290 / 416
Sampling 300 / 416
Sampling 310 / 416
Sampling 320 / 416
Sampling 330 / 416
Sampling 340 / 416
Sampling 350 / 416
Sampling 360 / 416
Sampling 370 / 416
Sampling 380 / 416
Sampling 390 / 416
Sampling 400 / 416
Sampling 410 / 416
  -> temp/E1_v5b/P-mc/3_y_conditional/856__s0/mel2chord
=== [269/285] 856__s1
  [tempo] output_bpm=120.00
torch.Size([1, 416, 32]) torch.Size([1, 416, 32])
Yinyang Sampling
Sampling 80 / 416
Sampling 90 / 416
Sampling 100 / 416
Sampling 110 / 416
Sampling 120 / 416
Sampling 130 / 416
Sampling 140 / 416
Sampling 150 / 416
Sampling 160 / 416
Sampling 170 / 416
Sampling 180 / 416
Sampling 190 / 416
Sampling 200 / 416
Sampling 210 / 416
Sampling 220 / 416
Sampling 230 / 416
Sampling 240 / 416
Sampling 250 / 416
Sampling 260 / 416
Sampling 270 / 416
Sampling 280 / 416
Sampling 290 / 416
Sampling 300 / 416
Sampling 310 / 416
Sampling 320 / 416
Sampling 330 / 416
Sampling 340 / 416
Sampling 350 / 416
Sampling 360 / 416
Sampling 370 / 416
Sampling 380 / 416
Sampling 390 / 416
Sampling 400 / 416
Sampling 410 / 416
  -> temp/E1_v5b/P-mc/3_y_conditional/856__s1/mel2chord
=== [270/285] 856__s2
  [tempo] output_bpm=120.00
torch.Size([1, 416, 32]) torch.Size([1, 416, 32])
Yinyang Sampling
Sampling 80 / 416
Sampling 90 / 416
Sampling 100 / 416
Sampling 110 / 416
Sampling 120 / 416
Sampling 130 / 416
Sampling 140 / 416
Sampling 150 / 416
Sampling 160 / 416
Sampling 170 / 416
Sampling 180 / 416
Sampling 190 / 416
Sampling 200 / 416
Sampling 210 / 416
Sampling 220 / 416
Sampling 230 / 416
Sampling 240 / 416
Sampling 250 / 416
Sampling 260 / 416
Sampling 270 / 416
Sampling 280 / 416
Sampling 290 / 416
Sampling 300 / 416
Sampling 310 / 416
Sampling 320 / 416
Sampling 330 / 416
Sampling 340 / 416
Sampling 350 / 416
Sampling 360 / 416
Sampling 370 / 416
Sampling 380 / 416
Sampling 390 / 416
Sampling 400 / 416
Sampling 410 / 416
  -> temp/E1_v5b/P-mc/3_y_conditional/856__s2/mel2chord
=== [271/285] 866__s0
  [tempo] output_bpm=120.00
torch.Size([1, 416, 32]) torch.Size([1, 416, 32])
Yinyang Sampling
Sampling 80 / 416
Sampling 90 / 416
Sampling 100 / 416
Sampling 110 / 416
Sampling 120 / 416
Sampling 130 / 416
Sampling 140 / 416
Sampling 150 / 416
Sampling 160 / 416
Sampling 170 / 416
Sampling 180 / 416
Sampling 190 / 416
Sampling 200 / 416
Sampling 210 / 416
Sampling 220 / 416
Sampling 230 / 416
Sampling 240 / 416
Sampling 250 / 416
Sampling 260 / 416
Sampling 270 / 416
Sampling 280 / 416
Sampling 290 / 416
Sampling 300 / 416
Sampling 310 / 416
Sampling 320 / 416
Sampling 330 / 416
Sampling 340 / 416
Sampling 350 / 416
Sampling 360 / 416
Sampling 370 / 416
Sampling 380 / 416
Sampling 390 / 416
Sampling 400 / 416
Sampling 410 / 416
  -> temp/E1_v5b/P-mc/3_y_conditional/866__s0/mel2chord
=== [272/285] 866__s1
  [tempo] output_bpm=120.00
torch.Size([1, 416, 32]) torch.Size([1, 416, 32])
Yinyang Sampling
Sampling 80 / 416
Sampling 90 / 416
Sampling 100 / 416
Sampling 110 / 416
Sampling 120 / 416
Sampling 130 / 416
Sampling 140 / 416
Sampling 150 / 416
Sampling 160 / 416
Sampling 170 / 416
Sampling 180 / 416
Sampling 190 / 416
Sampling 200 / 416
Sampling 210 / 416
Sampling 220 / 416
Sampling 230 / 416
Sampling 240 / 416
Sampling 250 / 416
Sampling 260 / 416
Sampling 270 / 416
Sampling 280 / 416
Sampling 290 / 416
Sampling 300 / 416
Sampling 310 / 416
Sampling 320 / 416
Sampling 330 / 416
Sampling 340 / 416
Sampling 350 / 416
Sampling 360 / 416
Sampling 370 / 416
Sampling 380 / 416
Sampling 390 / 416
Sampling 400 / 416
Sampling 410 / 416
  -> temp/E1_v5b/P-mc/3_y_conditional/866__s1/mel2chord
=== [273/285] 866__s2
  [tempo] output_bpm=120.00
torch.Size([1, 416, 32]) torch.Size([1, 416, 32])
Yinyang Sampling
Sampling 80 / 416
Sampling 90 / 416
Sampling 100 / 416
Sampling 110 / 416
Sampling 120 / 416
Sampling 130 / 416
Sampling 140 / 416
Sampling 150 / 416
Sampling 160 / 416
Sampling 170 / 416
Sampling 180 / 416
Sampling 190 / 416
Sampling 200 / 416
Sampling 210 / 416
Sampling 220 / 416
Sampling 230 / 416
Sampling 240 / 416
Sampling 250 / 416
Sampling 260 / 416
Sampling 270 / 416
Sampling 280 / 416
Sampling 290 / 416
Sampling 300 / 416
Sampling 310 / 416
Sampling 320 / 416
Sampling 330 / 416
Sampling 340 / 416
Sampling 350 / 416
Sampling 360 / 416
Sampling 370 / 416
Sampling 380 / 416
Sampling 390 / 416
Sampling 400 / 416
Sampling 410 / 416
  -> temp/E1_v5b/P-mc/3_y_conditional/866__s2/mel2chord
=== [274/285] 876__s0
  [tempo] output_bpm=120.00
torch.Size([1, 416, 32]) torch.Size([1, 416, 32])
Yinyang Sampling
Sampling 80 / 416
Sampling 90 / 416
Sampling 100 / 416
Sampling 110 / 416
Sampling 120 / 416
Sampling 130 / 416
Sampling 140 / 416
Sampling 150 / 416
Sampling 160 / 416
Sampling 170 / 416
Sampling 180 / 416
Sampling 190 / 416
Sampling 200 / 416
Sampling 210 / 416
Sampling 220 / 416
Sampling 230 / 416
Sampling 240 / 416
Sampling 250 / 416
Sampling 260 / 416
Sampling 270 / 416
Sampling 280 / 416
Sampling 290 / 416
Sampling 300 / 416
Sampling 310 / 416
Sampling 320 / 416
Sampling 330 / 416
Sampling 340 / 416
Sampling 350 / 416
Sampling 360 / 416
Sampling 370 / 416
Sampling 380 / 416
Sampling 390 / 416
Sampling 400 / 416
Sampling 410 / 416
  -> temp/E1_v5b/P-mc/3_y_conditional/876__s0/mel2chord
=== [275/285] 876__s1
  [tempo] output_bpm=120.00
torch.Size([1, 416, 32]) torch.Size([1, 416, 32])
Yinyang Sampling
Sampling 80 / 416
Sampling 90 / 416
Sampling 100 / 416
Sampling 110 / 416
Sampling 120 / 416
Sampling 130 / 416
Sampling 140 / 416
Sampling 150 / 416
Sampling 160 / 416
Sampling 170 / 416
Sampling 180 / 416
Sampling 190 / 416
Sampling 200 / 416
Sampling 210 / 416
Sampling 220 / 416
Sampling 230 / 416
Sampling 240 / 416
Sampling 250 / 416
Sampling 260 / 416
Sampling 270 / 416
Sampling 280 / 416
Sampling 290 / 416
Sampling 300 / 416
Sampling 310 / 416
Sampling 320 / 416
Sampling 330 / 416
Sampling 340 / 416
Sampling 350 / 416
Sampling 360 / 416
Sampling 370 / 416
Sampling 380 / 416
Sampling 390 / 416
Sampling 400 / 416
Sampling 410 / 416
  -> temp/E1_v5b/P-mc/3_y_conditional/876__s1/mel2chord
=== [276/285] 876__s2
  [tempo] output_bpm=120.00
torch.Size([1, 416, 32]) torch.Size([1, 416, 32])
Yinyang Sampling
Sampling 80 / 416
Sampling 90 / 416
Sampling 100 / 416
Sampling 110 / 416
Sampling 120 / 416
Sampling 130 / 416
Sampling 140 / 416
Sampling 150 / 416
Sampling 160 / 416
Sampling 170 / 416
Sampling 180 / 416
Sampling 190 / 416
Sampling 200 / 416
Sampling 210 / 416
Sampling 220 / 416
Sampling 230 / 416
Sampling 240 / 416
Sampling 250 / 416
Sampling 260 / 416
Sampling 270 / 416
Sampling 280 / 416
Sampling 290 / 416
Sampling 300 / 416
Sampling 310 / 416
Sampling 320 / 416
Sampling 330 / 416
Sampling 340 / 416
Sampling 350 / 416
Sampling 360 / 416
Sampling 370 / 416
Sampling 380 / 416
Sampling 390 / 416
Sampling 400 / 416
Sampling 410 / 416
  -> temp/E1_v5b/P-mc/3_y_conditional/876__s2/mel2chord
=== [277/285] 886__s0
  [tempo] output_bpm=120.00
torch.Size([1, 416, 32]) torch.Size([1, 416, 32])
Yinyang Sampling
Sampling 80 / 416
Sampling 90 / 416
Sampling 100 / 416
Sampling 110 / 416
Sampling 120 / 416
Sampling 130 / 416
Sampling 140 / 416
Sampling 150 / 416
Sampling 160 / 416
Sampling 170 / 416
Sampling 180 / 416
Sampling 190 / 416
Sampling 200 / 416
Sampling 210 / 416
Sampling 220 / 416
Sampling 230 / 416
Sampling 240 / 416
Sampling 250 / 416
Sampling 260 / 416
Sampling 270 / 416
Sampling 280 / 416
Sampling 290 / 416
Sampling 300 / 416
Sampling 310 / 416
Sampling 320 / 416
Sampling 330 / 416
Sampling 340 / 416
Sampling 350 / 416
Sampling 360 / 416
Sampling 370 / 416
Sampling 380 / 416
Sampling 390 / 416
Sampling 400 / 416
Sampling 410 / 416
  -> temp/E1_v5b/P-mc/3_y_conditional/886__s0/mel2chord
=== [278/285] 886__s1
  [tempo] output_bpm=120.00
torch.Size([1, 416, 32]) torch.Size([1, 416, 32])
Yinyang Sampling
Sampling 80 / 416
Sampling 90 / 416
Sampling 100 / 416
Sampling 110 / 416
Sampling 120 / 416
Sampling 130 / 416
Sampling 140 / 416
Sampling 150 / 416
Sampling 160 / 416
Sampling 170 / 416
Sampling 180 / 416
Sampling 190 / 416
Sampling 200 / 416
Sampling 210 / 416
Sampling 220 / 416
Sampling 230 / 416
Sampling 240 / 416
Sampling 250 / 416
Sampling 260 / 416
Sampling 270 / 416
Sampling 280 / 416
Sampling 290 / 416
Sampling 300 / 416
Sampling 310 / 416
Sampling 320 / 416
Sampling 330 / 416
Sampling 340 / 416
Sampling 350 / 416
Sampling 360 / 416
Sampling 370 / 416
Sampling 380 / 416
Sampling 390 / 416
Sampling 400 / 416
Sampling 410 / 416
  -> temp/E1_v5b/P-mc/3_y_conditional/886__s1/mel2chord
=== [279/285] 886__s2
  [tempo] output_bpm=120.00
torch.Size([1, 416, 32]) torch.Size([1, 416, 32])
Yinyang Sampling
Sampling 80 / 416
Sampling 90 / 416
Sampling 100 / 416
Sampling 110 / 416
Sampling 120 / 416
Sampling 130 / 416
Sampling 140 / 416
Sampling 150 / 416
Sampling 160 / 416
Sampling 170 / 416
Sampling 180 / 416
Sampling 190 / 416
Sampling 200 / 416
Sampling 210 / 416
Sampling 220 / 416
Sampling 230 / 416
Sampling 240 / 416
Sampling 250 / 416
Sampling 260 / 416
Sampling 270 / 416
Sampling 280 / 416
Sampling 290 / 416
Sampling 300 / 416
Sampling 310 / 416
Sampling 320 / 416
Sampling 330 / 416
Sampling 340 / 416
Sampling 350 / 416
Sampling 360 / 416
Sampling 370 / 416
Sampling 380 / 416
Sampling 390 / 416
Sampling 400 / 416
Sampling 410 / 416
  -> temp/E1_v5b/P-mc/3_y_conditional/886__s2/mel2chord
=== [280/285] 896__s0
  [tempo] output_bpm=120.00
torch.Size([1, 416, 32]) torch.Size([1, 416, 32])
Yinyang Sampling
Sampling 80 / 416
Sampling 90 / 416
Sampling 100 / 416
Sampling 110 / 416
Sampling 120 / 416
Sampling 130 / 416
Sampling 140 / 416
Sampling 150 / 416
Sampling 160 / 416
Sampling 170 / 416
Sampling 180 / 416
Sampling 190 / 416
Sampling 200 / 416
Sampling 210 / 416
Sampling 220 / 416
Sampling 230 / 416
Sampling 240 / 416
Sampling 250 / 416
Sampling 260 / 416
Sampling 270 / 416
Sampling 280 / 416
Sampling 290 / 416
Sampling 300 / 416
Sampling 310 / 416
Sampling 320 / 416
Sampling 330 / 416
Sampling 340 / 416
Sampling 350 / 416
Sampling 360 / 416
Sampling 370 / 416
Sampling 380 / 416
Sampling 390 / 416
Sampling 400 / 416
Sampling 410 / 416
  -> temp/E1_v5b/P-mc/3_y_conditional/896__s0/mel2chord
=== [281/285] 896__s1
  [tempo] output_bpm=120.00
torch.Size([1, 416, 32]) torch.Size([1, 416, 32])
Yinyang Sampling
Sampling 80 / 416
Sampling 90 / 416
Sampling 100 / 416
Sampling 110 / 416
Sampling 120 / 416
Sampling 130 / 416
Sampling 140 / 416
Sampling 150 / 416
Sampling 160 / 416
Sampling 170 / 416
Sampling 180 / 416
Sampling 190 / 416
Sampling 200 / 416
Sampling 210 / 416
Sampling 220 / 416
Sampling 230 / 416
Sampling 240 / 416
Sampling 250 / 416
Sampling 260 / 416
Sampling 270 / 416
Sampling 280 / 416
Sampling 290 / 416
Sampling 300 / 416
Sampling 310 / 416
Sampling 320 / 416
Sampling 330 / 416
Sampling 340 / 416
Sampling 350 / 416
Sampling 360 / 416
Sampling 370 / 416
Sampling 380 / 416
Sampling 390 / 416
Sampling 400 / 416
Sampling 410 / 416
  -> temp/E1_v5b/P-mc/3_y_conditional/896__s1/mel2chord
=== [282/285] 896__s2
  [tempo] output_bpm=120.00
torch.Size([1, 416, 32]) torch.Size([1, 416, 32])
Yinyang Sampling
Sampling 80 / 416
Sampling 90 / 416
Sampling 100 / 416
Sampling 110 / 416
Sampling 120 / 416
Sampling 130 / 416
Sampling 140 / 416
Sampling 150 / 416
Sampling 160 / 416
Sampling 170 / 416
Sampling 180 / 416
Sampling 190 / 416
Sampling 200 / 416
Sampling 210 / 416
Sampling 220 / 416
Sampling 230 / 416
Sampling 240 / 416
Sampling 250 / 416
Sampling 260 / 416
Sampling 270 / 416
Sampling 280 / 416
Sampling 290 / 416
Sampling 300 / 416
Sampling 310 / 416
Sampling 320 / 416
Sampling 330 / 416
Sampling 340 / 416
Sampling 350 / 416
Sampling 360 / 416
Sampling 370 / 416
Sampling 380 / 416
Sampling 390 / 416
Sampling 400 / 416
Sampling 410 / 416
  -> temp/E1_v5b/P-mc/3_y_conditional/896__s2/mel2chord
=== [283/285] 906__s0
  [tempo] output_bpm=120.00
torch.Size([1, 416, 32]) torch.Size([1, 416, 32])
Yinyang Sampling
Sampling 80 / 416
Sampling 90 / 416
Sampling 100 / 416
Sampling 110 / 416
Sampling 120 / 416
Sampling 130 / 416
Sampling 140 / 416
Sampling 150 / 416
Sampling 160 / 416
Sampling 170 / 416
Sampling 180 / 416
Sampling 190 / 416
Sampling 200 / 416
Sampling 210 / 416
Sampling 220 / 416
Sampling 230 / 416
Sampling 240 / 416
Sampling 250 / 416
Sampling 260 / 416
Sampling 270 / 416
Sampling 280 / 416
Sampling 290 / 416
Sampling 300 / 416
Sampling 310 / 416
Sampling 320 / 416
Sampling 330 / 416
Sampling 340 / 416
Sampling 350 / 416
Sampling 360 / 416
Sampling 370 / 416
Sampling 380 / 416
Sampling 390 / 416
Sampling 400 / 416
Sampling 410 / 416
  -> temp/E1_v5b/P-mc/3_y_conditional/906__s0/mel2chord
=== [284/285] 906__s1
  [tempo] output_bpm=120.00
torch.Size([1, 416, 32]) torch.Size([1, 416, 32])
Yinyang Sampling
Sampling 80 / 416
Sampling 90 / 416
Sampling 100 / 416
Sampling 110 / 416
Sampling 120 / 416
Sampling 130 / 416
Sampling 140 / 416
Sampling 150 / 416
Sampling 160 / 416
Sampling 170 / 416
Sampling 180 / 416
Sampling 190 / 416
Sampling 200 / 416
Sampling 210 / 416
Sampling 220 / 416
Sampling 230 / 416
Sampling 240 / 416
Sampling 250 / 416
Sampling 260 / 416
Sampling 270 / 416
Sampling 280 / 416
Sampling 290 / 416
Sampling 300 / 416
Sampling 310 / 416
Sampling 320 / 416
Sampling 330 / 416
Sampling 340 / 416
Sampling 350 / 416
Sampling 360 / 416
Sampling 370 / 416
Sampling 380 / 416
Sampling 390 / 416
Sampling 400 / 416
Sampling 410 / 416
  -> temp/E1_v5b/P-mc/3_y_conditional/906__s1/mel2chord
=== [285/285] 906__s2
  [tempo] output_bpm=120.00
torch.Size([1, 416, 32]) torch.Size([1, 416, 32])
Yinyang Sampling
Sampling 80 / 416
Sampling 90 / 416
Sampling 100 / 416
Sampling 110 / 416
Sampling 120 / 416
Sampling 130 / 416
Sampling 140 / 416
Sampling 150 / 416
Sampling 160 / 416
Sampling 170 / 416
Sampling 180 / 416
Sampling 190 / 416
Sampling 200 / 416
Sampling 210 / 416
Sampling 220 / 416
Sampling 230 / 416
Sampling 240 / 416
Sampling 250 / 416
Sampling 260 / 416
Sampling 270 / 416
Sampling 280 / 416
Sampling 290 / 416
Sampling 300 / 416
Sampling 310 / 416
Sampling 320 / 416
Sampling 330 / 416
Sampling 340 / 416
Sampling 350 / 416
Sampling 360 / 416
Sampling 370 / 416
Sampling 380 / 416
Sampling 390 / 416
Sampling 400 / 416
Sampling 410 / 416
  -> temp/E1_v5b/P-mc/3_y_conditional/906__s2/mel2chord

done. Manifest source line:
  --source "Y:duet_multi:temp/E1_v5b/P-mc/3_y_conditional"
--- stage D: assemble duet_multi layout ---
assembled 279 sample(s) -> temp/E1_v5b/P-mc/4_final (duet_multi, mode=co)
================================================================
P-mc complete. Run tree:
  temp/E1_v5b/P-mc/
    1_stageA_specialist/  specialist continuations (raw, single stream)
    2_hybrids/            two-track inputs handed to YinYang
    3_y_conditional/      YinYang raw output tree
    4_final/              <-- SCORE THIS (duet_multi, mode=co)

Score in E1 by adding to the export list:
  EXTRA_SOURCES="P-mc:duet_multi:temp/E1_v5b/P-mc/4_final"
================================================================
